time,nof_ue,dl_brate,ul_brate,dataset_group,scenario,training_id,experiment_id,base_station_id,source_file,bs_lambda_total
1602351477723,0.0,0.0,0.0,slice_mixed,rome_slow_close,tr0,exp1,bs1,data/colosseum-oran-commag-dataset/slice_mixed/rome_slow_close/tr0/exp1/bs1/bs1.csv,0.0
1602351477973,0.0,0.0,0.0,slice_mixed,rome_slow_close,tr0,exp1,bs1,data/colosseum-oran-commag-dataset/slice_mixed/rome_slow_close/tr0/exp1/bs1/bs1.csv,0.0
1602351478223,0.0,0.0,0.0,slice_mixed,rome_slow_close,tr0,exp1,bs1,data/colosseum-oran-commag-dataset/slice_mixed/rome_slow_close/tr0/exp1/bs1/bs1.csv,0.0
1602351478473,0.0,0.0,0.0,slice_mixed,rome_slow_close,tr0,exp1,bs1,data/colosseum-oran-commag-dataset/slice_mixed/rome_slow_close/tr0/exp1/bs1/bs1.csv,0.0
1602351478723,0.0,0.0,0.0,slice_mixed,rome_slow_close,tr0,exp1,bs1,data/colosseum-oran-commag-dataset/slice_mixed/rome_slow_close/tr0/exp1/bs1/bs1.csv,0.0
1602351478973,0.0,0.0,0.0,slice_mixed,rome_slow_close,tr0,exp1,bs1,data/colosseum-oran-commag-dataset/slice_mixed/rome_slow_close/tr0/exp1/bs1/bs1.csv,0.0
1602351479223,0.0,0.0,0.0,slice_mixed,rome_slow_close,tr0,exp1,bs1,data/colosseum-oran-commag-dataset/slice_mixed/rome_slow_close/tr0/exp1/bs1/bs1.csv,0.0
1602351479473,0.0,0.0,0.0,slice_mixed,rome_slow_close,tr0,exp1,bs1,data/colosseum-oran-commag-dataset/slice_mixed/rome_slow_close/tr0/exp1/bs1/bs1.csv,0.0
1602351479723,0.0,0.0,0.0,slice_mixed,rome_slow_close,tr0,exp1,bs1,data/colosseum-oran-commag-dataset/slice_mixed/rome_slow_close/tr0/exp1/bs1/bs1.csv,0.0
1602351479973,0.0,0.0,0.0,slice_mixed,rome_slow_close,tr0,exp1,bs1,data/colosseum-oran-commag-dataset/slice_mixed/rome_slow_close/tr0/exp1/bs1/bs1.csv,0.0
1602351480223,0.0,0.0,0.0,slice_mixed,rome_slow_close,tr0,exp1,bs1,data/colosseum-oran-commag-dataset/slice_mixed/rome_slow_close/tr0/exp1/bs1/bs1.csv,0.0
1602351480473,0.0,0.0,0.0,slice_mixed,rome_slow_close,tr0,exp1,bs1,data/colosseum-oran-commag-dataset/slice_mixed/rome_slow_close/tr0/exp1/bs1/bs1.csv,0.0
1602351480723,0.0,0.0,0.0,slice_mixed,rome_slow_close,tr0,exp1,bs1,data/colosseum-oran-commag-dataset/slice_mixed/rome_slow_close/tr0/exp1/bs1/bs1.csv,0.0
1602351480973,0.0,0.0,0.0,slice_mixed,rome_slow_close,tr0,exp1,bs1,data/colosseum-oran-commag-dataset/slice_mixed/rome_slow_close/tr0/exp1/bs1/bs1.csv,0.0
1602351481223,0.0,0.0,0.0,slice_mixed,rome_slow_close,tr0,exp1,bs1,data/colosseum-oran-commag-dataset/slice_mixed/rome_slow_close/tr0/exp1/bs1/bs1.csv,0.0
1602351481473,0.0,0.0,0.0,slice_mixed,rome_slow_close,tr0,exp1,bs1,data/colosseum-oran-commag-dataset/slice_mixed/rome_slow_close/tr0/exp1/bs1/bs1.csv,0.0
1602351481723,0.0,0.0,0.0,slice_mixed,rome_slow_close,tr0,exp1,bs1,data/colosseum-oran-commag-dataset/slice_mixed/rome_slow_close/tr0/exp1/bs1/bs1.csv,0.0
1602351481973,0.0,0.0,0.0,slice_mixed,rome_slow_close,tr0,exp1,bs1,data/colosseum-oran-commag-dataset/slice_mixed/rome_slow_close/tr0/exp1/bs1/bs1.csv,0.0
1602351482223,0.0,0.0,0.0,slice_mixed,rome_slow_close,tr0,exp1,bs1,data/colosseum-oran-commag-dataset/slice_mixed/rome_slow_close/tr0/exp1/bs1/bs1.csv,0.0
1602351482473,0.0,0.0,0.0,slice_mixed,rome_slow_close,tr0,exp1,bs1,data/colosseum-oran-commag-dataset/slice_mixed/rome_slow_close/tr0/exp1/bs1/bs1.csv,0.0
1602351482723,0.0,0.0,0.0,slice_mixed,rome_slow_close,tr0,exp1,bs1,data/colosseum-oran-commag-dataset/slice_mixed/rome_slow_close/tr0/exp1/bs1/bs1.csv,0.0
1602351482973,0.0,0.0,0.0,slice_mixed,rome_slow_close,tr0,exp1,bs1,data/colosseum-oran-commag-dataset/slice_mixed/rome_slow_close/tr0/exp1/bs1/bs1.csv,0.0
1602351483223,0.0,0.0,0.0,slice_mixed,rome_slow_close,tr0,exp1,bs1,data/colosseum-oran-commag-dataset/slice_mixed/rome_slow_close/tr0/exp1/bs1/bs1.csv,0.0
1602351483473,0.0,0.0,0.0,slice_mixed,rome_slow_close,tr0,exp1,bs1,data/colosseum-oran-commag-dataset/slice_mixed/rome_slow_close/tr0/exp1/bs1/bs1.csv,0.0
1602351483723,0.0,0.0,0.0,slice_mixed,rome_slow_close,tr0,exp1,bs1,data/colosseum-oran-commag-dataset/slice_mixed/rome_slow_close/tr0/exp1/bs1/bs1.csv,0.0
1602351483973,0.0,0.0,0.0,slice_mixed,rome_slow_close,tr0,exp1,bs1,data/colosseum-oran-commag-dataset/slice_mixed/rome_slow_close/tr0/exp1/bs1/bs1.csv,0.0
1602351484223,0.0,0.0,0.0,slice_mixed,rome_slow_close,tr0,exp1,bs1,data/colosseum-oran-commag-dataset/slice_mixed/rome_slow_close/tr0/exp1/bs1/bs1.csv,0.0
1602351484473,0.0,0.0,0.0,slice_mixed,rome_slow_close,tr0,exp1,bs1,data/colosseum-oran-commag-dataset/slice_mixed/rome_slow_close/tr0/exp1/bs1/bs1.csv,0.0
1602351484723,0.0,0.0,0.0,slice_mixed,rome_slow_close,tr0,exp1,bs1,data/colosseum-oran-commag-dataset/slice_mixed/rome_slow_close/tr0/exp1/bs1/bs1.csv,0.0
1602351484973,0.0,0.0,0.0,slice_mixed,rome_slow_close,tr0,exp1,bs1,data/colosseum-oran-commag-dataset/slice_mixed/rome_slow_close/tr0/exp1/bs1/bs1.csv,0.0
1602351485223,0.0,0.0,0.0,slice_mixed,rome_slow_close,tr0,exp1,bs1,data/colosseum-oran-commag-dataset/slice_mixed/rome_slow_close/tr0/exp1/bs1/bs1.csv,0.0
1602351485473,0.0,0.0,0.0,slice_mixed,rome_slow_close,tr0,exp1,bs1,data/colosseum-oran-commag-dataset/slice_mixed/rome_slow_close/tr0/exp1/bs1/bs1.csv,0.0
1602351485723,0.0,0.0,0.0,slice_mixed,rome_slow_close,tr0,exp1,bs1,data/colosseum-oran-commag-dataset/slice_mixed/rome_slow_close/tr0/exp1/bs1/bs1.csv,0.0
1602351485973,0.0,0.0,0.0,slice_mixed,rome_slow_close,tr0,exp1,bs1,data/colosseum-oran-commag-dataset/slice_mixed/rome_slow_close/tr0/exp1/bs1/bs1.csv,0.0
1602351486223,0.0,0.0,0.0,slice_mixed,rome_slow_close,tr0,exp1,bs1,data/colosseum-oran-commag-dataset/slice_mixed/rome_slow_close/tr0/exp1/bs1/bs1.csv,0.0
1602351486473,0.0,0.0,0.0,slice_mixed,rome_slow_close,tr0,exp1,bs1,data/colosseum-oran-commag-dataset/slice_mixed/rome_slow_close/tr0/exp1/bs1/bs1.csv,0.0
1602351486723,0.0,0.0,0.0,slice_mixed,rome_slow_close,tr0,exp1,bs1,data/colosseum-oran-commag-dataset/slice_mixed/rome_slow_close/tr0/exp1/bs1/bs1.csv,0.0
1602351486973,0.0,0.0,0.0,slice_mixed,rome_slow_close,tr0,exp1,bs1,data/colosseum-oran-commag-dataset/slice_mixed/rome_slow_close/tr0/exp1/bs1/bs1.csv,0.0
1602351487223,0.0,0.0,0.0,slice_mixed,rome_slow_close,tr0,exp1,bs1,data/colosseum-oran-commag-dataset/slice_mixed/rome_slow_close/tr0/exp1/bs1/bs1.csv,0.0
1602351487473,0.0,0.0,0.0,slice_mixed,rome_slow_close,tr0,exp1,bs1,data/colosseum-oran-commag-dataset/slice_mixed/rome_slow_close/tr0/exp1/bs1/bs1.csv,0.0
1602351487723,0.0,0.0,0.0,slice_mixed,rome_slow_close,tr0,exp1,bs1,data/colosseum-oran-commag-dataset/slice_mixed/rome_slow_close/tr0/exp1/bs1/bs1.csv,0.0
1602351487973,0.0,0.0,0.0,slice_mixed,rome_slow_close,tr0,exp1,bs1,data/colosseum-oran-commag-dataset/slice_mixed/rome_slow_close/tr0/exp1/bs1/bs1.csv,0.0
1602351488223,0.0,0.0,0.0,slice_mixed,rome_slow_close,tr0,exp1,bs1,data/colosseum-oran-commag-dataset/slice_mixed/rome_slow_close/tr0/exp1/bs1/bs1.csv,0.0
1602351488473,0.0,0.0,0.0,slice_mixed,rome_slow_close,tr0,exp1,bs1,data/colosseum-oran-commag-dataset/slice_mixed/rome_slow_close/tr0/exp1/bs1/bs1.csv,0.0
1602351488723,0.0,0.0,0.0,slice_mixed,rome_slow_close,tr0,exp1,bs1,data/colosseum-oran-commag-dataset/slice_mixed/rome_slow_close/tr0/exp1/bs1/bs1.csv,0.0
1602351488973,0.0,0.0,0.0,slice_mixed,rome_slow_close,tr0,exp1,bs1,data/colosseum-oran-commag-dataset/slice_mixed/rome_slow_close/tr0/exp1/bs1/bs1.csv,0.0
1602351489223,0.0,0.0,0.0,slice_mixed,rome_slow_close,tr0,exp1,bs1,data/colosseum-oran-commag-dataset/slice_mixed/rome_slow_close/tr0/exp1/bs1/bs1.csv,0.0
1602351489473,0.0,0.0,0.0,slice_mixed,rome_slow_close,tr0,exp1,bs1,data/colosseum-oran-commag-dataset/slice_mixed/rome_slow_close/tr0/exp1/bs1/bs1.csv,0.0
1602351489723,0.0,0.0,0.0,slice_mixed,rome_slow_close,tr0,exp1,bs1,data/colosseum-oran-commag-dataset/slice_mixed/rome_slow_close/tr0/exp1/bs1/bs1.csv,0.0
1602351489973,0.0,0.0,0.0,slice_mixed,rome_slow_close,tr0,exp1,bs1,data/colosseum-oran-commag-dataset/slice_mixed/rome_slow_close/tr0/exp1/bs1/bs1.csv,0.0
1602351490223,0.0,0.0,0.0,slice_mixed,rome_slow_close,tr0,exp1,bs1,data/colosseum-oran-commag-dataset/slice_mixed/rome_slow_close/tr0/exp1/bs1/bs1.csv,0.0
1602351490473,0.0,0.0,0.0,slice_mixed,rome_slow_close,tr0,exp1,bs1,data/colosseum-oran-commag-dataset/slice_mixed/rome_slow_close/tr0/exp1/bs1/bs1.csv,0.0
1602351490723,0.0,0.0,0.0,slice_mixed,rome_slow_close,tr0,exp1,bs1,data/colosseum-oran-commag-dataset/slice_mixed/rome_slow_close/tr0/exp1/bs1/bs1.csv,0.0
1602351490973,0.0,0.0,0.0,slice_mixed,rome_slow_close,tr0,exp1,bs1,data/colosseum-oran-commag-dataset/slice_mixed/rome_slow_close/tr0/exp1/bs1/bs1.csv,0.0
1602351491223,0.0,0.0,0.0,slice_mixed,rome_slow_close,tr0,exp1,bs1,data/colosseum-oran-commag-dataset/slice_mixed/rome_slow_close/tr0/exp1/bs1/bs1.csv,0.0
1602351491473,0.0,0.0,0.0,slice_mixed,rome_slow_close,tr0,exp1,bs1,data/colosseum-oran-commag-dataset/slice_mixed/rome_slow_close/tr0/exp1/bs1/bs1.csv,0.0
1602351491723,0.0,0.0,0.0,slice_mixed,rome_slow_close,tr0,exp1,bs1,data/colosseum-oran-commag-dataset/slice_mixed/rome_slow_close/tr0/exp1/bs1/bs1.csv,0.0
1602351491973,0.0,0.0,0.0,slice_mixed,rome_slow_close,tr0,exp1,bs1,data/colosseum-oran-commag-dataset/slice_mixed/rome_slow_close/tr0/exp1/bs1/bs1.csv,0.0
1602351492223,0.0,0.0,0.0,slice_mixed,rome_slow_close,tr0,exp1,bs1,data/colosseum-oran-commag-dataset/slice_mixed/rome_slow_close/tr0/exp1/bs1/bs1.csv,0.0
1602351492473,0.0,0.0,0.0,slice_mixed,rome_slow_close,tr0,exp1,bs1,data/colosseum-oran-commag-dataset/slice_mixed/rome_slow_close/tr0/exp1/bs1/bs1.csv,0.0
1602351492723,0.0,0.0,0.0,slice_mixed,rome_slow_close,tr0,exp1,bs1,data/colosseum-oran-commag-dataset/slice_mixed/rome_slow_close/tr0/exp1/bs1/bs1.csv,0.0
1602351492973,0.0,0.0,0.0,slice_mixed,rome_slow_close,tr0,exp1,bs1,data/colosseum-oran-commag-dataset/slice_mixed/rome_slow_close/tr0/exp1/bs1/bs1.csv,0.0
1602351493223,0.0,0.0,0.0,slice_mixed,rome_slow_close,tr0,exp1,bs1,data/colosseum-oran-commag-dataset/slice_mixed/rome_slow_close/tr0/exp1/bs1/bs1.csv,0.0
1602351493473,0.0,0.0,0.0,slice_mixed,rome_slow_close,tr0,exp1,bs1,data/colosseum-oran-commag-dataset/slice_mixed/rome_slow_close/tr0/exp1/bs1/bs1.csv,0.0
1602351493723,0.0,0.0,0.0,slice_mixed,rome_slow_close,tr0,exp1,bs1,data/colosseum-oran-commag-dataset/slice_mixed/rome_slow_close/tr0/exp1/bs1/bs1.csv,0.0
1602351493973,0.0,0.0,0.0,slice_mixed,rome_slow_close,tr0,exp1,bs1,data/colosseum-oran-commag-dataset/slice_mixed/rome_slow_close/tr0/exp1/bs1/bs1.csv,0.0
1602351494223,0.0,0.0,0.0,slice_mixed,rome_slow_close,tr0,exp1,bs1,data/colosseum-oran-commag-dataset/slice_mixed/rome_slow_close/tr0/exp1/bs1/bs1.csv,0.0
1602351494473,0.0,0.0,0.0,slice_mixed,rome_slow_close,tr0,exp1,bs1,data/colosseum-oran-commag-dataset/slice_mixed/rome_slow_close/tr0/exp1/bs1/bs1.csv,0.0
1602351494723,0.0,0.0,0.0,slice_mixed,rome_slow_close,tr0,exp1,bs1,data/colosseum-oran-commag-dataset/slice_mixed/rome_slow_close/tr0/exp1/bs1/bs1.csv,0.0
1602351494973,0.0,0.0,0.0,slice_mixed,rome_slow_close,tr0,exp1,bs1,data/colosseum-oran-commag-dataset/slice_mixed/rome_slow_close/tr0/exp1/bs1/bs1.csv,0.0
1602351495223,0.0,0.0,0.0,slice_mixed,rome_slow_close,tr0,exp1,bs1,data/colosseum-oran-commag-dataset/slice_mixed/rome_slow_close/tr0/exp1/bs1/bs1.csv,0.0
1602351495473,0.0,0.0,0.0,slice_mixed,rome_slow_close,tr0,exp1,bs1,data/colosseum-oran-commag-dataset/slice_mixed/rome_slow_close/tr0/exp1/bs1/bs1.csv,0.0
1602351495723,0.0,0.0,0.0,slice_mixed,rome_slow_close,tr0,exp1,bs1,data/colosseum-oran-commag-dataset/slice_mixed/rome_slow_close/tr0/exp1/bs1/bs1.csv,0.0
1602351495973,0.0,0.0,0.0,slice_mixed,rome_slow_close,tr0,exp1,bs1,data/colosseum-oran-commag-dataset/slice_mixed/rome_slow_close/tr0/exp1/bs1/bs1.csv,0.0
1602351496223,0.0,0.0,0.0,slice_mixed,rome_slow_close,tr0,exp1,bs1,data/colosseum-oran-commag-dataset/slice_mixed/rome_slow_close/tr0/exp1/bs1/bs1.csv,0.0
1602351496473,0.0,0.0,0.0,slice_mixed,rome_slow_close,tr0,exp1,bs1,data/colosseum-oran-commag-dataset/slice_mixed/rome_slow_close/tr0/exp1/bs1/bs1.csv,0.0
1602351496723,0.0,0.0,0.0,slice_mixed,rome_slow_close,tr0,exp1,bs1,data/colosseum-oran-commag-dataset/slice_mixed/rome_slow_close/tr0/exp1/bs1/bs1.csv,0.0
1602351496973,0.0,0.0,0.0,slice_mixed,rome_slow_close,tr0,exp1,bs1,data/colosseum-oran-commag-dataset/slice_mixed/rome_slow_close/tr0/exp1/bs1/bs1.csv,0.0
1602351497223,0.0,0.0,0.0,slice_mixed,rome_slow_close,tr0,exp1,bs1,data/colosseum-oran-commag-dataset/slice_mixed/rome_slow_close/tr0/exp1/bs1/bs1.csv,0.0
1602351497473,0.0,0.0,0.0,slice_mixed,rome_slow_close,tr0,exp1,bs1,data/colosseum-oran-commag-dataset/slice_mixed/rome_slow_close/tr0/exp1/bs1/bs1.csv,0.0
1602351497723,0.0,0.0,0.0,slice_mixed,rome_slow_close,tr0,exp1,bs1,data/colosseum-oran-commag-dataset/slice_mixed/rome_slow_close/tr0/exp1/bs1/bs1.csv,0.0
1602351497973,0.0,0.0,0.0,slice_mixed,rome_slow_close,tr0,exp1,bs1,data/colosseum-oran-commag-dataset/slice_mixed/rome_slow_close/tr0/exp1/bs1/bs1.csv,0.0
1602351498223,0.0,0.0,0.0,slice_mixed,rome_slow_close,tr0,exp1,bs1,data/colosseum-oran-commag-dataset/slice_mixed/rome_slow_close/tr0/exp1/bs1/bs1.csv,0.0
1602351498473,0.0,0.0,0.0,slice_mixed,rome_slow_close,tr0,exp1,bs1,data/colosseum-oran-commag-dataset/slice_mixed/rome_slow_close/tr0/exp1/bs1/bs1.csv,0.0
1602351498723,0.0,0.0,0.0,slice_mixed,rome_slow_close,tr0,exp1,bs1,data/colosseum-oran-commag-dataset/slice_mixed/rome_slow_close/tr0/exp1/bs1/bs1.csv,0.0
1602351498973,0.0,0.0,0.0,slice_mixed,rome_slow_close,tr0,exp1,bs1,data/colosseum-oran-commag-dataset/slice_mixed/rome_slow_close/tr0/exp1/bs1/bs1.csv,0.0
1602351499223,0.0,0.0,0.0,slice_mixed,rome_slow_close,tr0,exp1,bs1,data/colosseum-oran-commag-dataset/slice_mixed/rome_slow_close/tr0/exp1/bs1/bs1.csv,0.0
1602351499473,0.0,0.0,0.0,slice_mixed,rome_slow_close,tr0,exp1,bs1,data/colosseum-oran-commag-dataset/slice_mixed/rome_slow_close/tr0/exp1/bs1/bs1.csv,0.0
1602351499723,0.0,0.0,0.0,slice_mixed,rome_slow_close,tr0,exp1,bs1,data/colosseum-oran-commag-dataset/slice_mixed/rome_slow_close/tr0/exp1/bs1/bs1.csv,0.0
1602351499973,0.0,0.0,0.0,slice_mixed,rome_slow_close,tr0,exp1,bs1,data/colosseum-oran-commag-dataset/slice_mixed/rome_slow_close/tr0/exp1/bs1/bs1.csv,0.0
1602351500223,0.0,0.0,0.0,slice_mixed,rome_slow_close,tr0,exp1,bs1,data/colosseum-oran-commag-dataset/slice_mixed/rome_slow_close/tr0/exp1/bs1/bs1.csv,0.0
1602351500473,0.0,0.0,0.0,slice_mixed,rome_slow_close,tr0,exp1,bs1,data/colosseum-oran-commag-dataset/slice_mixed/rome_slow_close/tr0/exp1/bs1/bs1.csv,0.0
1602351500723,0.0,0.0,0.0,slice_mixed,rome_slow_close,tr0,exp1,bs1,data/colosseum-oran-commag-dataset/slice_mixed/rome_slow_close/tr0/exp1/bs1/bs1.csv,0.0
1602351500973,0.0,0.0,0.0,slice_mixed,rome_slow_close,tr0,exp1,bs1,data/colosseum-oran-commag-dataset/slice_mixed/rome_slow_close/tr0/exp1/bs1/bs1.csv,0.0
1602351501223,0.0,0.0,0.0,slice_mixed,rome_slow_close,tr0,exp1,bs1,data/colosseum-oran-commag-dataset/slice_mixed/rome_slow_close/tr0/exp1/bs1/bs1.csv,0.0
1602351501473,0.0,0.0,0.0,slice_mixed,rome_slow_close,tr0,exp1,bs1,data/colosseum-oran-commag-dataset/slice_mixed/rome_slow_close/tr0/exp1/bs1/bs1.csv,0.0
1602351501723,0.0,0.0,0.0,slice_mixed,rome_slow_close,tr0,exp1,bs1,data/colosseum-oran-commag-dataset/slice_mixed/rome_slow_close/tr0/exp1/bs1/bs1.csv,0.0
1602351501973,0.0,0.0,0.0,slice_mixed,rome_slow_close,tr0,exp1,bs1,data/colosseum-oran-commag-dataset/slice_mixed/rome_slow_close/tr0/exp1/bs1/bs1.csv,0.0
1602351502223,0.0,0.0,0.0,slice_mixed,rome_slow_close,tr0,exp1,bs1,data/colosseum-oran-commag-dataset/slice_mixed/rome_slow_close/tr0/exp1/bs1/bs1.csv,0.0
1602351502473,0.0,0.0,0.0,slice_mixed,rome_slow_close,tr0,exp1,bs1,data/colosseum-oran-commag-dataset/slice_mixed/rome_slow_close/tr0/exp1/bs1/bs1.csv,0.0
1602351502723,0.0,0.0,0.0,slice_mixed,rome_slow_close,tr0,exp1,bs1,data/colosseum-oran-commag-dataset/slice_mixed/rome_slow_close/tr0/exp1/bs1/bs1.csv,0.0
1602351502973,0.0,0.0,0.0,slice_mixed,rome_slow_close,tr0,exp1,bs1,data/colosseum-oran-commag-dataset/slice_mixed/rome_slow_close/tr0/exp1/bs1/bs1.csv,0.0
1602351503223,0.0,0.0,0.0,slice_mixed,rome_slow_close,tr0,exp1,bs1,data/colosseum-oran-commag-dataset/slice_mixed/rome_slow_close/tr0/exp1/bs1/bs1.csv,0.0
1602351503473,0.0,0.0,0.0,slice_mixed,rome_slow_close,tr0,exp1,bs1,data/colosseum-oran-commag-dataset/slice_mixed/rome_slow_close/tr0/exp1/bs1/bs1.csv,0.0
1602351503724,4.0,15922.083008,3482.955566,slice_mixed,rome_slow_close,tr0,exp1,bs1,data/colosseum-oran-commag-dataset/slice_mixed/rome_slow_close/tr0/exp1/bs1/bs1.csv,19405.038574
1602351503974,6.0,8731.259766,59078.960938,slice_mixed,rome_slow_close,tr0,exp1,bs1,data/colosseum-oran-commag-dataset/slice_mixed/rome_slow_close/tr0/exp1/bs1/bs1.csv,67810.22070399999
1602351504224,9.0,13501.759766,139991.515625,slice_mixed,rome_slow_close,tr0,exp1,bs1,data/colosseum-oran-commag-dataset/slice_mixed/rome_slow_close/tr0/exp1/bs1/bs1.csv,153493.275391
1602351504474,9.0,41536.0,238336.0,slice_mixed,rome_slow_close,tr0,exp1,bs1,data/colosseum-oran-commag-dataset/slice_mixed/rome_slow_close/tr0/exp1/bs1/bs1.csv,279872.0
1602351504724,9.0,24192.773438,278971.90625,slice_mixed,rome_slow_close,tr0,exp1,bs1,data/colosseum-oran-commag-dataset/slice_mixed/rome_slow_close/tr0/exp1/bs1/bs1.csv,303164.679688
1602351504974,9.0,109504.0,385632.0,slice_mixed,rome_slow_close,tr0,exp1,bs1,data/colosseum-oran-commag-dataset/slice_mixed/rome_slow_close/tr0/exp1/bs1/bs1.csv,495136.0
1602351505224,9.0,62624.0,193184.0,slice_mixed,rome_slow_close,tr0,exp1,bs1,data/colosseum-oran-commag-dataset/slice_mixed/rome_slow_close/tr0/exp1/bs1/bs1.csv,255808.0
1602351505474,9.0,738848.0,409312.0,slice_mixed,rome_slow_close,tr0,exp1,bs1,data/colosseum-oran-commag-dataset/slice_mixed/rome_slow_close/tr0/exp1/bs1/bs1.csv,1148160.0
1602351505723,9.0,1244908.375,169625.5,slice_mixed,rome_slow_close,tr0,exp1,bs1,data/colosseum-oran-commag-dataset/slice_mixed/rome_slow_close/tr0/exp1/bs1/bs1.csv,1414533.875
1602351505974,9.0,1537856.0,135616.0,slice_mixed,rome_slow_close,tr0,exp1,bs1,data/colosseum-oran-commag-dataset/slice_mixed/rome_slow_close/tr0/exp1/bs1/bs1.csv,1673472.0
1602351506224,9.0,2452544.0,116256.0,slice_mixed,rome_slow_close,tr0,exp1,bs1,data/colosseum-oran-commag-dataset/slice_mixed/rome_slow_close/tr0/exp1/bs1/bs1.csv,2568800.0
1602351506473,9.0,902496.0,38976.0,slice_mixed,rome_slow_close,tr0,exp1,bs1,data/colosseum-oran-commag-dataset/slice_mixed/rome_slow_close/tr0/exp1/bs1/bs1.csv,941472.0
1602351506724,9.0,2518368.0,102976.0,slice_mixed,rome_slow_close,tr0,exp1,bs1,data/colosseum-oran-commag-dataset/slice_mixed/rome_slow_close/tr0/exp1/bs1/bs1.csv,2621344.0
1602351506973,9.0,2856672.0,67968.0,slice_mixed,rome_slow_close,tr0,exp1,bs1,data/colosseum-oran-commag-dataset/slice_mixed/rome_slow_close/tr0/exp1/bs1/bs1.csv,2924640.0
1602351507224,9.0,3114377.0,0.0,slice_mixed,rome_slow_close,tr0,exp1,bs1,data/colosseum-oran-commag-dataset/slice_mixed/rome_slow_close/tr0/exp1/bs1/bs1.csv,3114377.0
1602351507473,9.0,2244122.5,51526.296875,slice_mixed,rome_slow_close,tr0,exp1,bs1,data/colosseum-oran-commag-dataset/slice_mixed/rome_slow_close/tr0/exp1/bs1/bs1.csv,2295648.796875
1602351507724,9.0,3203540.5,37067.730469,slice_mixed,rome_slow_close,tr0,exp1,bs1,data/colosseum-oran-commag-dataset/slice_mixed/rome_slow_close/tr0/exp1/bs1/bs1.csv,3240608.230469
1602351507974,9.0,2267840.0,59456.0,slice_mixed,rome_slow_close,tr0,exp1,bs1,data/colosseum-oran-commag-dataset/slice_mixed/rome_slow_close/tr0/exp1/bs1/bs1.csv,2327296.0
1602351508223,9.0,2400032.25,0.0,slice_mixed,rome_slow_close,tr0,exp1,bs1,data/colosseum-oran-commag-dataset/slice_mixed/rome_slow_close/tr0/exp1/bs1/bs1.csv,2400032.25
1602351508474,9.0,2353593.75,38820.71875,slice_mixed,rome_slow_close,tr0,exp1,bs1,data/colosseum-oran-commag-dataset/slice_mixed/rome_slow_close/tr0/exp1/bs1/bs1.csv,2392414.46875
1602351508724,9.0,2310944.0,36512.0,slice_mixed,rome_slow_close,tr0,exp1,bs1,data/colosseum-oran-commag-dataset/slice_mixed/rome_slow_close/tr0/exp1/bs1/bs1.csv,2347456.0
1602351508974,9.0,2546144.0,78784.0,slice_mixed,rome_slow_close,tr0,exp1,bs1,data/colosseum-oran-commag-dataset/slice_mixed/rome_slow_close/tr0/exp1/bs1/bs1.csv,2624928.0
1602351509224,10.0,2310726.0,2101.333252,slice_mixed,rome_slow_close,tr0,exp1,bs1,data/colosseum-oran-commag-dataset/slice_mixed/rome_slow_close/tr0/exp1/bs1/bs1.csv,2312827.333252
1602351509474,10.0,2148448.0,35744.0,slice_mixed,rome_slow_close,tr0,exp1,bs1,data/colosseum-oran-commag-dataset/slice_mixed/rome_slow_close/tr0/exp1/bs1/bs1.csv,2184192.0
1602351509724,10.0,2385568.0,66624.0,slice_mixed,rome_slow_close,tr0,exp1,bs1,data/colosseum-oran-commag-dataset/slice_mixed/rome_slow_close/tr0/exp1/bs1/bs1.csv,2452192.0
1602351509974,10.0,2257413.5,66698.796875,slice_mixed,rome_slow_close,tr0,exp1,bs1,data/colosseum-oran-commag-dataset/slice_mixed/rome_slow_close/tr0/exp1/bs1/bs1.csv,2324112.296875
1602351510223,10.0,2396032.0,41952.0,slice_mixed,rome_slow_close,tr0,exp1,bs1,data/colosseum-oran-commag-dataset/slice_mixed/rome_slow_close/tr0/exp1/bs1/bs1.csv,2437984.0
1602351510474,10.0,2034688.0,76736.0,slice_mixed,rome_slow_close,tr0,exp1,bs1,data/colosseum-oran-commag-dataset/slice_mixed/rome_slow_close/tr0/exp1/bs1/bs1.csv,2111424.0
1602351510723,10.0,2133312.0,40320.0,slice_mixed,rome_slow_close,tr0,exp1,bs1,data/colosseum-oran-commag-dataset/slice_mixed/rome_slow_close/tr0/exp1/bs1/bs1.csv,2173632.0
1602351510973,10.0,2371296.0,65824.0,slice_mixed,rome_slow_close,tr0,exp1,bs1,data/colosseum-oran-commag-dataset/slice_mixed/rome_slow_close/tr0/exp1/bs1/bs1.csv,2437120.0
1602351511223,10.0,2162912.0,15872.0,slice_mixed,rome_slow_close,tr0,exp1,bs1,data/colosseum-oran-commag-dataset/slice_mixed/rome_slow_close/tr0/exp1/bs1/bs1.csv,2178784.0
1602351511473,10.0,2393664.0,51424.0,slice_mixed,rome_slow_close,tr0,exp1,bs1,data/colosseum-oran-commag-dataset/slice_mixed/rome_slow_close/tr0/exp1/bs1/bs1.csv,2445088.0
1602351511724,10.0,2166464.0,31040.0,slice_mixed,rome_slow_close,tr0,exp1,bs1,data/colosseum-oran-commag-dataset/slice_mixed/rome_slow_close/tr0/exp1/bs1/bs1.csv,2197504.0
1602351511973,10.0,2485664.0,70368.0,slice_mixed,rome_slow_close,tr0,exp1,bs1,data/colosseum-oran-commag-dataset/slice_mixed/rome_slow_close/tr0/exp1/bs1/bs1.csv,2556032.0
1602351512223,10.0,2302310.75,0.0,slice_mixed,rome_slow_close,tr0,exp1,bs1,data/colosseum-oran-commag-dataset/slice_mixed/rome_slow_close/tr0/exp1/bs1/bs1.csv,2302310.75
1602351512474,10.0,2173728.0,42144.0,slice_mixed,rome_slow_close,tr0,exp1,bs1,data/colosseum-oran-commag-dataset/slice_mixed/rome_slow_close/tr0/exp1/bs1/bs1.csv,2215872.0
1602351512723,10.0,2391424.0,30016.0,slice_mixed,rome_slow_close,tr0,exp1,bs1,data/colosseum-oran-commag-dataset/slice_mixed/rome_slow_close/tr0/exp1/bs1/bs1.csv,2421440.0
1602351512974,10.0,1983584.0,57440.0,slice_mixed,rome_slow_close,tr0,exp1,bs1,data/colosseum-oran-commag-dataset/slice_mixed/rome_slow_close/tr0/exp1/bs1/bs1.csv,2041024.0
1602351513223,10.0,2308928.0,13024.0,slice_mixed,rome_slow_close,tr0,exp1,bs1,data/colosseum-oran-commag-dataset/slice_mixed/rome_slow_close/tr0/exp1/bs1/bs1.csv,2321952.0
1602351513473,10.0,2385824.0,37440.0,slice_mixed,rome_slow_close,tr0,exp1,bs1,data/colosseum-oran-commag-dataset/slice_mixed/rome_slow_close/tr0/exp1/bs1/bs1.csv,2423264.0
1602351513723,10.0,2255008.0,43040.0,slice_mixed,rome_slow_close,tr0,exp1,bs1,data/colosseum-oran-commag-dataset/slice_mixed/rome_slow_close/tr0/exp1/bs1/bs1.csv,2298048.0
1602351513973,10.0,2478688.0,31584.0,slice_mixed,rome_slow_close,tr0,exp1,bs1,data/colosseum-oran-commag-dataset/slice_mixed/rome_slow_close/tr0/exp1/bs1/bs1.csv,2510272.0
1602351514224,10.0,2275072.0,37920.0,slice_mixed,rome_slow_close,tr0,exp1,bs1,data/colosseum-oran-commag-dataset/slice_mixed/rome_slow_close/tr0/exp1/bs1/bs1.csv,2312992.0
1602351514473,10.0,2003168.0,31008.0,slice_mixed,rome_slow_close,tr0,exp1,bs1,data/colosseum-oran-commag-dataset/slice_mixed/rome_slow_close/tr0/exp1/bs1/bs1.csv,2034176.0
1602351514724,10.0,2582688.0,41472.0,slice_mixed,rome_slow_close,tr0,exp1,bs1,data/colosseum-oran-commag-dataset/slice_mixed/rome_slow_close/tr0/exp1/bs1/bs1.csv,2624160.0
1602351514974,10.0,2583616.0,62176.0,slice_mixed,rome_slow_close,tr0,exp1,bs1,data/colosseum-oran-commag-dataset/slice_mixed/rome_slow_close/tr0/exp1/bs1/bs1.csv,2645792.0
1602351515224,10.0,2500544.0,13024.0,slice_mixed,rome_slow_close,tr0,exp1,bs1,data/colosseum-oran-commag-dataset/slice_mixed/rome_slow_close/tr0/exp1/bs1/bs1.csv,2513568.0
1602351515474,10.0,2544032.0,43104.0,slice_mixed,rome_slow_close,tr0,exp1,bs1,data/colosseum-oran-commag-dataset/slice_mixed/rome_slow_close/tr0/exp1/bs1/bs1.csv,2587136.0
1602351515724,10.0,2356192.0,37440.0,slice_mixed,rome_slow_close,tr0,exp1,bs1,data/colosseum-oran-commag-dataset/slice_mixed/rome_slow_close/tr0/exp1/bs1/bs1.csv,2393632.0
1602351515974,10.0,2154144.0,32672.0,slice_mixed,rome_slow_close,tr0,exp1,bs1,data/colosseum-oran-commag-dataset/slice_mixed/rome_slow_close/tr0/exp1/bs1/bs1.csv,2186816.0
1602351516224,10.0,2561792.0,48736.0,slice_mixed,rome_slow_close,tr0,exp1,bs1,data/colosseum-oran-commag-dataset/slice_mixed/rome_slow_close/tr0/exp1/bs1/bs1.csv,2610528.0
1602351516474,10.0,2046112.0,48160.0,slice_mixed,rome_slow_close,tr0,exp1,bs1,data/colosseum-oran-commag-dataset/slice_mixed/rome_slow_close/tr0/exp1/bs1/bs1.csv,2094272.0
1602351516724,10.0,2301504.0,38752.0,slice_mixed,rome_slow_close,tr0,exp1,bs1,data/colosseum-oran-commag-dataset/slice_mixed/rome_slow_close/tr0/exp1/bs1/bs1.csv,2340256.0
1602351516973,10.0,2362505.75,32321.285156,slice_mixed,rome_slow_close,tr0,exp1,bs1,data/colosseum-oran-commag-dataset/slice_mixed/rome_slow_close/tr0/exp1/bs1/bs1.csv,2394827.035156
1602351517223,10.0,2520128.0,55136.0,slice_mixed,rome_slow_close,tr0,exp1,bs1,data/colosseum-oran-commag-dataset/slice_mixed/rome_slow_close/tr0/exp1/bs1/bs1.csv,2575264.0
1602351517474,10.0,2365408.0,35680.0,slice_mixed,rome_slow_close,tr0,exp1,bs1,data/colosseum-oran-commag-dataset/slice_mixed/rome_slow_close/tr0/exp1/bs1/bs1.csv,2401088.0
1602351517723,10.0,2169376.0,45632.0,slice_mixed,rome_slow_close,tr0,exp1,bs1,data/colosseum-oran-commag-dataset/slice_mixed/rome_slow_close/tr0/exp1/bs1/bs1.csv,2215008.0
1602351517973,10.0,2483168.0,60992.0,slice_mixed,rome_slow_close,tr0,exp1,bs1,data/colosseum-oran-commag-dataset/slice_mixed/rome_slow_close/tr0/exp1/bs1/bs1.csv,2544160.0
1602351518223,10.0,2534752.0,0.0,slice_mixed,rome_slow_close,tr0,exp1,bs1,data/colosseum-oran-commag-dataset/slice_mixed/rome_slow_close/tr0/exp1/bs1/bs1.csv,2534752.0
1602351518474,10.0,2702560.0,68288.0,slice_mixed,rome_slow_close,tr0,exp1,bs1,data/colosseum-oran-commag-dataset/slice_mixed/rome_slow_close/tr0/exp1/bs1/bs1.csv,2770848.0
1602351518723,10.0,2355410.5,29896.414062,slice_mixed,rome_slow_close,tr0,exp1,bs1,data/colosseum-oran-commag-dataset/slice_mixed/rome_slow_close/tr0/exp1/bs1/bs1.csv,2385306.914062
1602351518973,10.0,2972384.0,57088.0,slice_mixed,rome_slow_close,tr0,exp1,bs1,data/colosseum-oran-commag-dataset/slice_mixed/rome_slow_close/tr0/exp1/bs1/bs1.csv,3029472.0
1602351519223,10.0,3139776.0,15648.0,slice_mixed,rome_slow_close,tr0,exp1,bs1,data/colosseum-oran-commag-dataset/slice_mixed/rome_slow_close/tr0/exp1/bs1/bs1.csv,3155424.0
1602351519474,10.0,2700832.0,72320.0,slice_mixed,rome_slow_close,tr0,exp1,bs1,data/colosseum-oran-commag-dataset/slice_mixed/rome_slow_close/tr0/exp1/bs1/bs1.csv,2773152.0
1602351519723,10.0,2601440.0,30624.0,slice_mixed,rome_slow_close,tr0,exp1,bs1,data/colosseum-oran-commag-dataset/slice_mixed/rome_slow_close/tr0/exp1/bs1/bs1.csv,2632064.0
1602351519973,10.0,2461344.0,29472.0,slice_mixed,rome_slow_close,tr0,exp1,bs1,data/colosseum-oran-commag-dataset/slice_mixed/rome_slow_close/tr0/exp1/bs1/bs1.csv,2490816.0
1602351520224,10.0,2045120.0,52192.0,slice_mixed,rome_slow_close,tr0,exp1,bs1,data/colosseum-oran-commag-dataset/slice_mixed/rome_slow_close/tr0/exp1/bs1/bs1.csv,2097312.0
1602351520473,10.0,2751008.0,42208.0,slice_mixed,rome_slow_close,tr0,exp1,bs1,data/colosseum-oran-commag-dataset/slice_mixed/rome_slow_close/tr0/exp1/bs1/bs1.csv,2793216.0
1602351520724,10.0,2351584.0,37856.0,slice_mixed,rome_slow_close,tr0,exp1,bs1,data/colosseum-oran-commag-dataset/slice_mixed/rome_slow_close/tr0/exp1/bs1/bs1.csv,2389440.0
1602351520974,10.0,2410698.75,43373.496094,slice_mixed,rome_slow_close,tr0,exp1,bs1,data/colosseum-oran-commag-dataset/slice_mixed/rome_slow_close/tr0/exp1/bs1/bs1.csv,2454072.246094
1602351521223,10.0,2225051.75,30342.628906,slice_mixed,rome_slow_close,tr0,exp1,bs1,data/colosseum-oran-commag-dataset/slice_mixed/rome_slow_close/tr0/exp1/bs1/bs1.csv,2255394.378906
1602351521474,10.0,2035624.25,52984.546875,slice_mixed,rome_slow_close,tr0,exp1,bs1,data/colosseum-oran-commag-dataset/slice_mixed/rome_slow_close/tr0/exp1/bs1/bs1.csv,2088608.796875
1602351521724,10.0,1642102.0,25312.0,slice_mixed,rome_slow_close,tr0,exp1,bs1,data/colosseum-oran-commag-dataset/slice_mixed/rome_slow_close/tr0/exp1/bs1/bs1.csv,1667414.0
1602351521974,10.0,2204384.0,33632.0,slice_mixed,rome_slow_close,tr0,exp1,bs1,data/colosseum-oran-commag-dataset/slice_mixed/rome_slow_close/tr0/exp1/bs1/bs1.csv,2238016.0
1602351522224,10.0,1939808.0,66144.0,slice_mixed,rome_slow_close,tr0,exp1,bs1,data/colosseum-oran-commag-dataset/slice_mixed/rome_slow_close/tr0/exp1/bs1/bs1.csv,2005952.0
1602351522474,10.0,2397824.0,55072.0,slice_mixed,rome_slow_close,tr0,exp1,bs1,data/colosseum-oran-commag-dataset/slice_mixed/rome_slow_close/tr0/exp1/bs1/bs1.csv,2452896.0
1602351522724,10.0,2672640.0,28448.0,slice_mixed,rome_slow_close,tr0,exp1,bs1,data/colosseum-oran-commag-dataset/slice_mixed/rome_slow_close/tr0/exp1/bs1/bs1.csv,2701088.0
1602351522974,10.0,3743200.0,63776.0,slice_mixed,rome_slow_close,tr0,exp1,bs1,data/colosseum-oran-commag-dataset/slice_mixed/rome_slow_close/tr0/exp1/bs1/bs1.csv,3806976.0
1602351523224,10.0,3532352.0,13504.0,slice_mixed,rome_slow_close,tr0,exp1,bs1,data/colosseum-oran-commag-dataset/slice_mixed/rome_slow_close/tr0/exp1/bs1/bs1.csv,3545856.0
1602351523474,10.0,3208000.0,56608.0,slice_mixed,rome_slow_close,tr0,exp1,bs1,data/colosseum-oran-commag-dataset/slice_mixed/rome_slow_close/tr0/exp1/bs1/bs1.csv,3264608.0
1602351523723,10.0,3322024.0,0.0,slice_mixed,rome_slow_close,tr0,exp1,bs1,data/colosseum-oran-commag-dataset/slice_mixed/rome_slow_close/tr0/exp1/bs1/bs1.csv,3322024.0
1602351523973,10.0,2651776.0,72160.0,slice_mixed,rome_slow_close,tr0,exp1,bs1,data/colosseum-oran-commag-dataset/slice_mixed/rome_slow_close/tr0/exp1/bs1/bs1.csv,2723936.0
1602351524224,10.0,2355968.0,33376.0,slice_mixed,rome_slow_close,tr0,exp1,bs1,data/colosseum-oran-commag-dataset/slice_mixed/rome_slow_close/tr0/exp1/bs1/bs1.csv,2389344.0
1602351524474,10.0,2492384.0,36928.0,slice_mixed,rome_slow_close,tr0,exp1,bs1,data/colosseum-oran-commag-dataset/slice_mixed/rome_slow_close/tr0/exp1/bs1/bs1.csv,2529312.0
1602351524723,10.0,1875168.0,42656.0,slice_mixed,rome_slow_close,tr0,exp1,bs1,data/colosseum-oran-commag-dataset/slice_mixed/rome_slow_close/tr0/exp1/bs1/bs1.csv,1917824.0
1602351524973,10.0,2640512.0,34176.0,slice_mixed,rome_slow_close,tr0,exp1,bs1,data/colosseum-oran-commag-dataset/slice_mixed/rome_slow_close/tr0/exp1/bs1/bs1.csv,2674688.0
1602351525223,10.0,3274368.0,40256.0,slice_mixed,rome_slow_close,tr0,exp1,bs1,data/colosseum-oran-commag-dataset/slice_mixed/rome_slow_close/tr0/exp1/bs1/bs1.csv,3314624.0
1602351525473,10.0,3162390.5,47235.058594,slice_mixed,rome_slow_close,tr0,exp1,bs1,data/colosseum-oran-commag-dataset/slice_mixed/rome_slow_close/tr0/exp1/bs1/bs1.csv,3209625.558594
1602351525724,10.0,2972096.0,16576.0,slice_mixed,rome_slow_close,tr0,exp1,bs1,data/colosseum-oran-commag-dataset/slice_mixed/rome_slow_close/tr0/exp1/bs1/bs1.csv,2988672.0
1602351525974,10.0,1485472.0,81856.0,slice_mixed,rome_slow_close,tr0,exp1,bs1,data/colosseum-oran-commag-dataset/slice_mixed/rome_slow_close/tr0/exp1/bs1/bs1.csv,1567328.0
1602351526223,10.0,1764800.0,23936.0,slice_mixed,rome_slow_close,tr0,exp1,bs1,data/colosseum-oran-commag-dataset/slice_mixed/rome_slow_close/tr0/exp1/bs1/bs1.csv,1788736.0
1602351526474,10.0,1940480.0,35360.0,slice_mixed,rome_slow_close,tr0,exp1,bs1,data/colosseum-oran-commag-dataset/slice_mixed/rome_slow_close/tr0/exp1/bs1/bs1.csv,1975840.0
1602351526724,10.0,2104384.0,43904.0,slice_mixed,rome_slow_close,tr0,exp1,bs1,data/colosseum-oran-commag-dataset/slice_mixed/rome_slow_close/tr0/exp1/bs1/bs1.csv,2148288.0
1602351526974,10.0,2213088.0,29248.0,slice_mixed,rome_slow_close,tr0,exp1,bs1,data/colosseum-oran-commag-dataset/slice_mixed/rome_slow_close/tr0/exp1/bs1/bs1.csv,2242336.0
1602351527224,10.0,2030192.25,56352.0,slice_mixed,rome_slow_close,tr0,exp1,bs1,data/colosseum-oran-commag-dataset/slice_mixed/rome_slow_close/tr0/exp1/bs1/bs1.csv,2086544.25
1602351527474,10.0,2391545.5,27552.0,slice_mixed,rome_slow_close,tr0,exp1,bs1,data/colosseum-oran-commag-dataset/slice_mixed/rome_slow_close/tr0/exp1/bs1/bs1.csv,2419097.5
1602351527723,10.0,3254040.5,39036.144531,slice_mixed,rome_slow_close,tr0,exp1,bs1,data/colosseum-oran-commag-dataset/slice_mixed/rome_slow_close/tr0/exp1/bs1/bs1.csv,3293076.644531
1602351527974,10.0,2430948.25,28812.748047,slice_mixed,rome_slow_close,tr0,exp1,bs1,data/colosseum-oran-commag-dataset/slice_mixed/rome_slow_close/tr0/exp1/bs1/bs1.csv,2459760.998047
1602351528224,10.0,2569792.0,47680.0,slice_mixed,rome_slow_close,tr0,exp1,bs1,data/colosseum-oran-commag-dataset/slice_mixed/rome_slow_close/tr0/exp1/bs1/bs1.csv,2617472.0
1602351528474,10.0,1864608.0,47296.0,slice_mixed,rome_slow_close,tr0,exp1,bs1,data/colosseum-oran-commag-dataset/slice_mixed/rome_slow_close/tr0/exp1/bs1/bs1.csv,1911904.0
1602351528724,10.0,2395136.0,30016.0,slice_mixed,rome_slow_close,tr0,exp1,bs1,data/colosseum-oran-commag-dataset/slice_mixed/rome_slow_close/tr0/exp1/bs1/bs1.csv,2425152.0
1602351528974,10.0,3816736.0,32672.0,slice_mixed,rome_slow_close,tr0,exp1,bs1,data/colosseum-oran-commag-dataset/slice_mixed/rome_slow_close/tr0/exp1/bs1/bs1.csv,3849408.0
1602351529224,10.0,3367967.75,41574.296875,slice_mixed,rome_slow_close,tr0,exp1,bs1,data/colosseum-oran-commag-dataset/slice_mixed/rome_slow_close/tr0/exp1/bs1/bs1.csv,3409542.046875
1602351529474,10.0,2165099.75,57498.003906,slice_mixed,rome_slow_close,tr0,exp1,bs1,data/colosseum-oran-commag-dataset/slice_mixed/rome_slow_close/tr0/exp1/bs1/bs1.csv,2222597.753906
1602351529724,10.0,1955072.0,28448.0,slice_mixed,rome_slow_close,tr0,exp1,bs1,data/colosseum-oran-commag-dataset/slice_mixed/rome_slow_close/tr0/exp1/bs1/bs1.csv,1983520.0
1602351529973,10.0,2797365.5,63903.613281,slice_mixed,rome_slow_close,tr0,exp1,bs1,data/colosseum-oran-commag-dataset/slice_mixed/rome_slow_close/tr0/exp1/bs1/bs1.csv,2861269.113281
1602351530224,10.0,3910820.75,12972.111328,slice_mixed,rome_slow_close,tr0,exp1,bs1,data/colosseum-oran-commag-dataset/slice_mixed/rome_slow_close/tr0/exp1/bs1/bs1.csv,3923792.861328
1602351530473,10.0,3706088.0,34248.996094,slice_mixed,rome_slow_close,tr0,exp1,bs1,data/colosseum-oran-commag-dataset/slice_mixed/rome_slow_close/tr0/exp1/bs1/bs1.csv,3740336.996094
1602351530724,10.0,3345632.0,8320.0,slice_mixed,rome_slow_close,tr0,exp1,bs1,data/colosseum-oran-commag-dataset/slice_mixed/rome_slow_close/tr0/exp1/bs1/bs1.csv,3353952.0
1602351530973,10.0,3322944.0,34720.0,slice_mixed,rome_slow_close,tr0,exp1,bs1,data/colosseum-oran-commag-dataset/slice_mixed/rome_slow_close/tr0/exp1/bs1/bs1.csv,3357664.0
1602351531223,10.0,3448928.0,48800.0,slice_mixed,rome_slow_close,tr0,exp1,bs1,data/colosseum-oran-commag-dataset/slice_mixed/rome_slow_close/tr0/exp1/bs1/bs1.csv,3497728.0
1602351531473,10.0,3627488.0,34176.0,slice_mixed,rome_slow_close,tr0,exp1,bs1,data/colosseum-oran-commag-dataset/slice_mixed/rome_slow_close/tr0/exp1/bs1/bs1.csv,3661664.0
1602351531724,10.0,3481888.0,13024.0,slice_mixed,rome_slow_close,tr0,exp1,bs1,data/colosseum-oran-commag-dataset/slice_mixed/rome_slow_close/tr0/exp1/bs1/bs1.csv,3494912.0
1602351531973,10.0,3336318.75,64701.195312,slice_mixed,rome_slow_close,tr0,exp1,bs1,data/colosseum-oran-commag-dataset/slice_mixed/rome_slow_close/tr0/exp1/bs1/bs1.csv,3401019.945312
1602351532223,10.0,3780032.0,0.0,slice_mixed,rome_slow_close,tr0,exp1,bs1,data/colosseum-oran-commag-dataset/slice_mixed/rome_slow_close/tr0/exp1/bs1/bs1.csv,3780032.0
1602351532474,10.0,3729248.0,45632.0,slice_mixed,rome_slow_close,tr0,exp1,bs1,data/colosseum-oran-commag-dataset/slice_mixed/rome_slow_close/tr0/exp1/bs1/bs1.csv,3774880.0
1602351532723,10.0,3508640.0,1568.0,slice_mixed,rome_slow_close,tr0,exp1,bs1,data/colosseum-oran-commag-dataset/slice_mixed/rome_slow_close/tr0/exp1/bs1/bs1.csv,3510208.0
1602351532973,10.0,3632000.0,34891.566406,slice_mixed,rome_slow_close,tr0,exp1,bs1,data/colosseum-oran-commag-dataset/slice_mixed/rome_slow_close/tr0/exp1/bs1/bs1.csv,3666891.566406
1602351533224,10.0,2767553.75,35123.507812,slice_mixed,rome_slow_close,tr0,exp1,bs1,data/colosseum-oran-commag-dataset/slice_mixed/rome_slow_close/tr0/exp1/bs1/bs1.csv,2802677.257812
1602351533474,10.0,3643104.0,31360.0,slice_mixed,rome_slow_close,tr0,exp1,bs1,data/colosseum-oran-commag-dataset/slice_mixed/rome_slow_close/tr0/exp1/bs1/bs1.csv,3674464.0
1602351533724,10.0,3040640.0,13440.0,slice_mixed,rome_slow_close,tr0,exp1,bs1,data/colosseum-oran-commag-dataset/slice_mixed/rome_slow_close/tr0/exp1/bs1/bs1.csv,3054080.0
1602351533973,10.0,2038144.0,129632.0,slice_mixed,rome_slow_close,tr0,exp1,bs1,data/colosseum-oran-commag-dataset/slice_mixed/rome_slow_close/tr0/exp1/bs1/bs1.csv,2167776.0
1602351534224,10.0,2918592.0,66304.0,slice_mixed,rome_slow_close,tr0,exp1,bs1,data/colosseum-oran-commag-dataset/slice_mixed/rome_slow_close/tr0/exp1/bs1/bs1.csv,2984896.0
1602351534474,10.0,2006112.0,4704.0,slice_mixed,rome_slow_close,tr0,exp1,bs1,data/colosseum-oran-commag-dataset/slice_mixed/rome_slow_close/tr0/exp1/bs1/bs1.csv,2010816.0
1602351534724,10.0,1467232.0,43136.0,slice_mixed,rome_slow_close,tr0,exp1,bs1,data/colosseum-oran-commag-dataset/slice_mixed/rome_slow_close/tr0/exp1/bs1/bs1.csv,1510368.0
1602351534974,10.0,2192544.0,72640.0,slice_mixed,rome_slow_close,tr0,exp1,bs1,data/colosseum-oran-commag-dataset/slice_mixed/rome_slow_close/tr0/exp1/bs1/bs1.csv,2265184.0
1602351535224,10.0,2522656.0,3136.0,slice_mixed,rome_slow_close,tr0,exp1,bs1,data/colosseum-oran-commag-dataset/slice_mixed/rome_slow_close/tr0/exp1/bs1/bs1.csv,2525792.0
1602351535474,10.0,1608192.0,30016.0,slice_mixed,rome_slow_close,tr0,exp1,bs1,data/colosseum-oran-commag-dataset/slice_mixed/rome_slow_close/tr0/exp1/bs1/bs1.csv,1638208.0
1602351535724,10.0,1803855.25,45204.820312,slice_mixed,rome_slow_close,tr0,exp1,bs1,data/colosseum-oran-commag-dataset/slice_mixed/rome_slow_close/tr0/exp1/bs1/bs1.csv,1849060.070312
1602351535974,10.0,1818496.0,84448.0,slice_mixed,rome_slow_close,tr0,exp1,bs1,data/colosseum-oran-commag-dataset/slice_mixed/rome_slow_close/tr0/exp1/bs1/bs1.csv,1902944.0
1602351536224,10.0,1927264.0,21504.0,slice_mixed,rome_slow_close,tr0,exp1,bs1,data/colosseum-oran-commag-dataset/slice_mixed/rome_slow_close/tr0/exp1/bs1/bs1.csv,1948768.0
1602351536474,10.0,1508557.75,27792.828125,slice_mixed,rome_slow_close,tr0,exp1,bs1,data/colosseum-oran-commag-dataset/slice_mixed/rome_slow_close/tr0/exp1/bs1/bs1.csv,1536350.578125
1602351536724,10.0,1727678.75,44658.632812,slice_mixed,rome_slow_close,tr0,exp1,bs1,data/colosseum-oran-commag-dataset/slice_mixed/rome_slow_close/tr0/exp1/bs1/bs1.csv,1772337.382812
1602351536974,10.0,1804416.0,38784.0,slice_mixed,rome_slow_close,tr0,exp1,bs1,data/colosseum-oran-commag-dataset/slice_mixed/rome_slow_close/tr0/exp1/bs1/bs1.csv,1843200.0
1602351537223,10.0,2033408.0,1568.0,slice_mixed,rome_slow_close,tr0,exp1,bs1,data/colosseum-oran-commag-dataset/slice_mixed/rome_slow_close/tr0/exp1/bs1/bs1.csv,2034976.0
1602351537474,10.0,1613984.0,101792.0,slice_mixed,rome_slow_close,tr0,exp1,bs1,data/colosseum-oran-commag-dataset/slice_mixed/rome_slow_close/tr0/exp1/bs1/bs1.csv,1715776.0
1602351537723,10.0,1490208.0,67232.0,slice_mixed,rome_slow_close,tr0,exp1,bs1,data/colosseum-oran-commag-dataset/slice_mixed/rome_slow_close/tr0/exp1/bs1/bs1.csv,1557440.0
1602351537973,10.0,1846688.0,32832.0,slice_mixed,rome_slow_close,tr0,exp1,bs1,data/colosseum-oran-commag-dataset/slice_mixed/rome_slow_close/tr0/exp1/bs1/bs1.csv,1879520.0
1602351538223,9.0,2632352.0,167424.0,slice_mixed,rome_slow_close,tr0,exp1,bs1,data/colosseum-oran-commag-dataset/slice_mixed/rome_slow_close/tr0/exp1/bs1/bs1.csv,2799776.0
1602351538473,9.0,2340239.0,31107.570312,slice_mixed,rome_slow_close,tr0,exp1,bs1,data/colosseum-oran-commag-dataset/slice_mixed/rome_slow_close/tr0/exp1/bs1/bs1.csv,2371346.570312
1602351538724,9.0,1616096.0,66624.0,slice_mixed,rome_slow_close,tr0,exp1,bs1,data/colosseum-oran-commag-dataset/slice_mixed/rome_slow_close/tr0/exp1/bs1/bs1.csv,1682720.0
1602351538973,9.0,1833024.0,26848.0,slice_mixed,rome_slow_close,tr0,exp1,bs1,data/colosseum-oran-commag-dataset/slice_mixed/rome_slow_close/tr0/exp1/bs1/bs1.csv,1859872.0
1602351539224,9.0,1699840.0,63168.0,slice_mixed,rome_slow_close,tr0,exp1,bs1,data/colosseum-oran-commag-dataset/slice_mixed/rome_slow_close/tr0/exp1/bs1/bs1.csv,1763008.0
1602351539474,9.0,1898400.0,48544.0,slice_mixed,rome_slow_close,tr0,exp1,bs1,data/colosseum-oran-commag-dataset/slice_mixed/rome_slow_close/tr0/exp1/bs1/bs1.csv,1946944.0
1602351539723,9.0,3450880.0,23744.0,slice_mixed,rome_slow_close,tr0,exp1,bs1,data/colosseum-oran-commag-dataset/slice_mixed/rome_slow_close/tr0/exp1/bs1/bs1.csv,3474624.0
1602351539974,9.0,3451552.0,61632.0,slice_mixed,rome_slow_close,tr0,exp1,bs1,data/colosseum-oran-commag-dataset/slice_mixed/rome_slow_close/tr0/exp1/bs1/bs1.csv,3513184.0
1602351540224,9.0,3296867.5,47678.714844,slice_mixed,rome_slow_close,tr0,exp1,bs1,data/colosseum-oran-commag-dataset/slice_mixed/rome_slow_close/tr0/exp1/bs1/bs1.csv,3344546.214844
1602351540473,9.0,3400605.5,44430.277344,slice_mixed,rome_slow_close,tr0,exp1,bs1,data/colosseum-oran-commag-dataset/slice_mixed/rome_slow_close/tr0/exp1/bs1/bs1.csv,3445035.777344
1602351540724,9.0,3817317.0,1574.297241,slice_mixed,rome_slow_close,tr0,exp1,bs1,data/colosseum-oran-commag-dataset/slice_mixed/rome_slow_close/tr0/exp1/bs1/bs1.csv,3818891.297241
1602351540974,9.0,2628940.25,60685.261719,slice_mixed,rome_slow_close,tr0,exp1,bs1,data/colosseum-oran-commag-dataset/slice_mixed/rome_slow_close/tr0/exp1/bs1/bs1.csv,2689625.511719
1602351541224,9.0,2999488.0,78880.0,slice_mixed,rome_slow_close,tr0,exp1,bs1,data/colosseum-oran-commag-dataset/slice_mixed/rome_slow_close/tr0/exp1/bs1/bs1.csv,3078368.0
1602351541474,9.0,2146691.75,1568.0,slice_mixed,rome_slow_close,tr0,exp1,bs1,data/colosseum-oran-commag-dataset/slice_mixed/rome_slow_close/tr0/exp1/bs1/bs1.csv,2148259.75
1602351541724,9.0,1560174.75,72933.226562,slice_mixed,rome_slow_close,tr0,exp1,bs1,data/colosseum-oran-commag-dataset/slice_mixed/rome_slow_close/tr0/exp1/bs1/bs1.csv,1633107.9765619999
1602351541974,9.0,2046939.75,73445.78125,slice_mixed,rome_slow_close,tr0,exp1,bs1,data/colosseum-oran-commag-dataset/slice_mixed/rome_slow_close/tr0/exp1/bs1/bs1.csv,2120385.53125
1602351542224,9.0,2531520.0,41408.0,slice_mixed,rome_slow_close,tr0,exp1,bs1,data/colosseum-oran-commag-dataset/slice_mixed/rome_slow_close/tr0/exp1/bs1/bs1.csv,2572928.0
1602351542474,9.0,2088733.25,32796.8125,slice_mixed,rome_slow_close,tr0,exp1,bs1,data/colosseum-oran-commag-dataset/slice_mixed/rome_slow_close/tr0/exp1/bs1/bs1.csv,2121530.0625
1602351542724,9.0,2204320.0,50400.0,slice_mixed,rome_slow_close,tr0,exp1,bs1,data/colosseum-oran-commag-dataset/slice_mixed/rome_slow_close/tr0/exp1/bs1/bs1.csv,2254720.0
1602351542974,9.0,2103454.0,58088.355469,slice_mixed,rome_slow_close,tr0,exp1,bs1,data/colosseum-oran-commag-dataset/slice_mixed/rome_slow_close/tr0/exp1/bs1/bs1.csv,2161542.355469
1602351543224,9.0,2313856.0,72384.0,slice_mixed,rome_slow_close,tr0,exp1,bs1,data/colosseum-oran-commag-dataset/slice_mixed/rome_slow_close/tr0/exp1/bs1/bs1.csv,2386240.0
1602351543473,9.0,1939872.0,14592.0,slice_mixed,rome_slow_close,tr0,exp1,bs1,data/colosseum-oran-commag-dataset/slice_mixed/rome_slow_close/tr0/exp1/bs1/bs1.csv,1954464.0
1602351543723,9.0,2306752.0,58464.0,slice_mixed,rome_slow_close,tr0,exp1,bs1,data/colosseum-oran-commag-dataset/slice_mixed/rome_slow_close/tr0/exp1/bs1/bs1.csv,2365216.0
1602351543973,9.0,2608736.0,77920.0,slice_mixed,rome_slow_close,tr0,exp1,bs1,data/colosseum-oran-commag-dataset/slice_mixed/rome_slow_close/tr0/exp1/bs1/bs1.csv,2686656.0
1602351544223,9.0,1894944.0,21472.0,slice_mixed,rome_slow_close,tr0,exp1,bs1,data/colosseum-oran-commag-dataset/slice_mixed/rome_slow_close/tr0/exp1/bs1/bs1.csv,1916416.0
1602351544473,9.0,2175264.0,44128.0,slice_mixed,rome_slow_close,tr0,exp1,bs1,data/colosseum-oran-commag-dataset/slice_mixed/rome_slow_close/tr0/exp1/bs1/bs1.csv,2219392.0
1602351544723,9.0,2267424.0,30016.0,slice_mixed,rome_slow_close,tr0,exp1,bs1,data/colosseum-oran-commag-dataset/slice_mixed/rome_slow_close/tr0/exp1/bs1/bs1.csv,2297440.0
1602351544973,9.0,1560701.25,45928.289062,slice_mixed,rome_slow_close,tr0,exp1,bs1,data/colosseum-oran-commag-dataset/slice_mixed/rome_slow_close/tr0/exp1/bs1/bs1.csv,1606629.539062
1602351545223,9.0,1396576.0,81344.0,slice_mixed,rome_slow_close,tr0,exp1,bs1,data/colosseum-oran-commag-dataset/slice_mixed/rome_slow_close/tr0/exp1/bs1/bs1.csv,1477920.0
1602351545473,9.0,2004864.0,2464.0,slice_mixed,rome_slow_close,tr0,exp1,bs1,data/colosseum-oran-commag-dataset/slice_mixed/rome_slow_close/tr0/exp1/bs1/bs1.csv,2007328.0
1602351545724,9.0,1890560.0,38752.0,slice_mixed,rome_slow_close,tr0,exp1,bs1,data/colosseum-oran-commag-dataset/slice_mixed/rome_slow_close/tr0/exp1/bs1/bs1.csv,1929312.0
1602351545973,9.0,2022912.0,66880.0,slice_mixed,rome_slow_close,tr0,exp1,bs1,data/colosseum-oran-commag-dataset/slice_mixed/rome_slow_close/tr0/exp1/bs1/bs1.csv,2089792.0
1602351546223,9.0,2350624.0,86624.0,slice_mixed,rome_slow_close,tr0,exp1,bs1,data/colosseum-oran-commag-dataset/slice_mixed/rome_slow_close/tr0/exp1/bs1/bs1.csv,2437248.0
1602351546474,9.0,2087712.0,22848.0,slice_mixed,rome_slow_close,tr0,exp1,bs1,data/colosseum-oran-commag-dataset/slice_mixed/rome_slow_close/tr0/exp1/bs1/bs1.csv,2110560.0
1602351546724,9.0,1516208.875,45012.050781,slice_mixed,rome_slow_close,tr0,exp1,bs1,data/colosseum-oran-commag-dataset/slice_mixed/rome_slow_close/tr0/exp1/bs1/bs1.csv,1561220.925781
1602351546974,9.0,1757504.0,80288.0,slice_mixed,rome_slow_close,tr0,exp1,bs1,data/colosseum-oran-commag-dataset/slice_mixed/rome_slow_close/tr0/exp1/bs1/bs1.csv,1837792.0
1602351547224,9.0,2135776.75,28430.279297,slice_mixed,rome_slow_close,tr0,exp1,bs1,data/colosseum-oran-commag-dataset/slice_mixed/rome_slow_close/tr0/exp1/bs1/bs1.csv,2164207.029297
1602351547474,9.0,2013024.0,15648.0,slice_mixed,rome_slow_close,tr0,exp1,bs1,data/colosseum-oran-commag-dataset/slice_mixed/rome_slow_close/tr0/exp1/bs1/bs1.csv,2028672.0
1602351547724,11.0,2049024.875,33503.179688,slice_mixed,rome_slow_close,tr0,exp1,bs1,data/colosseum-oran-commag-dataset/slice_mixed/rome_slow_close/tr0/exp1/bs1/bs1.csv,2082528.054688
1602351547974,11.0,2293027.75,90130.820312,slice_mixed,rome_slow_close,tr0,exp1,bs1,data/colosseum-oran-commag-dataset/slice_mixed/rome_slow_close/tr0/exp1/bs1/bs1.csv,2383158.570312
1602351548224,11.0,2357024.0,44000.0,slice_mixed,rome_slow_close,tr0,exp1,bs1,data/colosseum-oran-commag-dataset/slice_mixed/rome_slow_close/tr0/exp1/bs1/bs1.csv,2401024.0
1602351548474,11.0,2067968.0,16160.0,slice_mixed,rome_slow_close,tr0,exp1,bs1,data/colosseum-oran-commag-dataset/slice_mixed/rome_slow_close/tr0/exp1/bs1/bs1.csv,2084128.0
1602351548724,10.0,2197888.0,28448.0,slice_mixed,rome_slow_close,tr0,exp1,bs1,data/colosseum-oran-commag-dataset/slice_mixed/rome_slow_close/tr0/exp1/bs1/bs1.csv,2226336.0
1602351548974,9.0,2394944.0,63264.0,slice_mixed,rome_slow_close,tr0,exp1,bs1,data/colosseum-oran-commag-dataset/slice_mixed/rome_slow_close/tr0/exp1/bs1/bs1.csv,2458208.0
1602351549224,9.0,2184416.0,64960.0,slice_mixed,rome_slow_close,tr0,exp1,bs1,data/colosseum-oran-commag-dataset/slice_mixed/rome_slow_close/tr0/exp1/bs1/bs1.csv,2249376.0
1602351549474,9.0,1964080.25,25606.425781,slice_mixed,rome_slow_close,tr0,exp1,bs1,data/colosseum-oran-commag-dataset/slice_mixed/rome_slow_close/tr0/exp1/bs1/bs1.csv,1989686.675781
1602351549723,9.0,2354912.0,36288.0,slice_mixed,rome_slow_close,tr0,exp1,bs1,data/colosseum-oran-commag-dataset/slice_mixed/rome_slow_close/tr0/exp1/bs1/bs1.csv,2391200.0
1602351549973,9.0,1872576.0,91520.0,slice_mixed,rome_slow_close,tr0,exp1,bs1,data/colosseum-oran-commag-dataset/slice_mixed/rome_slow_close/tr0/exp1/bs1/bs1.csv,1964096.0
1602351550223,9.0,2222464.0,48448.0,slice_mixed,rome_slow_close,tr0,exp1,bs1,data/colosseum-oran-commag-dataset/slice_mixed/rome_slow_close/tr0/exp1/bs1/bs1.csv,2270912.0
1602351550473,9.0,2152256.0,16960.0,slice_mixed,rome_slow_close,tr0,exp1,bs1,data/colosseum-oran-commag-dataset/slice_mixed/rome_slow_close/tr0/exp1/bs1/bs1.csv,2169216.0
1602351550724,9.0,2135328.0,28288.0,slice_mixed,rome_slow_close,tr0,exp1,bs1,data/colosseum-oran-commag-dataset/slice_mixed/rome_slow_close/tr0/exp1/bs1/bs1.csv,2163616.0
1602351550973,9.0,2168352.0,43168.0,slice_mixed,rome_slow_close,tr0,exp1,bs1,data/colosseum-oran-commag-dataset/slice_mixed/rome_slow_close/tr0/exp1/bs1/bs1.csv,2211520.0
1602351551224,9.0,2180512.0,63264.0,slice_mixed,rome_slow_close,tr0,exp1,bs1,data/colosseum-oran-commag-dataset/slice_mixed/rome_slow_close/tr0/exp1/bs1/bs1.csv,2243776.0
1602351551474,9.0,2171360.0,12096.0,slice_mixed,rome_slow_close,tr0,exp1,bs1,data/colosseum-oran-commag-dataset/slice_mixed/rome_slow_close/tr0/exp1/bs1/bs1.csv,2183456.0
1602351551724,9.0,2382279.0,28334.662109,slice_mixed,rome_slow_close,tr0,exp1,bs1,data/colosseum-oran-commag-dataset/slice_mixed/rome_slow_close/tr0/exp1/bs1/bs1.csv,2410613.662109
1602351551973,9.0,2339437.75,89991.96875,slice_mixed,rome_slow_close,tr0,exp1,bs1,data/colosseum-oran-commag-dataset/slice_mixed/rome_slow_close/tr0/exp1/bs1/bs1.csv,2429429.71875
1602351552223,9.0,2215777.0,40286.851562,slice_mixed,rome_slow_close,tr0,exp1,bs1,data/colosseum-oran-commag-dataset/slice_mixed/rome_slow_close/tr0/exp1/bs1/bs1.csv,2256063.851562
1602351552473,9.0,3387053.5,13236.948242,slice_mixed,rome_slow_close,tr0,exp1,bs1,data/colosseum-oran-commag-dataset/slice_mixed/rome_slow_close/tr0/exp1/bs1/bs1.csv,3400290.448242
1602351552724,9.0,3731067.5,0.0,slice_mixed,rome_slow_close,tr0,exp1,bs1,data/colosseum-oran-commag-dataset/slice_mixed/rome_slow_close/tr0/exp1/bs1/bs1.csv,3731067.5
1602351552973,9.0,3914120.5,62040.160156,slice_mixed,rome_slow_close,tr0,exp1,bs1,data/colosseum-oran-commag-dataset/slice_mixed/rome_slow_close/tr0/exp1/bs1/bs1.csv,3976160.660156
1602351553223,9.0,2065721.125,92621.507812,slice_mixed,rome_slow_close,tr0,exp1,bs1,data/colosseum-oran-commag-dataset/slice_mixed/rome_slow_close/tr0/exp1/bs1/bs1.csv,2158342.632812
1602351553474,9.0,1914144.0,23968.0,slice_mixed,rome_slow_close,tr0,exp1,bs1,data/colosseum-oran-commag-dataset/slice_mixed/rome_slow_close/tr0/exp1/bs1/bs1.csv,1938112.0
1602351553724,9.0,2268736.0,22848.0,slice_mixed,rome_slow_close,tr0,exp1,bs1,data/colosseum-oran-commag-dataset/slice_mixed/rome_slow_close/tr0/exp1/bs1/bs1.csv,2291584.0
1602351553974,9.0,2194208.0,71328.0,slice_mixed,rome_slow_close,tr0,exp1,bs1,data/colosseum-oran-commag-dataset/slice_mixed/rome_slow_close/tr0/exp1/bs1/bs1.csv,2265536.0
1602351554224,9.0,1646208.0,37984.0,slice_mixed,rome_slow_close,tr0,exp1,bs1,data/colosseum-oran-commag-dataset/slice_mixed/rome_slow_close/tr0/exp1/bs1/bs1.csv,1684192.0
1602351554474,9.0,1849120.0,12544.0,slice_mixed,rome_slow_close,tr0,exp1,bs1,data/colosseum-oran-commag-dataset/slice_mixed/rome_slow_close/tr0/exp1/bs1/bs1.csv,1861664.0
1602351554724,9.0,1766336.0,0.0,slice_mixed,rome_slow_close,tr0,exp1,bs1,data/colosseum-oran-commag-dataset/slice_mixed/rome_slow_close/tr0/exp1/bs1/bs1.csv,1766336.0
1602351554974,9.0,2386955.75,36176.707031,slice_mixed,rome_slow_close,tr0,exp1,bs1,data/colosseum-oran-commag-dataset/slice_mixed/rome_slow_close/tr0/exp1/bs1/bs1.csv,2423132.457031
1602351555224,9.0,2019091.625,41083.664062,slice_mixed,rome_slow_close,tr0,exp1,bs1,data/colosseum-oran-commag-dataset/slice_mixed/rome_slow_close/tr0/exp1/bs1/bs1.csv,2060175.289062
1602351555474,9.0,1823646.5,13172.69043,slice_mixed,rome_slow_close,tr0,exp1,bs1,data/colosseum-oran-commag-dataset/slice_mixed/rome_slow_close/tr0/exp1/bs1/bs1.csv,1836819.19043
1602351555723,9.0,1901888.0,29600.0,slice_mixed,rome_slow_close,tr0,exp1,bs1,data/colosseum-oran-commag-dataset/slice_mixed/rome_slow_close/tr0/exp1/bs1/bs1.csv,1931488.0
1602351555973,9.0,1335104.0,90208.0,slice_mixed,rome_slow_close,tr0,exp1,bs1,data/colosseum-oran-commag-dataset/slice_mixed/rome_slow_close/tr0/exp1/bs1/bs1.csv,1425312.0
1602351556223,9.0,1229152.0,37856.0,slice_mixed,rome_slow_close,tr0,exp1,bs1,data/colosseum-oran-commag-dataset/slice_mixed/rome_slow_close/tr0/exp1/bs1/bs1.csv,1267008.0
1602351556474,9.0,1286848.0,13792.0,slice_mixed,rome_slow_close,tr0,exp1,bs1,data/colosseum-oran-commag-dataset/slice_mixed/rome_slow_close/tr0/exp1/bs1/bs1.csv,1300640.0
1602351556723,9.0,1428736.0,24896.0,slice_mixed,rome_slow_close,tr0,exp1,bs1,data/colosseum-oran-commag-dataset/slice_mixed/rome_slow_close/tr0/exp1/bs1/bs1.csv,1453632.0
1602351556973,9.0,1951648.0,91040.0,slice_mixed,rome_slow_close,tr0,exp1,bs1,data/colosseum-oran-commag-dataset/slice_mixed/rome_slow_close/tr0/exp1/bs1/bs1.csv,2042688.0
1602351557223,9.0,1974752.0,28928.0,slice_mixed,rome_slow_close,tr0,exp1,bs1,data/colosseum-oran-commag-dataset/slice_mixed/rome_slow_close/tr0/exp1/bs1/bs1.csv,2003680.0
1602351557474,9.0,2337952.0,17824.0,slice_mixed,rome_slow_close,tr0,exp1,bs1,data/colosseum-oran-commag-dataset/slice_mixed/rome_slow_close/tr0/exp1/bs1/bs1.csv,2355776.0
1602351557724,9.0,2372256.0,18144.0,slice_mixed,rome_slow_close,tr0,exp1,bs1,data/colosseum-oran-commag-dataset/slice_mixed/rome_slow_close/tr0/exp1/bs1/bs1.csv,2390400.0
1602351557973,9.0,2140224.0,80448.0,slice_mixed,rome_slow_close,tr0,exp1,bs1,data/colosseum-oran-commag-dataset/slice_mixed/rome_slow_close/tr0/exp1/bs1/bs1.csv,2220672.0
1602351558224,9.0,1916940.125,76047.8125,slice_mixed,rome_slow_close,tr0,exp1,bs1,data/colosseum-oran-commag-dataset/slice_mixed/rome_slow_close/tr0/exp1/bs1/bs1.csv,1992987.9375
1602351558474,9.0,1889536.0,13984.0,slice_mixed,rome_slow_close,tr0,exp1,bs1,data/colosseum-oran-commag-dataset/slice_mixed/rome_slow_close/tr0/exp1/bs1/bs1.csv,1903520.0
1602351558724,9.0,1786144.0,38272.0,slice_mixed,rome_slow_close,tr0,exp1,bs1,data/colosseum-oran-commag-dataset/slice_mixed/rome_slow_close/tr0/exp1/bs1/bs1.csv,1824416.0
1602351558973,9.0,2296672.0,41440.0,slice_mixed,rome_slow_close,tr0,exp1,bs1,data/colosseum-oran-commag-dataset/slice_mixed/rome_slow_close/tr0/exp1/bs1/bs1.csv,2338112.0
1602351559224,9.0,2415264.0,32064.0,slice_mixed,rome_slow_close,tr0,exp1,bs1,data/colosseum-oran-commag-dataset/slice_mixed/rome_slow_close/tr0/exp1/bs1/bs1.csv,2447328.0
1602351559474,9.0,1561952.0,62144.0,slice_mixed,rome_slow_close,tr0,exp1,bs1,data/colosseum-oran-commag-dataset/slice_mixed/rome_slow_close/tr0/exp1/bs1/bs1.csv,1624096.0
1602351559724,9.0,2125632.0,24352.0,slice_mixed,rome_slow_close,tr0,exp1,bs1,data/colosseum-oran-commag-dataset/slice_mixed/rome_slow_close/tr0/exp1/bs1/bs1.csv,2149984.0
1602351559974,9.0,1613440.0,48416.0,slice_mixed,rome_slow_close,tr0,exp1,bs1,data/colosseum-oran-commag-dataset/slice_mixed/rome_slow_close/tr0/exp1/bs1/bs1.csv,1661856.0
1602351560224,9.0,2474720.0,58112.0,slice_mixed,rome_slow_close,tr0,exp1,bs1,data/colosseum-oran-commag-dataset/slice_mixed/rome_slow_close/tr0/exp1/bs1/bs1.csv,2532832.0
1602351560474,9.0,2441454.25,17236.304688,slice_mixed,rome_slow_close,tr0,exp1,bs1,data/colosseum-oran-commag-dataset/slice_mixed/rome_slow_close/tr0/exp1/bs1/bs1.csv,2458690.554688
1602351560724,9.0,1915244.625,22912.0,slice_mixed,rome_slow_close,tr0,exp1,bs1,data/colosseum-oran-commag-dataset/slice_mixed/rome_slow_close/tr0/exp1/bs1/bs1.csv,1938156.625
1602351560974,9.0,2075648.0,53152.0,slice_mixed,rome_slow_close,tr0,exp1,bs1,data/colosseum-oran-commag-dataset/slice_mixed/rome_slow_close/tr0/exp1/bs1/bs1.csv,2128800.0
1602351561224,9.0,2637344.0,90880.0,slice_mixed,rome_slow_close,tr0,exp1,bs1,data/colosseum-oran-commag-dataset/slice_mixed/rome_slow_close/tr0/exp1/bs1/bs1.csv,2728224.0
1602351561474,9.0,3261152.0,17184.0,slice_mixed,rome_slow_close,tr0,exp1,bs1,data/colosseum-oran-commag-dataset/slice_mixed/rome_slow_close/tr0/exp1/bs1/bs1.csv,3278336.0
1602351561724,9.0,2230747.0,49092.371094,slice_mixed,rome_slow_close,tr0,exp1,bs1,data/colosseum-oran-commag-dataset/slice_mixed/rome_slow_close/tr0/exp1/bs1/bs1.csv,2279839.371094
1602351561974,9.0,2543936.0,66496.0,slice_mixed,rome_slow_close,tr0,exp1,bs1,data/colosseum-oran-commag-dataset/slice_mixed/rome_slow_close/tr0/exp1/bs1/bs1.csv,2610432.0
1602351562223,9.0,1713632.0,48384.0,slice_mixed,rome_slow_close,tr0,exp1,bs1,data/colosseum-oran-commag-dataset/slice_mixed/rome_slow_close/tr0/exp1/bs1/bs1.csv,1762016.0
1602351562474,9.0,2001816.75,13386.454102,slice_mixed,rome_slow_close,tr0,exp1,bs1,data/colosseum-oran-commag-dataset/slice_mixed/rome_slow_close/tr0/exp1/bs1/bs1.csv,2015203.204102
1602351562723,9.0,1811630.5,37333.332031,slice_mixed,rome_slow_close,tr0,exp1,bs1,data/colosseum-oran-commag-dataset/slice_mixed/rome_slow_close/tr0/exp1/bs1/bs1.csv,1848963.832031
1602351562974,9.0,1408224.0,21952.0,slice_mixed,rome_slow_close,tr0,exp1,bs1,data/colosseum-oran-commag-dataset/slice_mixed/rome_slow_close/tr0/exp1/bs1/bs1.csv,1430176.0
1602351563223,9.0,2004224.0,63872.0,slice_mixed,rome_slow_close,tr0,exp1,bs1,data/colosseum-oran-commag-dataset/slice_mixed/rome_slow_close/tr0/exp1/bs1/bs1.csv,2068096.0
1602351563473,9.0,2011264.0,1568.0,slice_mixed,rome_slow_close,tr0,exp1,bs1,data/colosseum-oran-commag-dataset/slice_mixed/rome_slow_close/tr0/exp1/bs1/bs1.csv,2012832.0
1602351563723,9.0,2117248.0,35104.0,slice_mixed,rome_slow_close,tr0,exp1,bs1,data/colosseum-oran-commag-dataset/slice_mixed/rome_slow_close/tr0/exp1/bs1/bs1.csv,2152352.0
1602351563973,9.0,1714336.0,60480.0,slice_mixed,rome_slow_close,tr0,exp1,bs1,data/colosseum-oran-commag-dataset/slice_mixed/rome_slow_close/tr0/exp1/bs1/bs1.csv,1774816.0
1602351564223,9.0,2104608.0,35648.0,slice_mixed,rome_slow_close,tr0,exp1,bs1,data/colosseum-oran-commag-dataset/slice_mixed/rome_slow_close/tr0/exp1/bs1/bs1.csv,2140256.0
1602351564474,9.0,2061472.0,12768.0,slice_mixed,rome_slow_close,tr0,exp1,bs1,data/colosseum-oran-commag-dataset/slice_mixed/rome_slow_close/tr0/exp1/bs1/bs1.csv,2074240.0
1602351564723,9.0,2614597.75,40605.578125,slice_mixed,rome_slow_close,tr0,exp1,bs1,data/colosseum-oran-commag-dataset/slice_mixed/rome_slow_close/tr0/exp1/bs1/bs1.csv,2655203.328125
1602351564973,9.0,2461088.0,67712.0,slice_mixed,rome_slow_close,tr0,exp1,bs1,data/colosseum-oran-commag-dataset/slice_mixed/rome_slow_close/tr0/exp1/bs1/bs1.csv,2528800.0
1602351565224,9.0,1718048.0,40544.0,slice_mixed,rome_slow_close,tr0,exp1,bs1,data/colosseum-oran-commag-dataset/slice_mixed/rome_slow_close/tr0/exp1/bs1/bs1.csv,1758592.0
1602351565474,9.0,2566816.0,1568.0,slice_mixed,rome_slow_close,tr0,exp1,bs1,data/colosseum-oran-commag-dataset/slice_mixed/rome_slow_close/tr0/exp1/bs1/bs1.csv,2568384.0
1602351565724,9.0,1803296.0,25312.0,slice_mixed,rome_slow_close,tr0,exp1,bs1,data/colosseum-oran-commag-dataset/slice_mixed/rome_slow_close/tr0/exp1/bs1/bs1.csv,1828608.0
1602351565974,9.0,2387776.0,57760.0,slice_mixed,rome_slow_close,tr0,exp1,bs1,data/colosseum-oran-commag-dataset/slice_mixed/rome_slow_close/tr0/exp1/bs1/bs1.csv,2445536.0
1602351566224,9.0,1886176.0,56480.0,slice_mixed,rome_slow_close,tr0,exp1,bs1,data/colosseum-oran-commag-dataset/slice_mixed/rome_slow_close/tr0/exp1/bs1/bs1.csv,1942656.0
1602351566474,9.0,2101632.0,8384.0,slice_mixed,rome_slow_close,tr0,exp1,bs1,data/colosseum-oran-commag-dataset/slice_mixed/rome_slow_close/tr0/exp1/bs1/bs1.csv,2110016.0
1602351566724,9.0,2129568.0,27552.0,slice_mixed,rome_slow_close,tr0,exp1,bs1,data/colosseum-oran-commag-dataset/slice_mixed/rome_slow_close/tr0/exp1/bs1/bs1.csv,2157120.0
1602351566974,9.0,2262720.0,53600.0,slice_mixed,rome_slow_close,tr0,exp1,bs1,data/colosseum-oran-commag-dataset/slice_mixed/rome_slow_close/tr0/exp1/bs1/bs1.csv,2316320.0
1602351567224,9.0,2621888.0,63488.0,slice_mixed,rome_slow_close,tr0,exp1,bs1,data/colosseum-oran-commag-dataset/slice_mixed/rome_slow_close/tr0/exp1/bs1/bs1.csv,2685376.0
1602351567474,9.0,2622784.0,17280.0,slice_mixed,rome_slow_close,tr0,exp1,bs1,data/colosseum-oran-commag-dataset/slice_mixed/rome_slow_close/tr0/exp1/bs1/bs1.csv,2640064.0
1602351567724,9.0,2304224.0,36512.0,slice_mixed,rome_slow_close,tr0,exp1,bs1,data/colosseum-oran-commag-dataset/slice_mixed/rome_slow_close/tr0/exp1/bs1/bs1.csv,2340736.0
1602351567973,9.0,2824642.5,36144.578125,slice_mixed,rome_slow_close,tr0,exp1,bs1,data/colosseum-oran-commag-dataset/slice_mixed/rome_slow_close/tr0/exp1/bs1/bs1.csv,2860787.078125
1602351568224,9.0,2395410.5,76494.023438,slice_mixed,rome_slow_close,tr0,exp1,bs1,data/colosseum-oran-commag-dataset/slice_mixed/rome_slow_close/tr0/exp1/bs1/bs1.csv,2471904.523438
1602351568474,9.0,2521306.5,43282.378906,slice_mixed,rome_slow_close,tr0,exp1,bs1,data/colosseum-oran-commag-dataset/slice_mixed/rome_slow_close/tr0/exp1/bs1/bs1.csv,2564588.878906
1602351568723,9.0,2775707.5,35502.007812,slice_mixed,rome_slow_close,tr0,exp1,bs1,data/colosseum-oran-commag-dataset/slice_mixed/rome_slow_close/tr0/exp1/bs1/bs1.csv,2811209.507812
1602351568974,9.0,2487712.0,74400.0,slice_mixed,rome_slow_close,tr0,exp1,bs1,data/colosseum-oran-commag-dataset/slice_mixed/rome_slow_close/tr0/exp1/bs1/bs1.csv,2562112.0
1602351569224,9.0,2386304.0,50368.0,slice_mixed,rome_slow_close,tr0,exp1,bs1,data/colosseum-oran-commag-dataset/slice_mixed/rome_slow_close/tr0/exp1/bs1/bs1.csv,2436672.0
1602351569473,9.0,2373184.0,48352.0,slice_mixed,rome_slow_close,tr0,exp1,bs1,data/colosseum-oran-commag-dataset/slice_mixed/rome_slow_close/tr0/exp1/bs1/bs1.csv,2421536.0
1602351569723,9.0,3009408.0,24896.0,slice_mixed,rome_slow_close,tr0,exp1,bs1,data/colosseum-oran-commag-dataset/slice_mixed/rome_slow_close/tr0/exp1/bs1/bs1.csv,3034304.0
1602351569973,9.0,4322112.0,68736.0,slice_mixed,rome_slow_close,tr0,exp1,bs1,data/colosseum-oran-commag-dataset/slice_mixed/rome_slow_close/tr0/exp1/bs1/bs1.csv,4390848.0
1602351570223,9.0,4257952.0,35200.0,slice_mixed,rome_slow_close,tr0,exp1,bs1,data/colosseum-oran-commag-dataset/slice_mixed/rome_slow_close/tr0/exp1/bs1/bs1.csv,4293152.0
1602351570473,9.0,4246464.0,33152.0,slice_mixed,rome_slow_close,tr0,exp1,bs1,data/colosseum-oran-commag-dataset/slice_mixed/rome_slow_close/tr0/exp1/bs1/bs1.csv,4279616.0
1602351570723,9.0,2908096.0,15008.0,slice_mixed,rome_slow_close,tr0,exp1,bs1,data/colosseum-oran-commag-dataset/slice_mixed/rome_slow_close/tr0/exp1/bs1/bs1.csv,2923104.0
1602351570973,9.0,2342400.0,55648.0,slice_mixed,rome_slow_close,tr0,exp1,bs1,data/colosseum-oran-commag-dataset/slice_mixed/rome_slow_close/tr0/exp1/bs1/bs1.csv,2398048.0
1602351571223,9.0,2430087.5,91601.59375,slice_mixed,rome_slow_close,tr0,exp1,bs1,data/colosseum-oran-commag-dataset/slice_mixed/rome_slow_close/tr0/exp1/bs1/bs1.csv,2521689.09375
1602351571473,9.0,2688098.5,44276.949219,slice_mixed,rome_slow_close,tr0,exp1,bs1,data/colosseum-oran-commag-dataset/slice_mixed/rome_slow_close/tr0/exp1/bs1/bs1.csv,2732375.449219
1602351571723,9.0,1904025.5,24416.0,slice_mixed,rome_slow_close,tr0,exp1,bs1,data/colosseum-oran-commag-dataset/slice_mixed/rome_slow_close/tr0/exp1/bs1/bs1.csv,1928441.5
1602351571974,9.0,2215520.0,65440.0,slice_mixed,rome_slow_close,tr0,exp1,bs1,data/colosseum-oran-commag-dataset/slice_mixed/rome_slow_close/tr0/exp1/bs1/bs1.csv,2280960.0
1602351572224,9.0,1920005.875,47357.429688,slice_mixed,rome_slow_close,tr0,exp1,bs1,data/colosseum-oran-commag-dataset/slice_mixed/rome_slow_close/tr0/exp1/bs1/bs1.csv,1967363.304688
1602351572474,9.0,2041529.75,42167.332031,slice_mixed,rome_slow_close,tr0,exp1,bs1,data/colosseum-oran-commag-dataset/slice_mixed/rome_slow_close/tr0/exp1/bs1/bs1.csv,2083697.082031
1602351572724,9.0,2175068.25,30136.546875,slice_mixed,rome_slow_close,tr0,exp1,bs1,data/colosseum-oran-commag-dataset/slice_mixed/rome_slow_close/tr0/exp1/bs1/bs1.csv,2205204.796875
1602351572973,9.0,2526884.25,70151.390625,slice_mixed,rome_slow_close,tr0,exp1,bs1,data/colosseum-oran-commag-dataset/slice_mixed/rome_slow_close/tr0/exp1/bs1/bs1.csv,2597035.640625
1602351573224,9.0,2315712.0,39232.0,slice_mixed,rome_slow_close,tr0,exp1,bs1,data/colosseum-oran-commag-dataset/slice_mixed/rome_slow_close/tr0/exp1/bs1/bs1.csv,2354944.0
1602351573474,9.0,2078176.0,36896.0,slice_mixed,rome_slow_close,tr0,exp1,bs1,data/colosseum-oran-commag-dataset/slice_mixed/rome_slow_close/tr0/exp1/bs1/bs1.csv,2115072.0
1602351573724,9.0,1957120.0,49440.0,slice_mixed,rome_slow_close,tr0,exp1,bs1,data/colosseum-oran-commag-dataset/slice_mixed/rome_slow_close/tr0/exp1/bs1/bs1.csv,2006560.0
1602351573974,9.0,2524800.0,60032.0,slice_mixed,rome_slow_close,tr0,exp1,bs1,data/colosseum-oran-commag-dataset/slice_mixed/rome_slow_close/tr0/exp1/bs1/bs1.csv,2584832.0
1602351574224,9.0,2044672.0,53696.0,slice_mixed,rome_slow_close,tr0,exp1,bs1,data/colosseum-oran-commag-dataset/slice_mixed/rome_slow_close/tr0/exp1/bs1/bs1.csv,2098368.0
1602351574474,9.0,2051936.0,26880.0,slice_mixed,rome_slow_close,tr0,exp1,bs1,data/colosseum-oran-commag-dataset/slice_mixed/rome_slow_close/tr0/exp1/bs1/bs1.csv,2078816.0
1602351574723,9.0,2543935.75,40224.898438,slice_mixed,rome_slow_close,tr0,exp1,bs1,data/colosseum-oran-commag-dataset/slice_mixed/rome_slow_close/tr0/exp1/bs1/bs1.csv,2584160.648438
1602351574974,9.0,2693728.0,66240.0,slice_mixed,rome_slow_close,tr0,exp1,bs1,data/colosseum-oran-commag-dataset/slice_mixed/rome_slow_close/tr0/exp1/bs1/bs1.csv,2759968.0
1602351575223,9.0,2572768.0,39840.0,slice_mixed,rome_slow_close,tr0,exp1,bs1,data/colosseum-oran-commag-dataset/slice_mixed/rome_slow_close/tr0/exp1/bs1/bs1.csv,2612608.0
1602351575473,9.0,2269504.0,26656.0,slice_mixed,rome_slow_close,tr0,exp1,bs1,data/colosseum-oran-commag-dataset/slice_mixed/rome_slow_close/tr0/exp1/bs1/bs1.csv,2296160.0
1602351575723,9.0,1943040.0,83072.0,slice_mixed,rome_slow_close,tr0,exp1,bs1,data/colosseum-oran-commag-dataset/slice_mixed/rome_slow_close/tr0/exp1/bs1/bs1.csv,2026112.0
1602351575973,9.0,2734784.0,66272.0,slice_mixed,rome_slow_close,tr0,exp1,bs1,data/colosseum-oran-commag-dataset/slice_mixed/rome_slow_close/tr0/exp1/bs1/bs1.csv,2801056.0
1602351576223,9.0,2280704.0,52128.0,slice_mixed,rome_slow_close,tr0,exp1,bs1,data/colosseum-oran-commag-dataset/slice_mixed/rome_slow_close/tr0/exp1/bs1/bs1.csv,2332832.0
1602351576473,9.0,2450496.0,31584.0,slice_mixed,rome_slow_close,tr0,exp1,bs1,data/colosseum-oran-commag-dataset/slice_mixed/rome_slow_close/tr0/exp1/bs1/bs1.csv,2482080.0
1602351576723,9.0,2355584.0,42560.0,slice_mixed,rome_slow_close,tr0,exp1,bs1,data/colosseum-oran-commag-dataset/slice_mixed/rome_slow_close/tr0/exp1/bs1/bs1.csv,2398144.0
1602351576973,9.0,2021312.0,31040.0,slice_mixed,rome_slow_close,tr0,exp1,bs1,data/colosseum-oran-commag-dataset/slice_mixed/rome_slow_close/tr0/exp1/bs1/bs1.csv,2052352.0
1602351577223,9.0,2003168.0,51200.0,slice_mixed,rome_slow_close,tr0,exp1,bs1,data/colosseum-oran-commag-dataset/slice_mixed/rome_slow_close/tr0/exp1/bs1/bs1.csv,2054368.0
1602351577473,9.0,2293184.0,33152.0,slice_mixed,rome_slow_close,tr0,exp1,bs1,data/colosseum-oran-commag-dataset/slice_mixed/rome_slow_close/tr0/exp1/bs1/bs1.csv,2326336.0
1602351577723,9.0,2002880.0,39488.0,slice_mixed,rome_slow_close,tr0,exp1,bs1,data/colosseum-oran-commag-dataset/slice_mixed/rome_slow_close/tr0/exp1/bs1/bs1.csv,2042368.0
1602351577974,9.0,2143522.0,67920.320312,slice_mixed,rome_slow_close,tr0,exp1,bs1,data/colosseum-oran-commag-dataset/slice_mixed/rome_slow_close/tr0/exp1/bs1/bs1.csv,2211442.320312
1602351578224,9.0,2102208.0,24384.0,slice_mixed,rome_slow_close,tr0,exp1,bs1,data/colosseum-oran-commag-dataset/slice_mixed/rome_slow_close/tr0/exp1/bs1/bs1.csv,2126592.0
1602351578473,9.0,1702624.0,14112.0,slice_mixed,rome_slow_close,tr0,exp1,bs1,data/colosseum-oran-commag-dataset/slice_mixed/rome_slow_close/tr0/exp1/bs1/bs1.csv,1716736.0
1602351578724,9.0,1694336.0,28032.0,slice_mixed,rome_slow_close,tr0,exp1,bs1,data/colosseum-oran-commag-dataset/slice_mixed/rome_slow_close/tr0/exp1/bs1/bs1.csv,1722368.0
1602351578974,9.0,1946496.0,110304.0,slice_mixed,rome_slow_close,tr0,exp1,bs1,data/colosseum-oran-commag-dataset/slice_mixed/rome_slow_close/tr0/exp1/bs1/bs1.csv,2056800.0
1602351579223,9.0,1970432.0,33760.0,slice_mixed,rome_slow_close,tr0,exp1,bs1,data/colosseum-oran-commag-dataset/slice_mixed/rome_slow_close/tr0/exp1/bs1/bs1.csv,2004192.0
1602351579473,9.0,2072800.0,42368.0,slice_mixed,rome_slow_close,tr0,exp1,bs1,data/colosseum-oran-commag-dataset/slice_mixed/rome_slow_close/tr0/exp1/bs1/bs1.csv,2115168.0
1602351579724,9.0,1964015.875,31710.84375,slice_mixed,rome_slow_close,tr0,exp1,bs1,data/colosseum-oran-commag-dataset/slice_mixed/rome_slow_close/tr0/exp1/bs1/bs1.csv,1995726.71875
1602351579974,9.0,1628239.0,8223.107422,slice_mixed,rome_slow_close,tr0,exp1,bs1,data/colosseum-oran-commag-dataset/slice_mixed/rome_slow_close/tr0/exp1/bs1/bs1.csv,1636462.107422
1602351580224,9.0,1762240.0,51200.0,slice_mixed,rome_slow_close,tr0,exp1,bs1,data/colosseum-oran-commag-dataset/slice_mixed/rome_slow_close/tr0/exp1/bs1/bs1.csv,1813440.0
1602351580474,9.0,1728257.125,14168.674805,slice_mixed,rome_slow_close,tr0,exp1,bs1,data/colosseum-oran-commag-dataset/slice_mixed/rome_slow_close/tr0/exp1/bs1/bs1.csv,1742425.799805
1602351580724,9.0,1669705.125,58231.074219,slice_mixed,rome_slow_close,tr0,exp1,bs1,data/colosseum-oran-commag-dataset/slice_mixed/rome_slow_close/tr0/exp1/bs1/bs1.csv,1727936.199219
1602351580974,9.0,1662272.0,69792.0,slice_mixed,rome_slow_close,tr0,exp1,bs1,data/colosseum-oran-commag-dataset/slice_mixed/rome_slow_close/tr0/exp1/bs1/bs1.csv,1732064.0
1602351581224,9.0,1971887.5,53236.949219,slice_mixed,rome_slow_close,tr0,exp1,bs1,data/colosseum-oran-commag-dataset/slice_mixed/rome_slow_close/tr0/exp1/bs1/bs1.csv,2025124.449219
1602351581473,9.0,1746080.0,1568.0,slice_mixed,rome_slow_close,tr0,exp1,bs1,data/colosseum-oran-commag-dataset/slice_mixed/rome_slow_close/tr0/exp1/bs1/bs1.csv,1747648.0
1602351581723,9.0,1946048.0,68320.0,slice_mixed,rome_slow_close,tr0,exp1,bs1,data/colosseum-oran-commag-dataset/slice_mixed/rome_slow_close/tr0/exp1/bs1/bs1.csv,2014368.0
1602351581973,9.0,1980768.0,45632.0,slice_mixed,rome_slow_close,tr0,exp1,bs1,data/colosseum-oran-commag-dataset/slice_mixed/rome_slow_close/tr0/exp1/bs1/bs1.csv,2026400.0
1602351582224,9.0,1997248.0,50016.0,slice_mixed,rome_slow_close,tr0,exp1,bs1,data/colosseum-oran-commag-dataset/slice_mixed/rome_slow_close/tr0/exp1/bs1/bs1.csv,2047264.0
1602351582473,9.0,1940448.0,29120.0,slice_mixed,rome_slow_close,tr0,exp1,bs1,data/colosseum-oran-commag-dataset/slice_mixed/rome_slow_close/tr0/exp1/bs1/bs1.csv,1969568.0
1602351582723,9.0,2168928.0,30912.0,slice_mixed,rome_slow_close,tr0,exp1,bs1,data/colosseum-oran-commag-dataset/slice_mixed/rome_slow_close/tr0/exp1/bs1/bs1.csv,2199840.0
1602351582973,9.0,2053952.0,55968.0,slice_mixed,rome_slow_close,tr0,exp1,bs1,data/colosseum-oran-commag-dataset/slice_mixed/rome_slow_close/tr0/exp1/bs1/bs1.csv,2109920.0
1602351583223,9.0,2237280.0,24352.0,slice_mixed,rome_slow_close,tr0,exp1,bs1,data/colosseum-oran-commag-dataset/slice_mixed/rome_slow_close/tr0/exp1/bs1/bs1.csv,2261632.0
1602351583473,9.0,2059680.0,37792.0,slice_mixed,rome_slow_close,tr0,exp1,bs1,data/colosseum-oran-commag-dataset/slice_mixed/rome_slow_close/tr0/exp1/bs1/bs1.csv,2097472.0
1602351583723,9.0,2285056.0,43936.0,slice_mixed,rome_slow_close,tr0,exp1,bs1,data/colosseum-oran-commag-dataset/slice_mixed/rome_slow_close/tr0/exp1/bs1/bs1.csv,2328992.0
1602351583974,9.0,2243136.0,29952.0,slice_mixed,rome_slow_close,tr0,exp1,bs1,data/colosseum-oran-commag-dataset/slice_mixed/rome_slow_close/tr0/exp1/bs1/bs1.csv,2273088.0
1602351584223,9.0,2437440.0,47424.0,slice_mixed,rome_slow_close,tr0,exp1,bs1,data/colosseum-oran-commag-dataset/slice_mixed/rome_slow_close/tr0/exp1/bs1/bs1.csv,2484864.0
1602351584474,9.0,2132589.5,30788.84375,slice_mixed,rome_slow_close,tr0,exp1,bs1,data/colosseum-oran-commag-dataset/slice_mixed/rome_slow_close/tr0/exp1/bs1/bs1.csv,2163378.34375
1602351584723,9.0,2479648.0,42016.0,slice_mixed,rome_slow_close,tr0,exp1,bs1,data/colosseum-oran-commag-dataset/slice_mixed/rome_slow_close/tr0/exp1/bs1/bs1.csv,2521664.0
1602351584974,9.0,1890240.0,56384.0,slice_mixed,rome_slow_close,tr0,exp1,bs1,data/colosseum-oran-commag-dataset/slice_mixed/rome_slow_close/tr0/exp1/bs1/bs1.csv,1946624.0
1602351585223,9.0,2177725.0,25696.0,slice_mixed,rome_slow_close,tr0,exp1,bs1,data/colosseum-oran-commag-dataset/slice_mixed/rome_slow_close/tr0/exp1/bs1/bs1.csv,2203421.0
1602351585474,9.0,2103293.25,30688.0,slice_mixed,rome_slow_close,tr0,exp1,bs1,data/colosseum-oran-commag-dataset/slice_mixed/rome_slow_close/tr0/exp1/bs1/bs1.csv,2133981.25
1602351585724,9.0,2138656.0,39904.0,slice_mixed,rome_slow_close,tr0,exp1,bs1,data/colosseum-oran-commag-dataset/slice_mixed/rome_slow_close/tr0/exp1/bs1/bs1.csv,2178560.0
1602351585974,9.0,2138464.0,29472.0,slice_mixed,rome_slow_close,tr0,exp1,bs1,data/colosseum-oran-commag-dataset/slice_mixed/rome_slow_close/tr0/exp1/bs1/bs1.csv,2167936.0
1602351586224,9.0,2037440.0,50752.0,slice_mixed,rome_slow_close,tr0,exp1,bs1,data/colosseum-oran-commag-dataset/slice_mixed/rome_slow_close/tr0/exp1/bs1/bs1.csv,2088192.0
1602351586474,9.0,2845815.25,21365.462891,slice_mixed,rome_slow_close,tr0,exp1,bs1,data/colosseum-oran-commag-dataset/slice_mixed/rome_slow_close/tr0/exp1/bs1/bs1.csv,2867180.712891
1602351586724,9.0,1936640.0,37856.0,slice_mixed,rome_slow_close,tr0,exp1,bs1,data/colosseum-oran-commag-dataset/slice_mixed/rome_slow_close/tr0/exp1/bs1/bs1.csv,1974496.0
1602351586974,9.0,2104765.0,64446.214844,slice_mixed,rome_slow_close,tr0,exp1,bs1,data/colosseum-oran-commag-dataset/slice_mixed/rome_slow_close/tr0/exp1/bs1/bs1.csv,2169211.214844
1602351587224,9.0,2011648.0,25600.0,slice_mixed,rome_slow_close,tr0,exp1,bs1,data/colosseum-oran-commag-dataset/slice_mixed/rome_slow_close/tr0/exp1/bs1/bs1.csv,2037248.0
1602351587474,9.0,2008352.0,1568.0,slice_mixed,rome_slow_close,tr0,exp1,bs1,data/colosseum-oran-commag-dataset/slice_mixed/rome_slow_close/tr0/exp1/bs1/bs1.csv,2009920.0
1602351587724,9.0,1860240.875,72257.023438,slice_mixed,rome_slow_close,tr0,exp1,bs1,data/colosseum-oran-commag-dataset/slice_mixed/rome_slow_close/tr0/exp1/bs1/bs1.csv,1932497.8984380001
1602351587974,9.0,2069450.125,58422.3125,slice_mixed,rome_slow_close,tr0,exp1,bs1,data/colosseum-oran-commag-dataset/slice_mixed/rome_slow_close/tr0/exp1/bs1/bs1.csv,2127872.4375
1602351588223,9.0,2323405.5,23742.970703,slice_mixed,rome_slow_close,tr0,exp1,bs1,data/colosseum-oran-commag-dataset/slice_mixed/rome_slow_close/tr0/exp1/bs1/bs1.csv,2347148.470703
1602351588473,9.0,2082656.0,34464.0,slice_mixed,rome_slow_close,tr0,exp1,bs1,data/colosseum-oran-commag-dataset/slice_mixed/rome_slow_close/tr0/exp1/bs1/bs1.csv,2117120.0
1602351588723,9.0,1903008.0,40032.0,slice_mixed,rome_slow_close,tr0,exp1,bs1,data/colosseum-oran-commag-dataset/slice_mixed/rome_slow_close/tr0/exp1/bs1/bs1.csv,1943040.0
1602351588973,9.0,1772032.0,57632.0,slice_mixed,rome_slow_close,tr0,exp1,bs1,data/colosseum-oran-commag-dataset/slice_mixed/rome_slow_close/tr0/exp1/bs1/bs1.csv,1829664.0
1602351589224,9.0,1932224.0,29184.0,slice_mixed,rome_slow_close,tr0,exp1,bs1,data/colosseum-oran-commag-dataset/slice_mixed/rome_slow_close/tr0/exp1/bs1/bs1.csv,1961408.0
1602351589473,9.0,2561632.0,22176.0,slice_mixed,rome_slow_close,tr0,exp1,bs1,data/colosseum-oran-commag-dataset/slice_mixed/rome_slow_close/tr0/exp1/bs1/bs1.csv,2583808.0
1602351589724,9.0,2471264.0,45632.0,slice_mixed,rome_slow_close,tr0,exp1,bs1,data/colosseum-oran-commag-dataset/slice_mixed/rome_slow_close/tr0/exp1/bs1/bs1.csv,2516896.0
1602351589973,9.0,2451072.0,63008.0,slice_mixed,rome_slow_close,tr0,exp1,bs1,data/colosseum-oran-commag-dataset/slice_mixed/rome_slow_close/tr0/exp1/bs1/bs1.csv,2514080.0
1602351590223,9.0,2094336.0,30112.0,slice_mixed,rome_slow_close,tr0,exp1,bs1,data/colosseum-oran-commag-dataset/slice_mixed/rome_slow_close/tr0/exp1/bs1/bs1.csv,2124448.0
1602351590474,9.0,2264384.0,32896.0,slice_mixed,rome_slow_close,tr0,exp1,bs1,data/colosseum-oran-commag-dataset/slice_mixed/rome_slow_close/tr0/exp1/bs1/bs1.csv,2297280.0
1602351590723,9.0,2024000.0,31040.0,slice_mixed,rome_slow_close,tr0,exp1,bs1,data/colosseum-oran-commag-dataset/slice_mixed/rome_slow_close/tr0/exp1/bs1/bs1.csv,2055040.0
1602351590974,9.0,2126565.75,65115.535156,slice_mixed,rome_slow_close,tr0,exp1,bs1,data/colosseum-oran-commag-dataset/slice_mixed/rome_slow_close/tr0/exp1/bs1/bs1.csv,2191681.285156
1602351591224,9.0,2273248.0,24192.0,slice_mixed,rome_slow_close,tr0,exp1,bs1,data/colosseum-oran-commag-dataset/slice_mixed/rome_slow_close/tr0/exp1/bs1/bs1.csv,2297440.0
1602351591474,9.0,2411328.0,41632.0,slice_mixed,rome_slow_close,tr0,exp1,bs1,data/colosseum-oran-commag-dataset/slice_mixed/rome_slow_close/tr0/exp1/bs1/bs1.csv,2452960.0
1602351591724,9.0,2335264.0,32608.0,slice_mixed,rome_slow_close,tr0,exp1,bs1,data/colosseum-oran-commag-dataset/slice_mixed/rome_slow_close/tr0/exp1/bs1/bs1.csv,2367872.0
1602351591973,9.0,2126297.25,62714.863281,slice_mixed,rome_slow_close,tr0,exp1,bs1,data/colosseum-oran-commag-dataset/slice_mixed/rome_slow_close/tr0/exp1/bs1/bs1.csv,2189012.113281
1602351592223,9.0,1788781.0,25498.007812,slice_mixed,rome_slow_close,tr0,exp1,bs1,data/colosseum-oran-commag-dataset/slice_mixed/rome_slow_close/tr0/exp1/bs1/bs1.csv,1814279.007812
1602351592474,9.0,1870229.875,14162.37793,slice_mixed,rome_slow_close,tr0,exp1,bs1,data/colosseum-oran-commag-dataset/slice_mixed/rome_slow_close/tr0/exp1/bs1/bs1.csv,1884392.25293
1602351592724,9.0,1989845.5,27264.0,slice_mixed,rome_slow_close,tr0,exp1,bs1,data/colosseum-oran-commag-dataset/slice_mixed/rome_slow_close/tr0/exp1/bs1/bs1.csv,2017109.5
1602351592974,9.0,2803984.0,79453.820312,slice_mixed,rome_slow_close,tr0,exp1,bs1,data/colosseum-oran-commag-dataset/slice_mixed/rome_slow_close/tr0/exp1/bs1/bs1.csv,2883437.820312
1602351593224,9.0,2148082.25,25657.371094,slice_mixed,rome_slow_close,tr0,exp1,bs1,data/colosseum-oran-commag-dataset/slice_mixed/rome_slow_close/tr0/exp1/bs1/bs1.csv,2173739.621094
1602351593474,9.0,2323965.75,37500.660156,slice_mixed,rome_slow_close,tr0,exp1,bs1,data/colosseum-oran-commag-dataset/slice_mixed/rome_slow_close/tr0/exp1/bs1/bs1.csv,2361466.410156
1602351593724,9.0,2242996.0,29960.160156,slice_mixed,rome_slow_close,tr0,exp1,bs1,data/colosseum-oran-commag-dataset/slice_mixed/rome_slow_close/tr0/exp1/bs1/bs1.csv,2272956.160156
1602351593974,9.0,2257477.75,31164.658203,slice_mixed,rome_slow_close,tr0,exp1,bs1,data/colosseum-oran-commag-dataset/slice_mixed/rome_slow_close/tr0/exp1/bs1/bs1.csv,2288642.408203
1602351594223,9.0,2016512.0,57184.0,slice_mixed,rome_slow_close,tr0,exp1,bs1,data/colosseum-oran-commag-dataset/slice_mixed/rome_slow_close/tr0/exp1/bs1/bs1.csv,2073696.0
1602351594474,9.0,2152191.25,29003.984375,slice_mixed,rome_slow_close,tr0,exp1,bs1,data/colosseum-oran-commag-dataset/slice_mixed/rome_slow_close/tr0/exp1/bs1/bs1.csv,2181195.234375
1602351594723,9.0,2423678.75,40224.898438,slice_mixed,rome_slow_close,tr0,exp1,bs1,data/colosseum-oran-commag-dataset/slice_mixed/rome_slow_close/tr0/exp1/bs1/bs1.csv,2463903.648438
1602351594973,9.0,2072768.0,61600.0,slice_mixed,rome_slow_close,tr0,exp1,bs1,data/colosseum-oran-commag-dataset/slice_mixed/rome_slow_close/tr0/exp1/bs1/bs1.csv,2134368.0
1602351595223,9.0,2232736.0,29504.0,slice_mixed,rome_slow_close,tr0,exp1,bs1,data/colosseum-oran-commag-dataset/slice_mixed/rome_slow_close/tr0/exp1/bs1/bs1.csv,2262240.0
1602351595473,9.0,1988544.0,39904.0,slice_mixed,rome_slow_close,tr0,exp1,bs1,data/colosseum-oran-commag-dataset/slice_mixed/rome_slow_close/tr0/exp1/bs1/bs1.csv,2028448.0
1602351595724,9.0,2267840.0,32352.0,slice_mixed,rome_slow_close,tr0,exp1,bs1,data/colosseum-oran-commag-dataset/slice_mixed/rome_slow_close/tr0/exp1/bs1/bs1.csv,2300192.0
1602351595974,9.0,2323488.0,27904.0,slice_mixed,rome_slow_close,tr0,exp1,bs1,data/colosseum-oran-commag-dataset/slice_mixed/rome_slow_close/tr0/exp1/bs1/bs1.csv,2351392.0
1602351596223,9.0,2055680.0,54464.0,slice_mixed,rome_slow_close,tr0,exp1,bs1,data/colosseum-oran-commag-dataset/slice_mixed/rome_slow_close/tr0/exp1/bs1/bs1.csv,2110144.0
1602351596473,9.0,2151168.0,40320.0,slice_mixed,rome_slow_close,tr0,exp1,bs1,data/colosseum-oran-commag-dataset/slice_mixed/rome_slow_close/tr0/exp1/bs1/bs1.csv,2191488.0
1602351596723,9.0,2352896.0,37024.0,slice_mixed,rome_slow_close,tr0,exp1,bs1,data/colosseum-oran-commag-dataset/slice_mixed/rome_slow_close/tr0/exp1/bs1/bs1.csv,2389920.0
1602351596973,9.0,2295648.0,60480.0,slice_mixed,rome_slow_close,tr0,exp1,bs1,data/colosseum-oran-commag-dataset/slice_mixed/rome_slow_close/tr0/exp1/bs1/bs1.csv,2356128.0
1602351597223,9.0,2167936.0,27744.0,slice_mixed,rome_slow_close,tr0,exp1,bs1,data/colosseum-oran-commag-dataset/slice_mixed/rome_slow_close/tr0/exp1/bs1/bs1.csv,2195680.0
1602351597473,9.0,2231458.25,46055.777344,slice_mixed,rome_slow_close,tr0,exp1,bs1,data/colosseum-oran-commag-dataset/slice_mixed/rome_slow_close/tr0/exp1/bs1/bs1.csv,2277514.027344
1602351597723,9.0,2411744.0,33120.0,slice_mixed,rome_slow_close,tr0,exp1,bs1,data/colosseum-oran-commag-dataset/slice_mixed/rome_slow_close/tr0/exp1/bs1/bs1.csv,2444864.0
1602351597974,9.0,2192016.75,58108.53125,slice_mixed,rome_slow_close,tr0,exp1,bs1,data/colosseum-oran-commag-dataset/slice_mixed/rome_slow_close/tr0/exp1/bs1/bs1.csv,2250125.28125
1602351598224,9.0,1752372.125,39298.804688,slice_mixed,rome_slow_close,tr0,exp1,bs1,data/colosseum-oran-commag-dataset/slice_mixed/rome_slow_close/tr0/exp1/bs1/bs1.csv,1791670.929688
1602351598474,9.0,2272288.0,34720.0,slice_mixed,rome_slow_close,tr0,exp1,bs1,data/colosseum-oran-commag-dataset/slice_mixed/rome_slow_close/tr0/exp1/bs1/bs1.csv,2307008.0
1602351598723,9.0,2527100.25,37044.175781,slice_mixed,rome_slow_close,tr0,exp1,bs1,data/colosseum-oran-commag-dataset/slice_mixed/rome_slow_close/tr0/exp1/bs1/bs1.csv,2564144.425781
1602351598974,9.0,2423012.0,31458.167969,slice_mixed,rome_slow_close,tr0,exp1,bs1,data/colosseum-oran-commag-dataset/slice_mixed/rome_slow_close/tr0/exp1/bs1/bs1.csv,2454470.167969
1602351599224,9.0,2385632.0,61248.0,slice_mixed,rome_slow_close,tr0,exp1,bs1,data/colosseum-oran-commag-dataset/slice_mixed/rome_slow_close/tr0/exp1/bs1/bs1.csv,2446880.0
1602351599474,9.0,2113440.0,34176.0,slice_mixed,rome_slow_close,tr0,exp1,bs1,data/colosseum-oran-commag-dataset/slice_mixed/rome_slow_close/tr0/exp1/bs1/bs1.csv,2147616.0
1602351599724,9.0,2327200.0,38688.0,slice_mixed,rome_slow_close,tr0,exp1,bs1,data/colosseum-oran-commag-dataset/slice_mixed/rome_slow_close/tr0/exp1/bs1/bs1.csv,2365888.0
1602351599974,9.0,2105735.0,31710.84375,slice_mixed,rome_slow_close,tr0,exp1,bs1,data/colosseum-oran-commag-dataset/slice_mixed/rome_slow_close/tr0/exp1/bs1/bs1.csv,2137445.84375
1602351600224,9.0,1255392.0,53728.0,slice_mixed,rome_slow_close,tr0,exp1,bs1,data/colosseum-oran-commag-dataset/slice_mixed/rome_slow_close/tr0/exp1/bs1/bs1.csv,1309120.0
1602351600474,9.0,2110374.5,15553.78418,slice_mixed,rome_slow_close,tr0,exp1,bs1,data/colosseum-oran-commag-dataset/slice_mixed/rome_slow_close/tr0/exp1/bs1/bs1.csv,2125928.28418
1602351600724,9.0,2368288.0,71232.0,slice_mixed,rome_slow_close,tr0,exp1,bs1,data/colosseum-oran-commag-dataset/slice_mixed/rome_slow_close/tr0/exp1/bs1/bs1.csv,2439520.0
1602351600974,9.0,1528738.875,62265.0625,slice_mixed,rome_slow_close,tr0,exp1,bs1,data/colosseum-oran-commag-dataset/slice_mixed/rome_slow_close/tr0/exp1/bs1/bs1.csv,1591003.9375
1602351601224,9.0,1520288.0,49632.0,slice_mixed,rome_slow_close,tr0,exp1,bs1,data/colosseum-oran-commag-dataset/slice_mixed/rome_slow_close/tr0/exp1/bs1/bs1.csv,1569920.0
1602351601473,9.0,1672032.0,21312.0,slice_mixed,rome_slow_close,tr0,exp1,bs1,data/colosseum-oran-commag-dataset/slice_mixed/rome_slow_close/tr0/exp1/bs1/bs1.csv,1693344.0
1602351601723,9.0,1215264.0,61408.0,slice_mixed,rome_slow_close,tr0,exp1,bs1,data/colosseum-oran-commag-dataset/slice_mixed/rome_slow_close/tr0/exp1/bs1/bs1.csv,1276672.0
1602351601973,9.0,1204672.0,33792.0,slice_mixed,rome_slow_close,tr0,exp1,bs1,data/colosseum-oran-commag-dataset/slice_mixed/rome_slow_close/tr0/exp1/bs1/bs1.csv,1238464.0
1602351602223,9.0,2437056.0,62944.0,slice_mixed,rome_slow_close,tr0,exp1,bs1,data/colosseum-oran-commag-dataset/slice_mixed/rome_slow_close/tr0/exp1/bs1/bs1.csv,2500000.0
1602351602473,9.0,2207168.0,4256.0,slice_mixed,rome_slow_close,tr0,exp1,bs1,data/colosseum-oran-commag-dataset/slice_mixed/rome_slow_close/tr0/exp1/bs1/bs1.csv,2211424.0
1602351602724,9.0,1990656.0,60768.0,slice_mixed,rome_slow_close,tr0,exp1,bs1,data/colosseum-oran-commag-dataset/slice_mixed/rome_slow_close/tr0/exp1/bs1/bs1.csv,2051424.0
1602351602973,9.0,2325248.0,0.0,slice_mixed,rome_slow_close,tr0,exp1,bs1,data/colosseum-oran-commag-dataset/slice_mixed/rome_slow_close/tr0/exp1/bs1/bs1.csv,2325248.0
1602351603224,9.0,1823584.0,69536.0,slice_mixed,rome_slow_close,tr0,exp1,bs1,data/colosseum-oran-commag-dataset/slice_mixed/rome_slow_close/tr0/exp1/bs1/bs1.csv,1893120.0
1602351603474,9.0,1694816.0,59904.0,slice_mixed,rome_slow_close,tr0,exp1,bs1,data/colosseum-oran-commag-dataset/slice_mixed/rome_slow_close/tr0/exp1/bs1/bs1.csv,1754720.0
1602351603723,9.0,1761888.0,61824.0,slice_mixed,rome_slow_close,tr0,exp1,bs1,data/colosseum-oran-commag-dataset/slice_mixed/rome_slow_close/tr0/exp1/bs1/bs1.csv,1823712.0
1602351603973,9.0,2047392.0,28832.0,slice_mixed,rome_slow_close,tr0,exp1,bs1,data/colosseum-oran-commag-dataset/slice_mixed/rome_slow_close/tr0/exp1/bs1/bs1.csv,2076224.0
1602351604223,9.0,1380908.375,61673.308594,slice_mixed,rome_slow_close,tr0,exp1,bs1,data/colosseum-oran-commag-dataset/slice_mixed/rome_slow_close/tr0/exp1/bs1/bs1.csv,1442581.683594
1602351604473,9.0,1609376.0,28800.0,slice_mixed,rome_slow_close,tr0,exp1,bs1,data/colosseum-oran-commag-dataset/slice_mixed/rome_slow_close/tr0/exp1/bs1/bs1.csv,1638176.0
1602351604723,9.0,1681158.25,38114.3125,slice_mixed,rome_slow_close,tr0,exp1,bs1,data/colosseum-oran-commag-dataset/slice_mixed/rome_slow_close/tr0/exp1/bs1/bs1.csv,1719272.5625
1602351604974,9.0,866683.375,42608.0625,slice_mixed,rome_slow_close,tr0,exp1,bs1,data/colosseum-oran-commag-dataset/slice_mixed/rome_slow_close/tr0/exp1/bs1/bs1.csv,909291.4375
1602351605224,9.0,1745944.375,41944.222656,slice_mixed,rome_slow_close,tr0,exp1,bs1,data/colosseum-oran-commag-dataset/slice_mixed/rome_slow_close/tr0/exp1/bs1/bs1.csv,1787888.597656
1602351605474,9.0,1949312.0,34208.0,slice_mixed,rome_slow_close,tr0,exp1,bs1,data/colosseum-oran-commag-dataset/slice_mixed/rome_slow_close/tr0/exp1/bs1/bs1.csv,1983520.0
1602351605724,9.0,1735488.0,46848.0,slice_mixed,rome_slow_close,tr0,exp1,bs1,data/colosseum-oran-commag-dataset/slice_mixed/rome_slow_close/tr0/exp1/bs1/bs1.csv,1782336.0
1602351605974,9.0,1596832.0,32064.0,slice_mixed,rome_slow_close,tr0,exp1,bs1,data/colosseum-oran-commag-dataset/slice_mixed/rome_slow_close/tr0/exp1/bs1/bs1.csv,1628896.0
1602351606224,9.0,1988608.0,29056.0,slice_mixed,rome_slow_close,tr0,exp1,bs1,data/colosseum-oran-commag-dataset/slice_mixed/rome_slow_close/tr0/exp1/bs1/bs1.csv,2017664.0
1602351606474,9.0,2094624.0,40704.0,slice_mixed,rome_slow_close,tr0,exp1,bs1,data/colosseum-oran-commag-dataset/slice_mixed/rome_slow_close/tr0/exp1/bs1/bs1.csv,2135328.0
1602351606724,9.0,1968320.0,39520.0,slice_mixed,rome_slow_close,tr0,exp1,bs1,data/colosseum-oran-commag-dataset/slice_mixed/rome_slow_close/tr0/exp1/bs1/bs1.csv,2007840.0
1602351606974,9.0,1876192.0,35200.0,slice_mixed,rome_slow_close,tr0,exp1,bs1,data/colosseum-oran-commag-dataset/slice_mixed/rome_slow_close/tr0/exp1/bs1/bs1.csv,1911392.0
1602351607224,9.0,2314409.75,25349.396484,slice_mixed,rome_slow_close,tr0,exp1,bs1,data/colosseum-oran-commag-dataset/slice_mixed/rome_slow_close/tr0/exp1/bs1/bs1.csv,2339759.146484
1602351607474,9.0,1309450.25,51219.125,slice_mixed,rome_slow_close,tr0,exp1,bs1,data/colosseum-oran-commag-dataset/slice_mixed/rome_slow_close/tr0/exp1/bs1/bs1.csv,1360669.375
1602351607724,9.0,1120224.875,19437.751953,slice_mixed,rome_slow_close,tr0,exp1,bs1,data/colosseum-oran-commag-dataset/slice_mixed/rome_slow_close/tr0/exp1/bs1/bs1.csv,1139662.626953
1602351607973,9.0,1921696.0,28032.0,slice_mixed,rome_slow_close,tr0,exp1,bs1,data/colosseum-oran-commag-dataset/slice_mixed/rome_slow_close/tr0/exp1/bs1/bs1.csv,1949728.0
1602351608223,9.0,1679872.0,49568.0,slice_mixed,rome_slow_close,tr0,exp1,bs1,data/colosseum-oran-commag-dataset/slice_mixed/rome_slow_close/tr0/exp1/bs1/bs1.csv,1729440.0
1602351608474,9.0,1165440.0,61216.0,slice_mixed,rome_slow_close,tr0,exp1,bs1,data/colosseum-oran-commag-dataset/slice_mixed/rome_slow_close/tr0/exp1/bs1/bs1.csv,1226656.0
1602351608724,9.0,1023232.0,50784.0,slice_mixed,rome_slow_close,tr0,exp1,bs1,data/colosseum-oran-commag-dataset/slice_mixed/rome_slow_close/tr0/exp1/bs1/bs1.csv,1074016.0
1602351608974,9.0,1536320.0,44192.0,slice_mixed,rome_slow_close,tr0,exp1,bs1,data/colosseum-oran-commag-dataset/slice_mixed/rome_slow_close/tr0/exp1/bs1/bs1.csv,1580512.0
1602351609223,9.0,1535296.0,24416.0,slice_mixed,rome_slow_close,tr0,exp1,bs1,data/colosseum-oran-commag-dataset/slice_mixed/rome_slow_close/tr0/exp1/bs1/bs1.csv,1559712.0
1602351609474,9.0,1783520.0,37824.0,slice_mixed,rome_slow_close,tr0,exp1,bs1,data/colosseum-oran-commag-dataset/slice_mixed/rome_slow_close/tr0/exp1/bs1/bs1.csv,1821344.0
1602351609723,9.0,1662752.0,47264.0,slice_mixed,rome_slow_close,tr0,exp1,bs1,data/colosseum-oran-commag-dataset/slice_mixed/rome_slow_close/tr0/exp1/bs1/bs1.csv,1710016.0
1602351609973,9.0,1718976.0,27488.0,slice_mixed,rome_slow_close,tr0,exp1,bs1,data/colosseum-oran-commag-dataset/slice_mixed/rome_slow_close/tr0/exp1/bs1/bs1.csv,1746464.0
1602351610223,9.0,1199712.0,51712.0,slice_mixed,rome_slow_close,tr0,exp1,bs1,data/colosseum-oran-commag-dataset/slice_mixed/rome_slow_close/tr0/exp1/bs1/bs1.csv,1251424.0
1602351610473,9.0,1491616.0,44416.0,slice_mixed,rome_slow_close,tr0,exp1,bs1,data/colosseum-oran-commag-dataset/slice_mixed/rome_slow_close/tr0/exp1/bs1/bs1.csv,1536032.0
1602351610724,9.0,2022151.375,45609.5625,slice_mixed,rome_slow_close,tr0,exp1,bs1,data/colosseum-oran-commag-dataset/slice_mixed/rome_slow_close/tr0/exp1/bs1/bs1.csv,2067760.9375
1602351610974,9.0,1993280.0,47168.0,slice_mixed,rome_slow_close,tr0,exp1,bs1,data/colosseum-oran-commag-dataset/slice_mixed/rome_slow_close/tr0/exp1/bs1/bs1.csv,2040448.0
1602351611223,9.0,1620658.625,25349.398438,slice_mixed,rome_slow_close,tr0,exp1,bs1,data/colosseum-oran-commag-dataset/slice_mixed/rome_slow_close/tr0/exp1/bs1/bs1.csv,1646008.023438
1602351611474,9.0,1622916.375,30374.501953,slice_mixed,rome_slow_close,tr0,exp1,bs1,data/colosseum-oran-commag-dataset/slice_mixed/rome_slow_close/tr0/exp1/bs1/bs1.csv,1653290.876953
1602351611724,9.0,2021472.0,64448.0,slice_mixed,rome_slow_close,tr0,exp1,bs1,data/colosseum-oran-commag-dataset/slice_mixed/rome_slow_close/tr0/exp1/bs1/bs1.csv,2085920.0
1602351611974,9.0,2172896.0,42720.0,slice_mixed,rome_slow_close,tr0,exp1,bs1,data/colosseum-oran-commag-dataset/slice_mixed/rome_slow_close/tr0/exp1/bs1/bs1.csv,2215616.0
1602351612224,9.0,1785396.5,36320.0,slice_mixed,rome_slow_close,tr0,exp1,bs1,data/colosseum-oran-commag-dataset/slice_mixed/rome_slow_close/tr0/exp1/bs1/bs1.csv,1821716.5
1602351612474,9.0,1717728.0,43840.0,slice_mixed,rome_slow_close,tr0,exp1,bs1,data/colosseum-oran-commag-dataset/slice_mixed/rome_slow_close/tr0/exp1/bs1/bs1.csv,1761568.0
1602351612724,9.0,1612947.75,25542.167969,slice_mixed,rome_slow_close,tr0,exp1,bs1,data/colosseum-oran-commag-dataset/slice_mixed/rome_slow_close/tr0/exp1/bs1/bs1.csv,1638489.917969
1602351612974,9.0,1802422.25,47840.636719,slice_mixed,rome_slow_close,tr0,exp1,bs1,data/colosseum-oran-commag-dataset/slice_mixed/rome_slow_close/tr0/exp1/bs1/bs1.csv,1850262.886719
1602351613224,9.0,2369670.5,31132.529297,slice_mixed,rome_slow_close,tr0,exp1,bs1,data/colosseum-oran-commag-dataset/slice_mixed/rome_slow_close/tr0/exp1/bs1/bs1.csv,2400803.029297
1602351613474,9.0,1449179.25,29450.199219,slice_mixed,rome_slow_close,tr0,exp1,bs1,data/colosseum-oran-commag-dataset/slice_mixed/rome_slow_close/tr0/exp1/bs1/bs1.csv,1478629.449219
1602351613724,9.0,1801408.0,39328.0,slice_mixed,rome_slow_close,tr0,exp1,bs1,data/colosseum-oran-commag-dataset/slice_mixed/rome_slow_close/tr0/exp1/bs1/bs1.csv,1840736.0
1602351613974,9.0,1944514.0,27662.650391,slice_mixed,rome_slow_close,tr0,exp1,bs1,data/colosseum-oran-commag-dataset/slice_mixed/rome_slow_close/tr0/exp1/bs1/bs1.csv,1972176.650391
1602351614224,9.0,1450624.0,26368.0,slice_mixed,rome_slow_close,tr0,exp1,bs1,data/colosseum-oran-commag-dataset/slice_mixed/rome_slow_close/tr0/exp1/bs1/bs1.csv,1476992.0
1602351614473,9.0,1429664.0,32800.0,slice_mixed,rome_slow_close,tr0,exp1,bs1,data/colosseum-oran-commag-dataset/slice_mixed/rome_slow_close/tr0/exp1/bs1/bs1.csv,1462464.0
1602351614723,9.0,1528000.0,39712.0,slice_mixed,rome_slow_close,tr0,exp1,bs1,data/colosseum-oran-commag-dataset/slice_mixed/rome_slow_close/tr0/exp1/bs1/bs1.csv,1567712.0
1602351614973,9.0,1342144.0,13184.0,slice_mixed,rome_slow_close,tr0,exp1,bs1,data/colosseum-oran-commag-dataset/slice_mixed/rome_slow_close/tr0/exp1/bs1/bs1.csv,1355328.0
1602351615224,9.0,1541312.0,56096.0,slice_mixed,rome_slow_close,tr0,exp1,bs1,data/colosseum-oran-commag-dataset/slice_mixed/rome_slow_close/tr0/exp1/bs1/bs1.csv,1597408.0
1602351615474,9.0,1768544.0,60640.0,slice_mixed,rome_slow_close,tr0,exp1,bs1,data/colosseum-oran-commag-dataset/slice_mixed/rome_slow_close/tr0/exp1/bs1/bs1.csv,1829184.0
1602351615723,9.0,1693952.0,90592.0,slice_mixed,rome_slow_close,tr0,exp1,bs1,data/colosseum-oran-commag-dataset/slice_mixed/rome_slow_close/tr0/exp1/bs1/bs1.csv,1784544.0
1602351615974,9.0,1749536.0,58592.0,slice_mixed,rome_slow_close,tr0,exp1,bs1,data/colosseum-oran-commag-dataset/slice_mixed/rome_slow_close/tr0/exp1/bs1/bs1.csv,1808128.0
1602351616223,9.0,2125536.0,31776.0,slice_mixed,rome_slow_close,tr0,exp1,bs1,data/colosseum-oran-commag-dataset/slice_mixed/rome_slow_close/tr0/exp1/bs1/bs1.csv,2157312.0
1602351616473,9.0,1411232.0,49440.0,slice_mixed,rome_slow_close,tr0,exp1,bs1,data/colosseum-oran-commag-dataset/slice_mixed/rome_slow_close/tr0/exp1/bs1/bs1.csv,1460672.0
1602351616723,9.0,1573984.0,31936.0,slice_mixed,rome_slow_close,tr0,exp1,bs1,data/colosseum-oran-commag-dataset/slice_mixed/rome_slow_close/tr0/exp1/bs1/bs1.csv,1605920.0
1602351616973,9.0,1141216.0,50208.0,slice_mixed,rome_slow_close,tr0,exp1,bs1,data/colosseum-oran-commag-dataset/slice_mixed/rome_slow_close/tr0/exp1/bs1/bs1.csv,1191424.0
1602351617224,9.0,1612494.0,29705.179688,slice_mixed,rome_slow_close,tr0,exp1,bs1,data/colosseum-oran-commag-dataset/slice_mixed/rome_slow_close/tr0/exp1/bs1/bs1.csv,1642199.179688
1602351617474,9.0,1658048.0,35168.0,slice_mixed,rome_slow_close,tr0,exp1,bs1,data/colosseum-oran-commag-dataset/slice_mixed/rome_slow_close/tr0/exp1/bs1/bs1.csv,1693216.0
1602351617723,9.0,1519456.0,51392.0,slice_mixed,rome_slow_close,tr0,exp1,bs1,data/colosseum-oran-commag-dataset/slice_mixed/rome_slow_close/tr0/exp1/bs1/bs1.csv,1570848.0
1602351617973,9.0,1513787.625,29236.947266,slice_mixed,rome_slow_close,tr0,exp1,bs1,data/colosseum-oran-commag-dataset/slice_mixed/rome_slow_close/tr0/exp1/bs1/bs1.csv,1543024.572266
1602351618224,9.0,2000209.75,56459.050781,slice_mixed,rome_slow_close,tr0,exp1,bs1,data/colosseum-oran-commag-dataset/slice_mixed/rome_slow_close/tr0/exp1/bs1/bs1.csv,2056668.800781
1602351618474,9.0,2215392.0,34944.0,slice_mixed,rome_slow_close,tr0,exp1,bs1,data/colosseum-oran-commag-dataset/slice_mixed/rome_slow_close/tr0/exp1/bs1/bs1.csv,2250336.0
1602351618724,9.0,2211155.25,45673.304688,slice_mixed,rome_slow_close,tr0,exp1,bs1,data/colosseum-oran-commag-dataset/slice_mixed/rome_slow_close/tr0/exp1/bs1/bs1.csv,2256828.554688
1602351618974,9.0,1751104.0,57376.0,slice_mixed,rome_slow_close,tr0,exp1,bs1,data/colosseum-oran-commag-dataset/slice_mixed/rome_slow_close/tr0/exp1/bs1/bs1.csv,1808480.0
1602351619224,9.0,2775488.0,24832.0,slice_mixed,rome_slow_close,tr0,exp1,bs1,data/colosseum-oran-commag-dataset/slice_mixed/rome_slow_close/tr0/exp1/bs1/bs1.csv,2800320.0
1602351619474,9.0,1962944.0,50240.0,slice_mixed,rome_slow_close,tr0,exp1,bs1,data/colosseum-oran-commag-dataset/slice_mixed/rome_slow_close/tr0/exp1/bs1/bs1.csv,2013184.0
1602351619724,9.0,1306033.125,30752.0,slice_mixed,rome_slow_close,tr0,exp1,bs1,data/colosseum-oran-commag-dataset/slice_mixed/rome_slow_close/tr0/exp1/bs1/bs1.csv,1336785.125
1602351619973,9.0,1727397.75,45332.304688,slice_mixed,rome_slow_close,tr0,exp1,bs1,data/colosseum-oran-commag-dataset/slice_mixed/rome_slow_close/tr0/exp1/bs1/bs1.csv,1772730.054688
1602351620224,9.0,1601600.0,40032.0,slice_mixed,rome_slow_close,tr0,exp1,bs1,data/colosseum-oran-commag-dataset/slice_mixed/rome_slow_close/tr0/exp1/bs1/bs1.csv,1641632.0
1602351620473,9.0,1777248.0,40704.0,slice_mixed,rome_slow_close,tr0,exp1,bs1,data/colosseum-oran-commag-dataset/slice_mixed/rome_slow_close/tr0/exp1/bs1/bs1.csv,1817952.0
1602351620723,9.0,1760992.0,39872.0,slice_mixed,rome_slow_close,tr0,exp1,bs1,data/colosseum-oran-commag-dataset/slice_mixed/rome_slow_close/tr0/exp1/bs1/bs1.csv,1800864.0
1602351620973,9.0,1820448.0,58784.0,slice_mixed,rome_slow_close,tr0,exp1,bs1,data/colosseum-oran-commag-dataset/slice_mixed/rome_slow_close/tr0/exp1/bs1/bs1.csv,1879232.0
1602351621224,9.0,2268640.0,26848.0,slice_mixed,rome_slow_close,tr0,exp1,bs1,data/colosseum-oran-commag-dataset/slice_mixed/rome_slow_close/tr0/exp1/bs1/bs1.csv,2295488.0
1602351621473,9.0,1667776.0,37568.0,slice_mixed,rome_slow_close,tr0,exp1,bs1,data/colosseum-oran-commag-dataset/slice_mixed/rome_slow_close/tr0/exp1/bs1/bs1.csv,1705344.0
1602351621724,9.0,2109760.0,55616.0,slice_mixed,rome_slow_close,tr0,exp1,bs1,data/colosseum-oran-commag-dataset/slice_mixed/rome_slow_close/tr0/exp1/bs1/bs1.csv,2165376.0
1602351621973,9.0,1211968.0,28064.0,slice_mixed,rome_slow_close,tr0,exp1,bs1,data/colosseum-oran-commag-dataset/slice_mixed/rome_slow_close/tr0/exp1/bs1/bs1.csv,1240032.0
1602351622223,9.0,1768192.0,32768.0,slice_mixed,rome_slow_close,tr0,exp1,bs1,data/colosseum-oran-commag-dataset/slice_mixed/rome_slow_close/tr0/exp1/bs1/bs1.csv,1800960.0
1602351622473,9.0,1759680.0,34176.0,slice_mixed,rome_slow_close,tr0,exp1,bs1,data/colosseum-oran-commag-dataset/slice_mixed/rome_slow_close/tr0/exp1/bs1/bs1.csv,1793856.0
1602351622724,9.0,1717120.0,43488.0,slice_mixed,rome_slow_close,tr0,exp1,bs1,data/colosseum-oran-commag-dataset/slice_mixed/rome_slow_close/tr0/exp1/bs1/bs1.csv,1760608.0
1602351622973,9.0,1617280.0,60960.0,slice_mixed,rome_slow_close,tr0,exp1,bs1,data/colosseum-oran-commag-dataset/slice_mixed/rome_slow_close/tr0/exp1/bs1/bs1.csv,1678240.0
1602351623223,9.0,2357792.0,31552.0,slice_mixed,rome_slow_close,tr0,exp1,bs1,data/colosseum-oran-commag-dataset/slice_mixed/rome_slow_close/tr0/exp1/bs1/bs1.csv,2389344.0
1602351623473,9.0,2433856.0,41056.0,slice_mixed,rome_slow_close,tr0,exp1,bs1,data/colosseum-oran-commag-dataset/slice_mixed/rome_slow_close/tr0/exp1/bs1/bs1.csv,2474912.0
1602351623724,9.0,2147936.0,48544.0,slice_mixed,rome_slow_close,tr0,exp1,bs1,data/colosseum-oran-commag-dataset/slice_mixed/rome_slow_close/tr0/exp1/bs1/bs1.csv,2196480.0
1602351623973,9.0,2158789.0,33019.921875,slice_mixed,rome_slow_close,tr0,exp1,bs1,data/colosseum-oran-commag-dataset/slice_mixed/rome_slow_close/tr0/exp1/bs1/bs1.csv,2191808.921875
1602351624223,9.0,2066880.0,66048.0,slice_mixed,rome_slow_close,tr0,exp1,bs1,data/colosseum-oran-commag-dataset/slice_mixed/rome_slow_close/tr0/exp1/bs1/bs1.csv,2132928.0
1602351624474,9.0,2196224.0,20384.0,slice_mixed,rome_slow_close,tr0,exp1,bs1,data/colosseum-oran-commag-dataset/slice_mixed/rome_slow_close/tr0/exp1/bs1/bs1.csv,2216608.0
1602351624724,9.0,2550624.0,61376.0,slice_mixed,rome_slow_close,tr0,exp1,bs1,data/colosseum-oran-commag-dataset/slice_mixed/rome_slow_close/tr0/exp1/bs1/bs1.csv,2612000.0
1602351624974,9.0,2258912.0,59520.0,slice_mixed,rome_slow_close,tr0,exp1,bs1,data/colosseum-oran-commag-dataset/slice_mixed/rome_slow_close/tr0/exp1/bs1/bs1.csv,2318432.0
1602351625224,9.0,2465735.0,13076.305664,slice_mixed,rome_slow_close,tr0,exp1,bs1,data/colosseum-oran-commag-dataset/slice_mixed/rome_slow_close/tr0/exp1/bs1/bs1.csv,2478811.305664
1602351625474,9.0,2543394.5,29960.160156,slice_mixed,rome_slow_close,tr0,exp1,bs1,data/colosseum-oran-commag-dataset/slice_mixed/rome_slow_close/tr0/exp1/bs1/bs1.csv,2573354.660156
1602351625724,9.0,2118683.0,41188.753906,slice_mixed,rome_slow_close,tr0,exp1,bs1,data/colosseum-oran-commag-dataset/slice_mixed/rome_slow_close/tr0/exp1/bs1/bs1.csv,2159871.753906
1602351625974,9.0,2357800.75,43059.761719,slice_mixed,rome_slow_close,tr0,exp1,bs1,data/colosseum-oran-commag-dataset/slice_mixed/rome_slow_close/tr0/exp1/bs1/bs1.csv,2400860.511719
1602351626224,9.0,2582528.0,47552.0,slice_mixed,rome_slow_close,tr0,exp1,bs1,data/colosseum-oran-commag-dataset/slice_mixed/rome_slow_close/tr0/exp1/bs1/bs1.csv,2630080.0
1602351626474,9.0,2240288.0,25440.0,slice_mixed,rome_slow_close,tr0,exp1,bs1,data/colosseum-oran-commag-dataset/slice_mixed/rome_slow_close/tr0/exp1/bs1/bs1.csv,2265728.0
1602351626724,9.0,2497670.75,60048.191406,slice_mixed,rome_slow_close,tr0,exp1,bs1,data/colosseum-oran-commag-dataset/slice_mixed/rome_slow_close/tr0/exp1/bs1/bs1.csv,2557718.941406
1602351626973,9.0,2644352.0,44224.0,slice_mixed,rome_slow_close,tr0,exp1,bs1,data/colosseum-oran-commag-dataset/slice_mixed/rome_slow_close/tr0/exp1/bs1/bs1.csv,2688576.0
1602351627223,9.0,2462560.0,45984.0,slice_mixed,rome_slow_close,tr0,exp1,bs1,data/colosseum-oran-commag-dataset/slice_mixed/rome_slow_close/tr0/exp1/bs1/bs1.csv,2508544.0
1602351627473,9.0,2433600.0,50528.0,slice_mixed,rome_slow_close,tr0,exp1,bs1,data/colosseum-oran-commag-dataset/slice_mixed/rome_slow_close/tr0/exp1/bs1/bs1.csv,2484128.0
1602351627723,9.0,2451616.0,36736.0,slice_mixed,rome_slow_close,tr0,exp1,bs1,data/colosseum-oran-commag-dataset/slice_mixed/rome_slow_close/tr0/exp1/bs1/bs1.csv,2488352.0
1602351627973,9.0,2810720.0,66624.0,slice_mixed,rome_slow_close,tr0,exp1,bs1,data/colosseum-oran-commag-dataset/slice_mixed/rome_slow_close/tr0/exp1/bs1/bs1.csv,2877344.0
1602351628223,9.0,2901088.0,21952.0,slice_mixed,rome_slow_close,tr0,exp1,bs1,data/colosseum-oran-commag-dataset/slice_mixed/rome_slow_close/tr0/exp1/bs1/bs1.csv,2923040.0
1602351628473,9.0,3030176.0,15776.0,slice_mixed,rome_slow_close,tr0,exp1,bs1,data/colosseum-oran-commag-dataset/slice_mixed/rome_slow_close/tr0/exp1/bs1/bs1.csv,3045952.0
1602351628723,9.0,2164480.0,38912.0,slice_mixed,rome_slow_close,tr0,exp1,bs1,data/colosseum-oran-commag-dataset/slice_mixed/rome_slow_close/tr0/exp1/bs1/bs1.csv,2203392.0
1602351628973,9.0,1989984.0,68032.0,slice_mixed,rome_slow_close,tr0,exp1,bs1,data/colosseum-oran-commag-dataset/slice_mixed/rome_slow_close/tr0/exp1/bs1/bs1.csv,2058016.0
1602351629223,9.0,2617216.0,47200.0,slice_mixed,rome_slow_close,tr0,exp1,bs1,data/colosseum-oran-commag-dataset/slice_mixed/rome_slow_close/tr0/exp1/bs1/bs1.csv,2664416.0
1602351629473,9.0,2651392.0,1568.0,slice_mixed,rome_slow_close,tr0,exp1,bs1,data/colosseum-oran-commag-dataset/slice_mixed/rome_slow_close/tr0/exp1/bs1/bs1.csv,2652960.0
1602351629723,9.0,1930208.0,41600.0,slice_mixed,rome_slow_close,tr0,exp1,bs1,data/colosseum-oran-commag-dataset/slice_mixed/rome_slow_close/tr0/exp1/bs1/bs1.csv,1971808.0
1602351629974,9.0,2139904.0,53120.0,slice_mixed,rome_slow_close,tr0,exp1,bs1,data/colosseum-oran-commag-dataset/slice_mixed/rome_slow_close/tr0/exp1/bs1/bs1.csv,2193024.0
1602351630223,9.0,2110240.0,29056.0,slice_mixed,rome_slow_close,tr0,exp1,bs1,data/colosseum-oran-commag-dataset/slice_mixed/rome_slow_close/tr0/exp1/bs1/bs1.csv,2139296.0
1602351630473,9.0,2220876.25,35505.976562,slice_mixed,rome_slow_close,tr0,exp1,bs1,data/colosseum-oran-commag-dataset/slice_mixed/rome_slow_close/tr0/exp1/bs1/bs1.csv,2256382.226562
1602351630723,9.0,2049632.0,47232.0,slice_mixed,rome_slow_close,tr0,exp1,bs1,data/colosseum-oran-commag-dataset/slice_mixed/rome_slow_close/tr0/exp1/bs1/bs1.csv,2096864.0
1602351630974,9.0,2202506.0,68915.664062,slice_mixed,rome_slow_close,tr0,exp1,bs1,data/colosseum-oran-commag-dataset/slice_mixed/rome_slow_close/tr0/exp1/bs1/bs1.csv,2271421.664062
1602351631224,9.0,2178581.75,30756.970703,slice_mixed,rome_slow_close,tr0,exp1,bs1,data/colosseum-oran-commag-dataset/slice_mixed/rome_slow_close/tr0/exp1/bs1/bs1.csv,2209338.720703
1602351631474,9.0,2008608.0,39648.0,slice_mixed,rome_slow_close,tr0,exp1,bs1,data/colosseum-oran-commag-dataset/slice_mixed/rome_slow_close/tr0/exp1/bs1/bs1.csv,2048256.0
1602351631724,9.0,2841510.0,38072.289062,slice_mixed,rome_slow_close,tr0,exp1,bs1,data/colosseum-oran-commag-dataset/slice_mixed/rome_slow_close/tr0/exp1/bs1/bs1.csv,2879582.289062
1602351631974,9.0,2487424.0,61472.0,slice_mixed,rome_slow_close,tr0,exp1,bs1,data/colosseum-oran-commag-dataset/slice_mixed/rome_slow_close/tr0/exp1/bs1/bs1.csv,2548896.0
1602351632224,9.0,1927232.0,37024.0,slice_mixed,rome_slow_close,tr0,exp1,bs1,data/colosseum-oran-commag-dataset/slice_mixed/rome_slow_close/tr0/exp1/bs1/bs1.csv,1964256.0
1602351632474,9.0,1485035.875,35314.742188,slice_mixed,rome_slow_close,tr0,exp1,bs1,data/colosseum-oran-commag-dataset/slice_mixed/rome_slow_close/tr0/exp1/bs1/bs1.csv,1520350.617188
1602351632724,9.0,1138016.0,51936.0,slice_mixed,rome_slow_close,tr0,exp1,bs1,data/colosseum-oran-commag-dataset/slice_mixed/rome_slow_close/tr0/exp1/bs1/bs1.csv,1189952.0
1602351632973,9.0,1045654.5625,42506.023438,slice_mixed,rome_slow_close,tr0,exp1,bs1,data/colosseum-oran-commag-dataset/slice_mixed/rome_slow_close/tr0/exp1/bs1/bs1.csv,1088160.585938
1602351633223,9.0,2076352.0,55392.0,slice_mixed,rome_slow_close,tr0,exp1,bs1,data/colosseum-oran-commag-dataset/slice_mixed/rome_slow_close/tr0/exp1/bs1/bs1.csv,2131744.0
1602351633473,9.0,1511200.0,45792.0,slice_mixed,rome_slow_close,tr0,exp1,bs1,data/colosseum-oran-commag-dataset/slice_mixed/rome_slow_close/tr0/exp1/bs1/bs1.csv,1556992.0
1602351633723,9.0,1274240.0,40864.0,slice_mixed,rome_slow_close,tr0,exp1,bs1,data/colosseum-oran-commag-dataset/slice_mixed/rome_slow_close/tr0/exp1/bs1/bs1.csv,1315104.0
1602351633973,9.0,1916864.0,60928.0,slice_mixed,rome_slow_close,tr0,exp1,bs1,data/colosseum-oran-commag-dataset/slice_mixed/rome_slow_close/tr0/exp1/bs1/bs1.csv,1977792.0
1602351634224,9.0,2000896.0,39552.0,slice_mixed,rome_slow_close,tr0,exp1,bs1,data/colosseum-oran-commag-dataset/slice_mixed/rome_slow_close/tr0/exp1/bs1/bs1.csv,2040448.0
1602351634473,9.0,2080032.0,37408.0,slice_mixed,rome_slow_close,tr0,exp1,bs1,data/colosseum-oran-commag-dataset/slice_mixed/rome_slow_close/tr0/exp1/bs1/bs1.csv,2117440.0
1602351634724,9.0,1996672.0,37600.0,slice_mixed,rome_slow_close,tr0,exp1,bs1,data/colosseum-oran-commag-dataset/slice_mixed/rome_slow_close/tr0/exp1/bs1/bs1.csv,2034272.0
1602351634973,9.0,1476704.0,48096.0,slice_mixed,rome_slow_close,tr0,exp1,bs1,data/colosseum-oran-commag-dataset/slice_mixed/rome_slow_close/tr0/exp1/bs1/bs1.csv,1524800.0
1602351635224,9.0,1309248.0,40128.0,slice_mixed,rome_slow_close,tr0,exp1,bs1,data/colosseum-oran-commag-dataset/slice_mixed/rome_slow_close/tr0/exp1/bs1/bs1.csv,1349376.0
1602351635473,9.0,1693440.0,7200.0,slice_mixed,rome_slow_close,tr0,exp1,bs1,data/colosseum-oran-commag-dataset/slice_mixed/rome_slow_close/tr0/exp1/bs1/bs1.csv,1700640.0
1602351635723,9.0,1304288.0,50112.0,slice_mixed,rome_slow_close,tr0,exp1,bs1,data/colosseum-oran-commag-dataset/slice_mixed/rome_slow_close/tr0/exp1/bs1/bs1.csv,1354400.0
1602351635973,9.0,2022400.0,70784.0,slice_mixed,rome_slow_close,tr0,exp1,bs1,data/colosseum-oran-commag-dataset/slice_mixed/rome_slow_close/tr0/exp1/bs1/bs1.csv,2093184.0
1602351636223,9.0,2155904.0,49472.0,slice_mixed,rome_slow_close,tr0,exp1,bs1,data/colosseum-oran-commag-dataset/slice_mixed/rome_slow_close/tr0/exp1/bs1/bs1.csv,2205376.0
1602351636473,9.0,1732160.0,45536.0,slice_mixed,rome_slow_close,tr0,exp1,bs1,data/colosseum-oran-commag-dataset/slice_mixed/rome_slow_close/tr0/exp1/bs1/bs1.csv,1777696.0
1602351636723,9.0,1220096.0,23616.0,slice_mixed,rome_slow_close,tr0,exp1,bs1,data/colosseum-oran-commag-dataset/slice_mixed/rome_slow_close/tr0/exp1/bs1/bs1.csv,1243712.0
1602351636974,9.0,1599584.0,53504.0,slice_mixed,rome_slow_close,tr0,exp1,bs1,data/colosseum-oran-commag-dataset/slice_mixed/rome_slow_close/tr0/exp1/bs1/bs1.csv,1653088.0
1602351637224,9.0,1735456.0,42080.0,slice_mixed,rome_slow_close,tr0,exp1,bs1,data/colosseum-oran-commag-dataset/slice_mixed/rome_slow_close/tr0/exp1/bs1/bs1.csv,1777536.0
1602351637474,9.0,1974502.0,28972.111328,slice_mixed,rome_slow_close,tr0,exp1,bs1,data/colosseum-oran-commag-dataset/slice_mixed/rome_slow_close/tr0/exp1/bs1/bs1.csv,2003474.111328
1602351637724,9.0,2285408.0,49312.0,slice_mixed,rome_slow_close,tr0,exp1,bs1,data/colosseum-oran-commag-dataset/slice_mixed/rome_slow_close/tr0/exp1/bs1/bs1.csv,2334720.0
1602351637974,9.0,2508896.0,40736.0,slice_mixed,rome_slow_close,tr0,exp1,bs1,data/colosseum-oran-commag-dataset/slice_mixed/rome_slow_close/tr0/exp1/bs1/bs1.csv,2549632.0
1602351638224,9.0,2465088.0,45952.0,slice_mixed,rome_slow_close,tr0,exp1,bs1,data/colosseum-oran-commag-dataset/slice_mixed/rome_slow_close/tr0/exp1/bs1/bs1.csv,2511040.0
1602351638474,9.0,2290528.0,5824.0,slice_mixed,rome_slow_close,tr0,exp1,bs1,data/colosseum-oran-commag-dataset/slice_mixed/rome_slow_close/tr0/exp1/bs1/bs1.csv,2296352.0
1602351638724,9.0,2435968.0,37152.0,slice_mixed,rome_slow_close,tr0,exp1,bs1,data/colosseum-oran-commag-dataset/slice_mixed/rome_slow_close/tr0/exp1/bs1/bs1.csv,2473120.0
1602351638974,9.0,2356032.0,85728.0,slice_mixed,rome_slow_close,tr0,exp1,bs1,data/colosseum-oran-commag-dataset/slice_mixed/rome_slow_close/tr0/exp1/bs1/bs1.csv,2441760.0
1602351639224,9.0,2461088.0,33152.0,slice_mixed,rome_slow_close,tr0,exp1,bs1,data/colosseum-oran-commag-dataset/slice_mixed/rome_slow_close/tr0/exp1/bs1/bs1.csv,2494240.0
1602351639474,9.0,1998368.0,2592.0,slice_mixed,rome_slow_close,tr0,exp1,bs1,data/colosseum-oran-commag-dataset/slice_mixed/rome_slow_close/tr0/exp1/bs1/bs1.csv,2000960.0
1602351639723,9.0,2680963.75,119100.398438,slice_mixed,rome_slow_close,tr0,exp1,bs1,data/colosseum-oran-commag-dataset/slice_mixed/rome_slow_close/tr0/exp1/bs1/bs1.csv,2800064.148438
1602351639974,9.0,2843680.0,53536.0,slice_mixed,rome_slow_close,tr0,exp1,bs1,data/colosseum-oran-commag-dataset/slice_mixed/rome_slow_close/tr0/exp1/bs1/bs1.csv,2897216.0
1602351640223,9.0,2438720.0,50080.0,slice_mixed,rome_slow_close,tr0,exp1,bs1,data/colosseum-oran-commag-dataset/slice_mixed/rome_slow_close/tr0/exp1/bs1/bs1.csv,2488800.0
1602351640473,9.0,2426496.0,13856.0,slice_mixed,rome_slow_close,tr0,exp1,bs1,data/colosseum-oran-commag-dataset/slice_mixed/rome_slow_close/tr0/exp1/bs1/bs1.csv,2440352.0
1602351640723,9.0,2790336.0,59520.0,slice_mixed,rome_slow_close,tr0,exp1,bs1,data/colosseum-oran-commag-dataset/slice_mixed/rome_slow_close/tr0/exp1/bs1/bs1.csv,2849856.0
1602351640973,9.0,2754976.0,83936.0,slice_mixed,rome_slow_close,tr0,exp1,bs1,data/colosseum-oran-commag-dataset/slice_mixed/rome_slow_close/tr0/exp1/bs1/bs1.csv,2838912.0
1602351641223,9.0,2817280.0,35616.0,slice_mixed,rome_slow_close,tr0,exp1,bs1,data/colosseum-oran-commag-dataset/slice_mixed/rome_slow_close/tr0/exp1/bs1/bs1.csv,2852896.0
1602351641474,9.0,2757888.0,19264.0,slice_mixed,rome_slow_close,tr0,exp1,bs1,data/colosseum-oran-commag-dataset/slice_mixed/rome_slow_close/tr0/exp1/bs1/bs1.csv,2777152.0
1602351641723,9.0,2773344.0,45184.0,slice_mixed,rome_slow_close,tr0,exp1,bs1,data/colosseum-oran-commag-dataset/slice_mixed/rome_slow_close/tr0/exp1/bs1/bs1.csv,2818528.0
1602351641973,9.0,3161600.0,31584.0,slice_mixed,rome_slow_close,tr0,exp1,bs1,data/colosseum-oran-commag-dataset/slice_mixed/rome_slow_close/tr0/exp1/bs1/bs1.csv,3193184.0
1602351642224,9.0,2808384.0,65088.0,slice_mixed,rome_slow_close,tr0,exp1,bs1,data/colosseum-oran-commag-dataset/slice_mixed/rome_slow_close/tr0/exp1/bs1/bs1.csv,2873472.0
1602351642473,9.0,2620832.0,26624.0,slice_mixed,rome_slow_close,tr0,exp1,bs1,data/colosseum-oran-commag-dataset/slice_mixed/rome_slow_close/tr0/exp1/bs1/bs1.csv,2647456.0
1602351642724,9.0,2752832.0,25920.0,slice_mixed,rome_slow_close,tr0,exp1,bs1,data/colosseum-oran-commag-dataset/slice_mixed/rome_slow_close/tr0/exp1/bs1/bs1.csv,2778752.0
1602351642973,9.0,2309824.0,76160.0,slice_mixed,rome_slow_close,tr0,exp1,bs1,data/colosseum-oran-commag-dataset/slice_mixed/rome_slow_close/tr0/exp1/bs1/bs1.csv,2385984.0
1602351643223,9.0,2362752.0,24288.0,slice_mixed,rome_slow_close,tr0,exp1,bs1,data/colosseum-oran-commag-dataset/slice_mixed/rome_slow_close/tr0/exp1/bs1/bs1.csv,2387040.0
1602351643474,9.0,2010528.0,13920.0,slice_mixed,rome_slow_close,tr0,exp1,bs1,data/colosseum-oran-commag-dataset/slice_mixed/rome_slow_close/tr0/exp1/bs1/bs1.csv,2024448.0
1602351643724,9.0,2189482.0,33115.539062,slice_mixed,rome_slow_close,tr0,exp1,bs1,data/colosseum-oran-commag-dataset/slice_mixed/rome_slow_close/tr0/exp1/bs1/bs1.csv,2222597.539062
1602351643974,9.0,1185248.0,0.0,slice_mixed,rome_slow_close,tr0,exp1,bs1,data/colosseum-oran-commag-dataset/slice_mixed/rome_slow_close/tr0/exp1/bs1/bs1.csv,1185248.0
1602351644224,9.0,2081253.0,94779.109375,slice_mixed,rome_slow_close,tr0,exp1,bs1,data/colosseum-oran-commag-dataset/slice_mixed/rome_slow_close/tr0/exp1/bs1/bs1.csv,2176032.109375
1602351644474,9.0,1710688.0,17440.0,slice_mixed,rome_slow_close,tr0,exp1,bs1,data/colosseum-oran-commag-dataset/slice_mixed/rome_slow_close/tr0/exp1/bs1/bs1.csv,1728128.0
1602351644724,9.0,2536701.5,42804.78125,slice_mixed,rome_slow_close,tr0,exp1,bs1,data/colosseum-oran-commag-dataset/slice_mixed/rome_slow_close/tr0/exp1/bs1/bs1.csv,2579506.28125
1602351644974,9.0,2200384.0,65376.0,slice_mixed,rome_slow_close,tr0,exp1,bs1,data/colosseum-oran-commag-dataset/slice_mixed/rome_slow_close/tr0/exp1/bs1/bs1.csv,2265760.0
1602351645224,9.0,2426988.25,48000.0,slice_mixed,rome_slow_close,tr0,exp1,bs1,data/colosseum-oran-commag-dataset/slice_mixed/rome_slow_close/tr0/exp1/bs1/bs1.csv,2474988.25
1602351645474,9.0,2104416.0,21600.0,slice_mixed,rome_slow_close,tr0,exp1,bs1,data/colosseum-oran-commag-dataset/slice_mixed/rome_slow_close/tr0/exp1/bs1/bs1.csv,2126016.0
1602351645723,9.0,2462880.0,35840.0,slice_mixed,rome_slow_close,tr0,exp1,bs1,data/colosseum-oran-commag-dataset/slice_mixed/rome_slow_close/tr0/exp1/bs1/bs1.csv,2498720.0
1602351645973,9.0,1627648.0,65056.0,slice_mixed,rome_slow_close,tr0,exp1,bs1,data/colosseum-oran-commag-dataset/slice_mixed/rome_slow_close/tr0/exp1/bs1/bs1.csv,1692704.0
1602351646224,9.0,2803072.0,38656.0,slice_mixed,rome_slow_close,tr0,exp1,bs1,data/colosseum-oran-commag-dataset/slice_mixed/rome_slow_close/tr0/exp1/bs1/bs1.csv,2841728.0
1602351646473,9.0,2447360.0,1568.0,slice_mixed,rome_slow_close,tr0,exp1,bs1,data/colosseum-oran-commag-dataset/slice_mixed/rome_slow_close/tr0/exp1/bs1/bs1.csv,2448928.0
1602351646723,9.0,2308576.0,38912.0,slice_mixed,rome_slow_close,tr0,exp1,bs1,data/colosseum-oran-commag-dataset/slice_mixed/rome_slow_close/tr0/exp1/bs1/bs1.csv,2347488.0
1602351646973,9.0,2321120.0,30016.0,slice_mixed,rome_slow_close,tr0,exp1,bs1,data/colosseum-oran-commag-dataset/slice_mixed/rome_slow_close/tr0/exp1/bs1/bs1.csv,2351136.0
1602351647224,9.0,2267040.0,78592.0,slice_mixed,rome_slow_close,tr0,exp1,bs1,data/colosseum-oran-commag-dataset/slice_mixed/rome_slow_close/tr0/exp1/bs1/bs1.csv,2345632.0
1602351647473,9.0,1883840.0,22752.0,slice_mixed,rome_slow_close,tr0,exp1,bs1,data/colosseum-oran-commag-dataset/slice_mixed/rome_slow_close/tr0/exp1/bs1/bs1.csv,1906592.0
1602351647724,9.0,2621984.0,36736.0,slice_mixed,rome_slow_close,tr0,exp1,bs1,data/colosseum-oran-commag-dataset/slice_mixed/rome_slow_close/tr0/exp1/bs1/bs1.csv,2658720.0
1602351647973,9.0,2197248.0,52512.0,slice_mixed,rome_slow_close,tr0,exp1,bs1,data/colosseum-oran-commag-dataset/slice_mixed/rome_slow_close/tr0/exp1/bs1/bs1.csv,2249760.0
1602351648223,9.0,2323328.0,39648.0,slice_mixed,rome_slow_close,tr0,exp1,bs1,data/colosseum-oran-commag-dataset/slice_mixed/rome_slow_close/tr0/exp1/bs1/bs1.csv,2362976.0
1602351648473,9.0,2790752.0,21504.0,slice_mixed,rome_slow_close,tr0,exp1,bs1,data/colosseum-oran-commag-dataset/slice_mixed/rome_slow_close/tr0/exp1/bs1/bs1.csv,2812256.0
1602351648723,9.0,2801120.0,77056.0,slice_mixed,rome_slow_close,tr0,exp1,bs1,data/colosseum-oran-commag-dataset/slice_mixed/rome_slow_close/tr0/exp1/bs1/bs1.csv,2878176.0
1602351648973,9.0,1732384.0,95680.0,slice_mixed,rome_slow_close,tr0,exp1,bs1,data/colosseum-oran-commag-dataset/slice_mixed/rome_slow_close/tr0/exp1/bs1/bs1.csv,1828064.0
1602351649223,9.0,1557216.0,46144.0,slice_mixed,rome_slow_close,tr0,exp1,bs1,data/colosseum-oran-commag-dataset/slice_mixed/rome_slow_close/tr0/exp1/bs1/bs1.csv,1603360.0
1602351649473,9.0,2401408.0,27296.0,slice_mixed,rome_slow_close,tr0,exp1,bs1,data/colosseum-oran-commag-dataset/slice_mixed/rome_slow_close/tr0/exp1/bs1/bs1.csv,2428704.0
1602351649723,9.0,2688192.0,34624.0,slice_mixed,rome_slow_close,tr0,exp1,bs1,data/colosseum-oran-commag-dataset/slice_mixed/rome_slow_close/tr0/exp1/bs1/bs1.csv,2722816.0
1602351649973,9.0,2386240.0,28448.0,slice_mixed,rome_slow_close,tr0,exp1,bs1,data/colosseum-oran-commag-dataset/slice_mixed/rome_slow_close/tr0/exp1/bs1/bs1.csv,2414688.0
1602351650224,9.0,3191456.0,26688.0,slice_mixed,rome_slow_close,tr0,exp1,bs1,data/colosseum-oran-commag-dataset/slice_mixed/rome_slow_close/tr0/exp1/bs1/bs1.csv,3218144.0
1602351650474,9.0,2961800.5,51573.289062,slice_mixed,rome_slow_close,tr0,exp1,bs1,data/colosseum-oran-commag-dataset/slice_mixed/rome_slow_close/tr0/exp1/bs1/bs1.csv,3013373.789062
1602351650724,9.0,1771953.125,43219.125,slice_mixed,rome_slow_close,tr0,exp1,bs1,data/colosseum-oran-commag-dataset/slice_mixed/rome_slow_close/tr0/exp1/bs1/bs1.csv,1815172.25
1602351650974,9.0,3027373.25,79518.070312,slice_mixed,rome_slow_close,tr0,exp1,bs1,data/colosseum-oran-commag-dataset/slice_mixed/rome_slow_close/tr0/exp1/bs1/bs1.csv,3106891.320312
1602351651224,9.0,2843505.75,23107.570312,slice_mixed,rome_slow_close,tr0,exp1,bs1,data/colosseum-oran-commag-dataset/slice_mixed/rome_slow_close/tr0/exp1/bs1/bs1.csv,2866613.320312
1602351651474,9.0,2235872.0,20704.0,slice_mixed,rome_slow_close,tr0,exp1,bs1,data/colosseum-oran-commag-dataset/slice_mixed/rome_slow_close/tr0/exp1/bs1/bs1.csv,2256576.0
1602351651724,9.0,2569824.0,27360.0,slice_mixed,rome_slow_close,tr0,exp1,bs1,data/colosseum-oran-commag-dataset/slice_mixed/rome_slow_close/tr0/exp1/bs1/bs1.csv,2597184.0
1602351651974,9.0,3151325.25,105060.242188,slice_mixed,rome_slow_close,tr0,exp1,bs1,data/colosseum-oran-commag-dataset/slice_mixed/rome_slow_close/tr0/exp1/bs1/bs1.csv,3256385.492188
1602351652224,9.0,3102789.0,55266.933594,slice_mixed,rome_slow_close,tr0,exp1,bs1,data/colosseum-oran-commag-dataset/slice_mixed/rome_slow_close/tr0/exp1/bs1/bs1.csv,3158055.933594
1602351652473,9.0,2835180.75,14811.245117,slice_mixed,rome_slow_close,tr0,exp1,bs1,data/colosseum-oran-commag-dataset/slice_mixed/rome_slow_close/tr0/exp1/bs1/bs1.csv,2849991.995117
1602351652723,9.0,2204384.0,47104.0,slice_mixed,rome_slow_close,tr0,exp1,bs1,data/colosseum-oran-commag-dataset/slice_mixed/rome_slow_close/tr0/exp1/bs1/bs1.csv,2251488.0
1602351652973,9.0,2568448.0,35104.0,slice_mixed,rome_slow_close,tr0,exp1,bs1,data/colosseum-oran-commag-dataset/slice_mixed/rome_slow_close/tr0/exp1/bs1/bs1.csv,2603552.0
1602351653223,9.0,2638176.0,69120.0,slice_mixed,rome_slow_close,tr0,exp1,bs1,data/colosseum-oran-commag-dataset/slice_mixed/rome_slow_close/tr0/exp1/bs1/bs1.csv,2707296.0
1602351653473,9.0,2484096.0,17504.0,slice_mixed,rome_slow_close,tr0,exp1,bs1,data/colosseum-oran-commag-dataset/slice_mixed/rome_slow_close/tr0/exp1/bs1/bs1.csv,2501600.0
1602351653723,9.0,2966976.0,29632.0,slice_mixed,rome_slow_close,tr0,exp1,bs1,data/colosseum-oran-commag-dataset/slice_mixed/rome_slow_close/tr0/exp1/bs1/bs1.csv,2996608.0
1602351653973,9.0,2970784.0,32608.0,slice_mixed,rome_slow_close,tr0,exp1,bs1,data/colosseum-oran-commag-dataset/slice_mixed/rome_slow_close/tr0/exp1/bs1/bs1.csv,3003392.0
1602351654223,9.0,2811200.0,62528.0,slice_mixed,rome_slow_close,tr0,exp1,bs1,data/colosseum-oran-commag-dataset/slice_mixed/rome_slow_close/tr0/exp1/bs1/bs1.csv,2873728.0
1602351654473,9.0,3122784.0,1568.0,slice_mixed,rome_slow_close,tr0,exp1,bs1,data/colosseum-oran-commag-dataset/slice_mixed/rome_slow_close/tr0/exp1/bs1/bs1.csv,3124352.0
1602351654723,9.0,2577888.0,46720.0,slice_mixed,rome_slow_close,tr0,exp1,bs1,data/colosseum-oran-commag-dataset/slice_mixed/rome_slow_close/tr0/exp1/bs1/bs1.csv,2624608.0
1602351654973,9.0,2817184.0,65184.0,slice_mixed,rome_slow_close,tr0,exp1,bs1,data/colosseum-oran-commag-dataset/slice_mixed/rome_slow_close/tr0/exp1/bs1/bs1.csv,2882368.0
1602351655223,9.0,3433216.0,47680.0,slice_mixed,rome_slow_close,tr0,exp1,bs1,data/colosseum-oran-commag-dataset/slice_mixed/rome_slow_close/tr0/exp1/bs1/bs1.csv,3480896.0
1602351655473,9.0,2928000.0,20832.0,slice_mixed,rome_slow_close,tr0,exp1,bs1,data/colosseum-oran-commag-dataset/slice_mixed/rome_slow_close/tr0/exp1/bs1/bs1.csv,2948832.0
1602351655724,9.0,3347104.0,31104.0,slice_mixed,rome_slow_close,tr0,exp1,bs1,data/colosseum-oran-commag-dataset/slice_mixed/rome_slow_close/tr0/exp1/bs1/bs1.csv,3378208.0
1602351655973,9.0,2367392.0,73856.0,slice_mixed,rome_slow_close,tr0,exp1,bs1,data/colosseum-oran-commag-dataset/slice_mixed/rome_slow_close/tr0/exp1/bs1/bs1.csv,2441248.0
1602351656223,9.0,3179488.0,22240.0,slice_mixed,rome_slow_close,tr0,exp1,bs1,data/colosseum-oran-commag-dataset/slice_mixed/rome_slow_close/tr0/exp1/bs1/bs1.csv,3201728.0
1602351656474,9.0,2981152.0,1568.0,slice_mixed,rome_slow_close,tr0,exp1,bs1,data/colosseum-oran-commag-dataset/slice_mixed/rome_slow_close/tr0/exp1/bs1/bs1.csv,2982720.0
1602351656724,9.0,3278087.5,42167.332031,slice_mixed,rome_slow_close,tr0,exp1,bs1,data/colosseum-oran-commag-dataset/slice_mixed/rome_slow_close/tr0/exp1/bs1/bs1.csv,3320254.832031
1602351656974,9.0,1648835.25,51437.75,slice_mixed,rome_slow_close,tr0,exp1,bs1,data/colosseum-oran-commag-dataset/slice_mixed/rome_slow_close/tr0/exp1/bs1/bs1.csv,1700273.0
1602351657224,9.0,2973546.0,38406.375,slice_mixed,rome_slow_close,tr0,exp1,bs1,data/colosseum-oran-commag-dataset/slice_mixed/rome_slow_close/tr0/exp1/bs1/bs1.csv,3011952.375
1602351657474,9.0,3333184.0,20704.0,slice_mixed,rome_slow_close,tr0,exp1,bs1,data/colosseum-oran-commag-dataset/slice_mixed/rome_slow_close/tr0/exp1/bs1/bs1.csv,3353888.0
1602351657724,9.0,3021696.0,21280.0,slice_mixed,rome_slow_close,tr0,exp1,bs1,data/colosseum-oran-commag-dataset/slice_mixed/rome_slow_close/tr0/exp1/bs1/bs1.csv,3042976.0
1602351657974,9.0,3284064.0,67456.0,slice_mixed,rome_slow_close,tr0,exp1,bs1,data/colosseum-oran-commag-dataset/slice_mixed/rome_slow_close/tr0/exp1/bs1/bs1.csv,3351520.0
1602351658224,9.0,3178538.25,64385.542969,slice_mixed,rome_slow_close,tr0,exp1,bs1,data/colosseum-oran-commag-dataset/slice_mixed/rome_slow_close/tr0/exp1/bs1/bs1.csv,3242923.792969
1602351658473,9.0,3107360.0,0.0,slice_mixed,rome_slow_close,tr0,exp1,bs1,data/colosseum-oran-commag-dataset/slice_mixed/rome_slow_close/tr0/exp1/bs1/bs1.csv,3107360.0
1602351658723,9.0,2772032.0,42208.0,slice_mixed,rome_slow_close,tr0,exp1,bs1,data/colosseum-oran-commag-dataset/slice_mixed/rome_slow_close/tr0/exp1/bs1/bs1.csv,2814240.0
1602351658973,9.0,2736864.0,25984.0,slice_mixed,rome_slow_close,tr0,exp1,bs1,data/colosseum-oran-commag-dataset/slice_mixed/rome_slow_close/tr0/exp1/bs1/bs1.csv,2762848.0
1602351659224,9.0,3054368.0,84320.0,slice_mixed,rome_slow_close,tr0,exp1,bs1,data/colosseum-oran-commag-dataset/slice_mixed/rome_slow_close/tr0/exp1/bs1/bs1.csv,3138688.0
1602351659473,9.0,2784512.0,11936.0,slice_mixed,rome_slow_close,tr0,exp1,bs1,data/colosseum-oran-commag-dataset/slice_mixed/rome_slow_close/tr0/exp1/bs1/bs1.csv,2796448.0
1602351659723,9.0,3592640.0,36704.0,slice_mixed,rome_slow_close,tr0,exp1,bs1,data/colosseum-oran-commag-dataset/slice_mixed/rome_slow_close/tr0/exp1/bs1/bs1.csv,3629344.0
1602351659973,9.0,2334464.0,28448.0,slice_mixed,rome_slow_close,tr0,exp1,bs1,data/colosseum-oran-commag-dataset/slice_mixed/rome_slow_close/tr0/exp1/bs1/bs1.csv,2362912.0
1602351660223,9.0,3139456.0,55392.0,slice_mixed,rome_slow_close,tr0,exp1,bs1,data/colosseum-oran-commag-dataset/slice_mixed/rome_slow_close/tr0/exp1/bs1/bs1.csv,3194848.0
1602351660474,9.0,3169568.0,12288.0,slice_mixed,rome_slow_close,tr0,exp1,bs1,data/colosseum-oran-commag-dataset/slice_mixed/rome_slow_close/tr0/exp1/bs1/bs1.csv,3181856.0
1602351660723,9.0,2943264.0,69088.0,slice_mixed,rome_slow_close,tr0,exp1,bs1,data/colosseum-oran-commag-dataset/slice_mixed/rome_slow_close/tr0/exp1/bs1/bs1.csv,3012352.0
1602351660973,9.0,2694336.0,48288.0,slice_mixed,rome_slow_close,tr0,exp1,bs1,data/colosseum-oran-commag-dataset/slice_mixed/rome_slow_close/tr0/exp1/bs1/bs1.csv,2742624.0
1602351661223,9.0,2954816.0,60768.0,slice_mixed,rome_slow_close,tr0,exp1,bs1,data/colosseum-oran-commag-dataset/slice_mixed/rome_slow_close/tr0/exp1/bs1/bs1.csv,3015584.0
1602351661473,9.0,3123488.0,25856.0,slice_mixed,rome_slow_close,tr0,exp1,bs1,data/colosseum-oran-commag-dataset/slice_mixed/rome_slow_close/tr0/exp1/bs1/bs1.csv,3149344.0
1602351661723,9.0,3068032.0,27488.0,slice_mixed,rome_slow_close,tr0,exp1,bs1,data/colosseum-oran-commag-dataset/slice_mixed/rome_slow_close/tr0/exp1/bs1/bs1.csv,3095520.0
1602351661973,9.0,2134944.0,53024.0,slice_mixed,rome_slow_close,tr0,exp1,bs1,data/colosseum-oran-commag-dataset/slice_mixed/rome_slow_close/tr0/exp1/bs1/bs1.csv,2187968.0
1602351662223,9.0,2517952.0,13760.0,slice_mixed,rome_slow_close,tr0,exp1,bs1,data/colosseum-oran-commag-dataset/slice_mixed/rome_slow_close/tr0/exp1/bs1/bs1.csv,2531712.0
1602351662474,9.0,2469184.0,30176.0,slice_mixed,rome_slow_close,tr0,exp1,bs1,data/colosseum-oran-commag-dataset/slice_mixed/rome_slow_close/tr0/exp1/bs1/bs1.csv,2499360.0
1602351662723,9.0,2529248.0,52352.0,slice_mixed,rome_slow_close,tr0,exp1,bs1,data/colosseum-oran-commag-dataset/slice_mixed/rome_slow_close/tr0/exp1/bs1/bs1.csv,2581600.0
1602351662973,9.0,2274624.0,70592.0,slice_mixed,rome_slow_close,tr0,exp1,bs1,data/colosseum-oran-commag-dataset/slice_mixed/rome_slow_close/tr0/exp1/bs1/bs1.csv,2345216.0
1602351663223,9.0,1281419.125,24681.179688,slice_mixed,rome_slow_close,tr0,exp1,bs1,data/colosseum-oran-commag-dataset/slice_mixed/rome_slow_close/tr0/exp1/bs1/bs1.csv,1306100.304688
1602351663474,9.0,2258091.75,18077.960938,slice_mixed,rome_slow_close,tr0,exp1,bs1,data/colosseum-oran-commag-dataset/slice_mixed/rome_slow_close/tr0/exp1/bs1/bs1.csv,2276169.710938
1602351663724,9.0,2279424.0,29248.0,slice_mixed,rome_slow_close,tr0,exp1,bs1,data/colosseum-oran-commag-dataset/slice_mixed/rome_slow_close/tr0/exp1/bs1/bs1.csv,2308672.0
1602351663974,9.0,2385824.0,71744.0,slice_mixed,rome_slow_close,tr0,exp1,bs1,data/colosseum-oran-commag-dataset/slice_mixed/rome_slow_close/tr0/exp1/bs1/bs1.csv,2457568.0
1602351664224,9.0,1786505.875,24257.027344,slice_mixed,rome_slow_close,tr0,exp1,bs1,data/colosseum-oran-commag-dataset/slice_mixed/rome_slow_close/tr0/exp1/bs1/bs1.csv,1810762.902344
1602351664474,9.0,2258868.5,14342.629883,slice_mixed,rome_slow_close,tr0,exp1,bs1,data/colosseum-oran-commag-dataset/slice_mixed/rome_slow_close/tr0/exp1/bs1/bs1.csv,2273211.129883
1602351664723,9.0,1574104.125,31582.330078,slice_mixed,rome_slow_close,tr0,exp1,bs1,data/colosseum-oran-commag-dataset/slice_mixed/rome_slow_close/tr0/exp1/bs1/bs1.csv,1605686.455078
1602351664974,9.0,1564047.75,73816.734375,slice_mixed,rome_slow_close,tr0,exp1,bs1,data/colosseum-oran-commag-dataset/slice_mixed/rome_slow_close/tr0/exp1/bs1/bs1.csv,1637864.484375
1602351665223,9.0,1679646.625,72353.414062,slice_mixed,rome_slow_close,tr0,exp1,bs1,data/colosseum-oran-commag-dataset/slice_mixed/rome_slow_close/tr0/exp1/bs1/bs1.csv,1752000.0390619999
1602351665473,9.0,2494944.0,41216.0,slice_mixed,rome_slow_close,tr0,exp1,bs1,data/colosseum-oran-commag-dataset/slice_mixed/rome_slow_close/tr0/exp1/bs1/bs1.csv,2536160.0
1602351665723,9.0,2514496.0,53184.0,slice_mixed,rome_slow_close,tr0,exp1,bs1,data/colosseum-oran-commag-dataset/slice_mixed/rome_slow_close/tr0/exp1/bs1/bs1.csv,2567680.0
1602351665974,9.0,2361664.0,61792.0,slice_mixed,rome_slow_close,tr0,exp1,bs1,data/colosseum-oran-commag-dataset/slice_mixed/rome_slow_close/tr0/exp1/bs1/bs1.csv,2423456.0
1602351666224,9.0,1778368.0,40320.0,slice_mixed,rome_slow_close,tr0,exp1,bs1,data/colosseum-oran-commag-dataset/slice_mixed/rome_slow_close/tr0/exp1/bs1/bs1.csv,1818688.0
1602351666473,9.0,1899136.0,46880.0,slice_mixed,rome_slow_close,tr0,exp1,bs1,data/colosseum-oran-commag-dataset/slice_mixed/rome_slow_close/tr0/exp1/bs1/bs1.csv,1946016.0
1602351666723,9.0,817952.0,105344.0,slice_mixed,rome_slow_close,tr0,exp1,bs1,data/colosseum-oran-commag-dataset/slice_mixed/rome_slow_close/tr0/exp1/bs1/bs1.csv,923296.0
1602351666974,9.0,1682144.0,46656.0,slice_mixed,rome_slow_close,tr0,exp1,bs1,data/colosseum-oran-commag-dataset/slice_mixed/rome_slow_close/tr0/exp1/bs1/bs1.csv,1728800.0
1602351667223,9.0,1521184.0,36672.0,slice_mixed,rome_slow_close,tr0,exp1,bs1,data/colosseum-oran-commag-dataset/slice_mixed/rome_slow_close/tr0/exp1/bs1/bs1.csv,1557856.0
1602351667473,9.0,2219904.0,34240.0,slice_mixed,rome_slow_close,tr0,exp1,bs1,data/colosseum-oran-commag-dataset/slice_mixed/rome_slow_close/tr0/exp1/bs1/bs1.csv,2254144.0
1602351667723,9.0,2078368.0,30560.0,slice_mixed,rome_slow_close,tr0,exp1,bs1,data/colosseum-oran-commag-dataset/slice_mixed/rome_slow_close/tr0/exp1/bs1/bs1.csv,2108928.0
1602351667973,9.0,1679616.0,62592.0,slice_mixed,rome_slow_close,tr0,exp1,bs1,data/colosseum-oran-commag-dataset/slice_mixed/rome_slow_close/tr0/exp1/bs1/bs1.csv,1742208.0
1602351668223,9.0,1661888.0,25856.0,slice_mixed,rome_slow_close,tr0,exp1,bs1,data/colosseum-oran-commag-dataset/slice_mixed/rome_slow_close/tr0/exp1/bs1/bs1.csv,1687744.0
1602351668473,9.0,1901056.0,16480.0,slice_mixed,rome_slow_close,tr0,exp1,bs1,data/colosseum-oran-commag-dataset/slice_mixed/rome_slow_close/tr0/exp1/bs1/bs1.csv,1917536.0
1602351668723,9.0,1964320.0,32000.0,slice_mixed,rome_slow_close,tr0,exp1,bs1,data/colosseum-oran-commag-dataset/slice_mixed/rome_slow_close/tr0/exp1/bs1/bs1.csv,1996320.0
1602351668974,9.0,1514656.0,67392.0,slice_mixed,rome_slow_close,tr0,exp1,bs1,data/colosseum-oran-commag-dataset/slice_mixed/rome_slow_close/tr0/exp1/bs1/bs1.csv,1582048.0
1602351669224,9.0,1673280.0,61888.0,slice_mixed,rome_slow_close,tr0,exp1,bs1,data/colosseum-oran-commag-dataset/slice_mixed/rome_slow_close/tr0/exp1/bs1/bs1.csv,1735168.0
1602351669473,9.0,2132800.0,13632.0,slice_mixed,rome_slow_close,tr0,exp1,bs1,data/colosseum-oran-commag-dataset/slice_mixed/rome_slow_close/tr0/exp1/bs1/bs1.csv,2146432.0
1602351669724,9.0,1914784.0,38720.0,slice_mixed,rome_slow_close,tr0,exp1,bs1,data/colosseum-oran-commag-dataset/slice_mixed/rome_slow_close/tr0/exp1/bs1/bs1.csv,1953504.0
1602351669974,9.0,1740780.75,43123.507812,slice_mixed,rome_slow_close,tr0,exp1,bs1,data/colosseum-oran-commag-dataset/slice_mixed/rome_slow_close/tr0/exp1/bs1/bs1.csv,1783904.257812
1602351670224,9.0,1697888.0,62560.0,slice_mixed,rome_slow_close,tr0,exp1,bs1,data/colosseum-oran-commag-dataset/slice_mixed/rome_slow_close/tr0/exp1/bs1/bs1.csv,1760448.0
1602351670474,9.0,1249760.0,38656.0,slice_mixed,rome_slow_close,tr0,exp1,bs1,data/colosseum-oran-commag-dataset/slice_mixed/rome_slow_close/tr0/exp1/bs1/bs1.csv,1288416.0
1602351670724,9.0,1990496.0,61856.0,slice_mixed,rome_slow_close,tr0,exp1,bs1,data/colosseum-oran-commag-dataset/slice_mixed/rome_slow_close/tr0/exp1/bs1/bs1.csv,2052352.0
1602351670974,9.0,1711200.0,30016.0,slice_mixed,rome_slow_close,tr0,exp1,bs1,data/colosseum-oran-commag-dataset/slice_mixed/rome_slow_close/tr0/exp1/bs1/bs1.csv,1741216.0
1602351671223,9.0,1718168.625,54875.503906,slice_mixed,rome_slow_close,tr0,exp1,bs1,data/colosseum-oran-commag-dataset/slice_mixed/rome_slow_close/tr0/exp1/bs1/bs1.csv,1773044.128906
1602351671474,9.0,1909120.0,22880.0,slice_mixed,rome_slow_close,tr0,exp1,bs1,data/colosseum-oran-commag-dataset/slice_mixed/rome_slow_close/tr0/exp1/bs1/bs1.csv,1932000.0
1602351671723,9.0,1891232.0,47680.0,slice_mixed,rome_slow_close,tr0,exp1,bs1,data/colosseum-oran-commag-dataset/slice_mixed/rome_slow_close/tr0/exp1/bs1/bs1.csv,1938912.0
1602351671973,9.0,2406400.0,86144.0,slice_mixed,rome_slow_close,tr0,exp1,bs1,data/colosseum-oran-commag-dataset/slice_mixed/rome_slow_close/tr0/exp1/bs1/bs1.csv,2492544.0
1602351672223,9.0,2749760.0,14400.0,slice_mixed,rome_slow_close,tr0,exp1,bs1,data/colosseum-oran-commag-dataset/slice_mixed/rome_slow_close/tr0/exp1/bs1/bs1.csv,2764160.0
1602351672474,9.0,2588800.0,20864.0,slice_mixed,rome_slow_close,tr0,exp1,bs1,data/colosseum-oran-commag-dataset/slice_mixed/rome_slow_close/tr0/exp1/bs1/bs1.csv,2609664.0
1602351672723,9.0,2787616.0,37600.0,slice_mixed,rome_slow_close,tr0,exp1,bs1,data/colosseum-oran-commag-dataset/slice_mixed/rome_slow_close/tr0/exp1/bs1/bs1.csv,2825216.0
1602351672973,9.0,2875136.0,57920.0,slice_mixed,rome_slow_close,tr0,exp1,bs1,data/colosseum-oran-commag-dataset/slice_mixed/rome_slow_close/tr0/exp1/bs1/bs1.csv,2933056.0
1602351673223,9.0,2381312.0,30528.0,slice_mixed,rome_slow_close,tr0,exp1,bs1,data/colosseum-oran-commag-dataset/slice_mixed/rome_slow_close/tr0/exp1/bs1/bs1.csv,2411840.0
1602351673473,9.0,2316256.0,33536.0,slice_mixed,rome_slow_close,tr0,exp1,bs1,data/colosseum-oran-commag-dataset/slice_mixed/rome_slow_close/tr0/exp1/bs1/bs1.csv,2349792.0
1602351673724,9.0,1869184.0,42560.0,slice_mixed,rome_slow_close,tr0,exp1,bs1,data/colosseum-oran-commag-dataset/slice_mixed/rome_slow_close/tr0/exp1/bs1/bs1.csv,1911744.0
1602351673973,9.0,1818464.0,30016.0,slice_mixed,rome_slow_close,tr0,exp1,bs1,data/colosseum-oran-commag-dataset/slice_mixed/rome_slow_close/tr0/exp1/bs1/bs1.csv,1848480.0
1602351674223,9.0,2427296.0,65536.0,slice_mixed,rome_slow_close,tr0,exp1,bs1,data/colosseum-oran-commag-dataset/slice_mixed/rome_slow_close/tr0/exp1/bs1/bs1.csv,2492832.0
1602351674474,9.0,2064672.0,10944.0,slice_mixed,rome_slow_close,tr0,exp1,bs1,data/colosseum-oran-commag-dataset/slice_mixed/rome_slow_close/tr0/exp1/bs1/bs1.csv,2075616.0
1602351674724,9.0,2467648.0,50560.0,slice_mixed,rome_slow_close,tr0,exp1,bs1,data/colosseum-oran-commag-dataset/slice_mixed/rome_slow_close/tr0/exp1/bs1/bs1.csv,2518208.0
1602351674974,9.0,1475136.0,70112.0,slice_mixed,rome_slow_close,tr0,exp1,bs1,data/colosseum-oran-commag-dataset/slice_mixed/rome_slow_close/tr0/exp1/bs1/bs1.csv,1545248.0
1602351675223,9.0,626048.0,65824.0,slice_mixed,rome_slow_close,tr0,exp1,bs1,data/colosseum-oran-commag-dataset/slice_mixed/rome_slow_close/tr0/exp1/bs1/bs1.csv,691872.0
1602351675473,9.0,1815744.0,46592.0,slice_mixed,rome_slow_close,tr0,exp1,bs1,data/colosseum-oran-commag-dataset/slice_mixed/rome_slow_close/tr0/exp1/bs1/bs1.csv,1862336.0
1602351675724,9.0,2513952.0,29472.0,slice_mixed,rome_slow_close,tr0,exp1,bs1,data/colosseum-oran-commag-dataset/slice_mixed/rome_slow_close/tr0/exp1/bs1/bs1.csv,2543424.0
1602351675973,9.0,2037088.0,106528.0,slice_mixed,rome_slow_close,tr0,exp1,bs1,data/colosseum-oran-commag-dataset/slice_mixed/rome_slow_close/tr0/exp1/bs1/bs1.csv,2143616.0
1602351676223,9.0,1954944.0,42240.0,slice_mixed,rome_slow_close,tr0,exp1,bs1,data/colosseum-oran-commag-dataset/slice_mixed/rome_slow_close/tr0/exp1/bs1/bs1.csv,1997184.0
1602351676474,9.0,1660207.125,17657.371094,slice_mixed,rome_slow_close,tr0,exp1,bs1,data/colosseum-oran-commag-dataset/slice_mixed/rome_slow_close/tr0/exp1/bs1/bs1.csv,1677864.496094
1602351676724,9.0,2270016.0,56864.0,slice_mixed,rome_slow_close,tr0,exp1,bs1,data/colosseum-oran-commag-dataset/slice_mixed/rome_slow_close/tr0/exp1/bs1/bs1.csv,2326880.0
1602351676974,9.0,2794080.0,47232.0,slice_mixed,rome_slow_close,tr0,exp1,bs1,data/colosseum-oran-commag-dataset/slice_mixed/rome_slow_close/tr0/exp1/bs1/bs1.csv,2841312.0
1602351677224,9.0,2649312.0,53344.0,slice_mixed,rome_slow_close,tr0,exp1,bs1,data/colosseum-oran-commag-dataset/slice_mixed/rome_slow_close/tr0/exp1/bs1/bs1.csv,2702656.0
1602351677474,9.0,2699712.0,20736.0,slice_mixed,rome_slow_close,tr0,exp1,bs1,data/colosseum-oran-commag-dataset/slice_mixed/rome_slow_close/tr0/exp1/bs1/bs1.csv,2720448.0
1602351677724,9.0,1568704.0,31360.0,slice_mixed,rome_slow_close,tr0,exp1,bs1,data/colosseum-oran-commag-dataset/slice_mixed/rome_slow_close/tr0/exp1/bs1/bs1.csv,1600064.0
1602351677973,9.0,1685397.5,64321.285156,slice_mixed,rome_slow_close,tr0,exp1,bs1,data/colosseum-oran-commag-dataset/slice_mixed/rome_slow_close/tr0/exp1/bs1/bs1.csv,1749718.785156
1602351678223,9.0,1739424.0,42720.0,slice_mixed,rome_slow_close,tr0,exp1,bs1,data/colosseum-oran-commag-dataset/slice_mixed/rome_slow_close/tr0/exp1/bs1/bs1.csv,1782144.0
1602351678474,9.0,1277920.0,168704.0,slice_mixed,rome_slow_close,tr0,exp1,bs1,data/colosseum-oran-commag-dataset/slice_mixed/rome_slow_close/tr0/exp1/bs1/bs1.csv,1446624.0
1602351678723,9.0,971872.0,43392.0,slice_mixed,rome_slow_close,tr0,exp1,bs1,data/colosseum-oran-commag-dataset/slice_mixed/rome_slow_close/tr0/exp1/bs1/bs1.csv,1015264.0
1602351678973,9.0,1836384.0,68128.0,slice_mixed,rome_slow_close,tr0,exp1,bs1,data/colosseum-oran-commag-dataset/slice_mixed/rome_slow_close/tr0/exp1/bs1/bs1.csv,1904512.0
1602351679223,9.0,2225600.0,47136.0,slice_mixed,rome_slow_close,tr0,exp1,bs1,data/colosseum-oran-commag-dataset/slice_mixed/rome_slow_close/tr0/exp1/bs1/bs1.csv,2272736.0
1602351679473,9.0,1892768.0,15968.0,slice_mixed,rome_slow_close,tr0,exp1,bs1,data/colosseum-oran-commag-dataset/slice_mixed/rome_slow_close/tr0/exp1/bs1/bs1.csv,1908736.0
1602351679723,9.0,1831168.0,90432.0,slice_mixed,rome_slow_close,tr0,exp1,bs1,data/colosseum-oran-commag-dataset/slice_mixed/rome_slow_close/tr0/exp1/bs1/bs1.csv,1921600.0
1602351679973,9.0,1645408.0,85344.0,slice_mixed,rome_slow_close,tr0,exp1,bs1,data/colosseum-oran-commag-dataset/slice_mixed/rome_slow_close/tr0/exp1/bs1/bs1.csv,1730752.0
1602351680224,9.0,2081344.0,28736.0,slice_mixed,rome_slow_close,tr0,exp1,bs1,data/colosseum-oran-commag-dataset/slice_mixed/rome_slow_close/tr0/exp1/bs1/bs1.csv,2110080.0
1602351680473,9.0,2668608.0,25792.0,slice_mixed,rome_slow_close,tr0,exp1,bs1,data/colosseum-oran-commag-dataset/slice_mixed/rome_slow_close/tr0/exp1/bs1/bs1.csv,2694400.0
1602351680723,9.0,2275392.0,40064.0,slice_mixed,rome_slow_close,tr0,exp1,bs1,data/colosseum-oran-commag-dataset/slice_mixed/rome_slow_close/tr0/exp1/bs1/bs1.csv,2315456.0
1602351680973,9.0,1700480.0,55616.0,slice_mixed,rome_slow_close,tr0,exp1,bs1,data/colosseum-oran-commag-dataset/slice_mixed/rome_slow_close/tr0/exp1/bs1/bs1.csv,1756096.0
1602351681223,9.0,2171040.0,31712.0,slice_mixed,rome_slow_close,tr0,exp1,bs1,data/colosseum-oran-commag-dataset/slice_mixed/rome_slow_close/tr0/exp1/bs1/bs1.csv,2202752.0
1602351681474,9.0,2321696.0,20032.0,slice_mixed,rome_slow_close,tr0,exp1,bs1,data/colosseum-oran-commag-dataset/slice_mixed/rome_slow_close/tr0/exp1/bs1/bs1.csv,2341728.0
1602351681723,9.0,2242368.0,38112.0,slice_mixed,rome_slow_close,tr0,exp1,bs1,data/colosseum-oran-commag-dataset/slice_mixed/rome_slow_close/tr0/exp1/bs1/bs1.csv,2280480.0
1602351681973,9.0,675328.0,109952.0,slice_mixed,rome_slow_close,tr0,exp1,bs1,data/colosseum-oran-commag-dataset/slice_mixed/rome_slow_close/tr0/exp1/bs1/bs1.csv,785280.0
1602351682223,9.0,1036928.0,89760.0,slice_mixed,rome_slow_close,tr0,exp1,bs1,data/colosseum-oran-commag-dataset/slice_mixed/rome_slow_close/tr0/exp1/bs1/bs1.csv,1126688.0
1602351682474,9.0,1276640.0,20576.0,slice_mixed,rome_slow_close,tr0,exp1,bs1,data/colosseum-oran-commag-dataset/slice_mixed/rome_slow_close/tr0/exp1/bs1/bs1.csv,1297216.0
1602351682723,9.0,1761824.0,32000.0,slice_mixed,rome_slow_close,tr0,exp1,bs1,data/colosseum-oran-commag-dataset/slice_mixed/rome_slow_close/tr0/exp1/bs1/bs1.csv,1793824.0
1602351682974,9.0,1965025.375,44621.511719,slice_mixed,rome_slow_close,tr0,exp1,bs1,data/colosseum-oran-commag-dataset/slice_mixed/rome_slow_close/tr0/exp1/bs1/bs1.csv,2009646.886719
1602351683224,9.0,1720842.75,51765.460938,slice_mixed,rome_slow_close,tr0,exp1,bs1,data/colosseum-oran-commag-dataset/slice_mixed/rome_slow_close/tr0/exp1/bs1/bs1.csv,1772608.210938
1602351683474,9.0,1637171.75,15241.306641,slice_mixed,rome_slow_close,tr0,exp1,bs1,data/colosseum-oran-commag-dataset/slice_mixed/rome_slow_close/tr0/exp1/bs1/bs1.csv,1652413.056641
1602351683724,9.0,1632224.875,37397.589844,slice_mixed,rome_slow_close,tr0,exp1,bs1,data/colosseum-oran-commag-dataset/slice_mixed/rome_slow_close/tr0/exp1/bs1/bs1.csv,1669622.464844
1602351683974,9.0,1744478.125,73880.476562,slice_mixed,rome_slow_close,tr0,exp1,bs1,data/colosseum-oran-commag-dataset/slice_mixed/rome_slow_close/tr0/exp1/bs1/bs1.csv,1818358.6015619999
1602351684224,9.0,2460672.0,27072.0,slice_mixed,rome_slow_close,tr0,exp1,bs1,data/colosseum-oran-commag-dataset/slice_mixed/rome_slow_close/tr0/exp1/bs1/bs1.csv,2487744.0
1602351684474,9.0,2426720.0,1568.0,slice_mixed,rome_slow_close,tr0,exp1,bs1,data/colosseum-oran-commag-dataset/slice_mixed/rome_slow_close/tr0/exp1/bs1/bs1.csv,2428288.0
1602351684724,9.0,1821365.625,42281.125,slice_mixed,rome_slow_close,tr0,exp1,bs1,data/colosseum-oran-commag-dataset/slice_mixed/rome_slow_close/tr0/exp1/bs1/bs1.csv,1863646.75
1602351684973,9.0,1553984.0,28448.0,slice_mixed,rome_slow_close,tr0,exp1,bs1,data/colosseum-oran-commag-dataset/slice_mixed/rome_slow_close/tr0/exp1/bs1/bs1.csv,1582432.0
1602351685223,9.0,1881120.0,71200.0,slice_mixed,rome_slow_close,tr0,exp1,bs1,data/colosseum-oran-commag-dataset/slice_mixed/rome_slow_close/tr0/exp1/bs1/bs1.csv,1952320.0
1602351685473,9.0,1497088.0,67648.0,slice_mixed,rome_slow_close,tr0,exp1,bs1,data/colosseum-oran-commag-dataset/slice_mixed/rome_slow_close/tr0/exp1/bs1/bs1.csv,1564736.0
1602351685723,9.0,1485024.0,52288.0,slice_mixed,rome_slow_close,tr0,exp1,bs1,data/colosseum-oran-commag-dataset/slice_mixed/rome_slow_close/tr0/exp1/bs1/bs1.csv,1537312.0
1602351685973,9.0,1640704.0,71968.0,slice_mixed,rome_slow_close,tr0,exp1,bs1,data/colosseum-oran-commag-dataset/slice_mixed/rome_slow_close/tr0/exp1/bs1/bs1.csv,1712672.0
1602351686223,9.0,1210848.0,68576.0,slice_mixed,rome_slow_close,tr0,exp1,bs1,data/colosseum-oran-commag-dataset/slice_mixed/rome_slow_close/tr0/exp1/bs1/bs1.csv,1279424.0
1602351686473,9.0,1666560.0,81696.0,slice_mixed,rome_slow_close,tr0,exp1,bs1,data/colosseum-oran-commag-dataset/slice_mixed/rome_slow_close/tr0/exp1/bs1/bs1.csv,1748256.0
1602351686723,9.0,1833056.0,75936.0,slice_mixed,rome_slow_close,tr0,exp1,bs1,data/colosseum-oran-commag-dataset/slice_mixed/rome_slow_close/tr0/exp1/bs1/bs1.csv,1908992.0
1602351686973,9.0,1847904.0,33152.0,slice_mixed,rome_slow_close,tr0,exp1,bs1,data/colosseum-oran-commag-dataset/slice_mixed/rome_slow_close/tr0/exp1/bs1/bs1.csv,1881056.0
1602351687223,9.0,2057984.0,29024.0,slice_mixed,rome_slow_close,tr0,exp1,bs1,data/colosseum-oran-commag-dataset/slice_mixed/rome_slow_close/tr0/exp1/bs1/bs1.csv,2087008.0
1602351687474,9.0,2185376.0,80480.0,slice_mixed,rome_slow_close,tr0,exp1,bs1,data/colosseum-oran-commag-dataset/slice_mixed/rome_slow_close/tr0/exp1/bs1/bs1.csv,2265856.0
1602351687724,9.0,1509600.0,38688.0,slice_mixed,rome_slow_close,tr0,exp1,bs1,data/colosseum-oran-commag-dataset/slice_mixed/rome_slow_close/tr0/exp1/bs1/bs1.csv,1548288.0
1602351687973,9.0,1454784.0,63744.0,slice_mixed,rome_slow_close,tr0,exp1,bs1,data/colosseum-oran-commag-dataset/slice_mixed/rome_slow_close/tr0/exp1/bs1/bs1.csv,1518528.0
1602351688223,9.0,1627072.0,31296.0,slice_mixed,rome_slow_close,tr0,exp1,bs1,data/colosseum-oran-commag-dataset/slice_mixed/rome_slow_close/tr0/exp1/bs1/bs1.csv,1658368.0
1602351688473,9.0,1805952.0,20736.0,slice_mixed,rome_slow_close,tr0,exp1,bs1,data/colosseum-oran-commag-dataset/slice_mixed/rome_slow_close/tr0/exp1/bs1/bs1.csv,1826688.0
1602351688723,9.0,1645216.0,62112.0,slice_mixed,rome_slow_close,tr0,exp1,bs1,data/colosseum-oran-commag-dataset/slice_mixed/rome_slow_close/tr0/exp1/bs1/bs1.csv,1707328.0
1602351688973,9.0,2030880.0,31584.0,slice_mixed,rome_slow_close,tr0,exp1,bs1,data/colosseum-oran-commag-dataset/slice_mixed/rome_slow_close/tr0/exp1/bs1/bs1.csv,2062464.0
1602351689223,9.0,1046912.0,64416.0,slice_mixed,rome_slow_close,tr0,exp1,bs1,data/colosseum-oran-commag-dataset/slice_mixed/rome_slow_close/tr0/exp1/bs1/bs1.csv,1111328.0
1602351689474,9.0,1464077.25,40382.46875,slice_mixed,rome_slow_close,tr0,exp1,bs1,data/colosseum-oran-commag-dataset/slice_mixed/rome_slow_close/tr0/exp1/bs1/bs1.csv,1504459.71875
1602351689724,9.0,1426308.5,90245.523438,slice_mixed,rome_slow_close,tr0,exp1,bs1,data/colosseum-oran-commag-dataset/slice_mixed/rome_slow_close/tr0/exp1/bs1/bs1.csv,1516554.0234380001
1602351689974,9.0,1397259.0,38756.972656,slice_mixed,rome_slow_close,tr0,exp1,bs1,data/colosseum-oran-commag-dataset/slice_mixed/rome_slow_close/tr0/exp1/bs1/bs1.csv,1436015.972656
1602351690224,9.0,1605920.0,55840.0,slice_mixed,rome_slow_close,tr0,exp1,bs1,data/colosseum-oran-commag-dataset/slice_mixed/rome_slow_close/tr0/exp1/bs1/bs1.csv,1661760.0
1602351690474,9.0,1378161.5,1568.0,slice_mixed,rome_slow_close,tr0,exp1,bs1,data/colosseum-oran-commag-dataset/slice_mixed/rome_slow_close/tr0/exp1/bs1/bs1.csv,1379729.5
1602351690724,9.0,2155232.25,65028.113281,slice_mixed,rome_slow_close,tr0,exp1,bs1,data/colosseum-oran-commag-dataset/slice_mixed/rome_slow_close/tr0/exp1/bs1/bs1.csv,2220260.363281
1602351690973,9.0,2408512.0,95424.0,slice_mixed,rome_slow_close,tr0,exp1,bs1,data/colosseum-oran-commag-dataset/slice_mixed/rome_slow_close/tr0/exp1/bs1/bs1.csv,2503936.0
1602351691224,10.0,2233572.75,36389.050781,slice_mixed,rome_slow_close,tr0,exp1,bs1,data/colosseum-oran-commag-dataset/slice_mixed/rome_slow_close/tr0/exp1/bs1/bs1.csv,2269961.800781
1602351691473,10.0,2194400.0,5184.0,slice_mixed,rome_slow_close,tr0,exp1,bs1,data/colosseum-oran-commag-dataset/slice_mixed/rome_slow_close/tr0/exp1/bs1/bs1.csv,2199584.0
1602351691723,10.0,2215744.0,32992.0,slice_mixed,rome_slow_close,tr0,exp1,bs1,data/colosseum-oran-commag-dataset/slice_mixed/rome_slow_close/tr0/exp1/bs1/bs1.csv,2248736.0
1602351691974,10.0,1969696.0,79776.0,slice_mixed,rome_slow_close,tr0,exp1,bs1,data/colosseum-oran-commag-dataset/slice_mixed/rome_slow_close/tr0/exp1/bs1/bs1.csv,2049472.0
1602351692223,9.0,2283584.0,26688.0,slice_mixed,rome_slow_close,tr0,exp1,bs1,data/colosseum-oran-commag-dataset/slice_mixed/rome_slow_close/tr0/exp1/bs1/bs1.csv,2310272.0
1602351692473,9.0,1955008.0,30752.0,slice_mixed,rome_slow_close,tr0,exp1,bs1,data/colosseum-oran-commag-dataset/slice_mixed/rome_slow_close/tr0/exp1/bs1/bs1.csv,1985760.0
1602351692723,9.0,2095872.0,73856.0,slice_mixed,rome_slow_close,tr0,exp1,bs1,data/colosseum-oran-commag-dataset/slice_mixed/rome_slow_close/tr0/exp1/bs1/bs1.csv,2169728.0
1602351692973,9.0,1890496.0,48704.0,slice_mixed,rome_slow_close,tr0,exp1,bs1,data/colosseum-oran-commag-dataset/slice_mixed/rome_slow_close/tr0/exp1/bs1/bs1.csv,1939200.0
1602351693223,9.0,2195584.0,18432.0,slice_mixed,rome_slow_close,tr0,exp1,bs1,data/colosseum-oran-commag-dataset/slice_mixed/rome_slow_close/tr0/exp1/bs1/bs1.csv,2214016.0
1602351693473,9.0,2126560.0,41568.0,slice_mixed,rome_slow_close,tr0,exp1,bs1,data/colosseum-oran-commag-dataset/slice_mixed/rome_slow_close/tr0/exp1/bs1/bs1.csv,2168128.0
1602351693723,9.0,2342784.0,30656.0,slice_mixed,rome_slow_close,tr0,exp1,bs1,data/colosseum-oran-commag-dataset/slice_mixed/rome_slow_close/tr0/exp1/bs1/bs1.csv,2373440.0
1602351693973,9.0,2155776.0,73824.0,slice_mixed,rome_slow_close,tr0,exp1,bs1,data/colosseum-oran-commag-dataset/slice_mixed/rome_slow_close/tr0/exp1/bs1/bs1.csv,2229600.0
1602351694224,11.0,2155200.0,63392.0,slice_mixed,rome_slow_close,tr0,exp1,bs1,data/colosseum-oran-commag-dataset/slice_mixed/rome_slow_close/tr0/exp1/bs1/bs1.csv,2218592.0
1602351694474,11.0,1856896.0,40704.0,slice_mixed,rome_slow_close,tr0,exp1,bs1,data/colosseum-oran-commag-dataset/slice_mixed/rome_slow_close/tr0/exp1/bs1/bs1.csv,1897600.0
1602351694723,9.0,1978144.0,70656.0,slice_mixed,rome_slow_close,tr0,exp1,bs1,data/colosseum-oran-commag-dataset/slice_mixed/rome_slow_close/tr0/exp1/bs1/bs1.csv,2048800.0
1602351694973,9.0,2177856.0,8736.0,slice_mixed,rome_slow_close,tr0,exp1,bs1,data/colosseum-oran-commag-dataset/slice_mixed/rome_slow_close/tr0/exp1/bs1/bs1.csv,2186592.0
1602351695223,9.0,1950976.0,63296.0,slice_mixed,rome_slow_close,tr0,exp1,bs1,data/colosseum-oran-commag-dataset/slice_mixed/rome_slow_close/tr0/exp1/bs1/bs1.csv,2014272.0
1602351695474,9.0,1946880.0,19680.0,slice_mixed,rome_slow_close,tr0,exp1,bs1,data/colosseum-oran-commag-dataset/slice_mixed/rome_slow_close/tr0/exp1/bs1/bs1.csv,1966560.0
1602351695723,9.0,1565824.0,29216.0,slice_mixed,rome_slow_close,tr0,exp1,bs1,data/colosseum-oran-commag-dataset/slice_mixed/rome_slow_close/tr0/exp1/bs1/bs1.csv,1595040.0
1602351695973,9.0,2397568.0,30208.0,slice_mixed,rome_slow_close,tr0,exp1,bs1,data/colosseum-oran-commag-dataset/slice_mixed/rome_slow_close/tr0/exp1/bs1/bs1.csv,2427776.0
1602351696224,9.0,2880956.0,29832.669922,slice_mixed,rome_slow_close,tr0,exp1,bs1,data/colosseum-oran-commag-dataset/slice_mixed/rome_slow_close/tr0/exp1/bs1/bs1.csv,2910788.669922
1602351696474,9.0,2208960.0,18912.0,slice_mixed,rome_slow_close,tr0,exp1,bs1,data/colosseum-oran-commag-dataset/slice_mixed/rome_slow_close/tr0/exp1/bs1/bs1.csv,2227872.0
1602351696724,9.0,1858880.0,122624.0,slice_mixed,rome_slow_close,tr0,exp1,bs1,data/colosseum-oran-commag-dataset/slice_mixed/rome_slow_close/tr0/exp1/bs1/bs1.csv,1981504.0
1602351696974,9.0,1939437.75,43598.394531,slice_mixed,rome_slow_close,tr0,exp1,bs1,data/colosseum-oran-commag-dataset/slice_mixed/rome_slow_close/tr0/exp1/bs1/bs1.csv,1983036.144531
1602351697223,9.0,2250336.0,31392.0,slice_mixed,rome_slow_close,tr0,exp1,bs1,data/colosseum-oran-commag-dataset/slice_mixed/rome_slow_close/tr0/exp1/bs1/bs1.csv,2281728.0
1602351697473,9.0,2286880.0,5824.0,slice_mixed,rome_slow_close,tr0,exp1,bs1,data/colosseum-oran-commag-dataset/slice_mixed/rome_slow_close/tr0/exp1/bs1/bs1.csv,2292704.0
1602351697723,9.0,1850912.0,107744.0,slice_mixed,rome_slow_close,tr0,exp1,bs1,data/colosseum-oran-commag-dataset/slice_mixed/rome_slow_close/tr0/exp1/bs1/bs1.csv,1958656.0
1602351697973,9.0,1689888.0,45952.0,slice_mixed,rome_slow_close,tr0,exp1,bs1,data/colosseum-oran-commag-dataset/slice_mixed/rome_slow_close/tr0/exp1/bs1/bs1.csv,1735840.0
1602351698223,9.0,2457280.0,40800.0,slice_mixed,rome_slow_close,tr0,exp1,bs1,data/colosseum-oran-commag-dataset/slice_mixed/rome_slow_close/tr0/exp1/bs1/bs1.csv,2498080.0
1602351698474,11.0,1841792.0,32992.0,slice_mixed,rome_slow_close,tr0,exp1,bs1,data/colosseum-oran-commag-dataset/slice_mixed/rome_slow_close/tr0/exp1/bs1/bs1.csv,1874784.0
1602351698724,11.0,1440192.0,51040.0,slice_mixed,rome_slow_close,tr0,exp1,bs1,data/colosseum-oran-commag-dataset/slice_mixed/rome_slow_close/tr0/exp1/bs1/bs1.csv,1491232.0
1602351698974,12.0,1676704.0,45184.0,slice_mixed,rome_slow_close,tr0,exp1,bs1,data/colosseum-oran-commag-dataset/slice_mixed/rome_slow_close/tr0/exp1/bs1/bs1.csv,1721888.0
1602351699224,10.0,2001536.0,18976.0,slice_mixed,rome_slow_close,tr0,exp1,bs1,data/colosseum-oran-commag-dataset/slice_mixed/rome_slow_close/tr0/exp1/bs1/bs1.csv,2020512.0
1602351699473,10.0,2468512.0,11264.0,slice_mixed,rome_slow_close,tr0,exp1,bs1,data/colosseum-oran-commag-dataset/slice_mixed/rome_slow_close/tr0/exp1/bs1/bs1.csv,2479776.0
1602351699723,9.0,1915360.0,80128.0,slice_mixed,rome_slow_close,tr0,exp1,bs1,data/colosseum-oran-commag-dataset/slice_mixed/rome_slow_close/tr0/exp1/bs1/bs1.csv,1995488.0
1602351699974,9.0,1697088.0,44544.0,slice_mixed,rome_slow_close,tr0,exp1,bs1,data/colosseum-oran-commag-dataset/slice_mixed/rome_slow_close/tr0/exp1/bs1/bs1.csv,1741632.0
1602351700223,9.0,2274144.0,98688.0,slice_mixed,rome_slow_close,tr0,exp1,bs1,data/colosseum-oran-commag-dataset/slice_mixed/rome_slow_close/tr0/exp1/bs1/bs1.csv,2372832.0
1602351700473,9.0,2870112.0,4256.0,slice_mixed,rome_slow_close,tr0,exp1,bs1,data/colosseum-oran-commag-dataset/slice_mixed/rome_slow_close/tr0/exp1/bs1/bs1.csv,2874368.0
1602351700724,9.0,3169216.0,33472.0,slice_mixed,rome_slow_close,tr0,exp1,bs1,data/colosseum-oran-commag-dataset/slice_mixed/rome_slow_close/tr0/exp1/bs1/bs1.csv,3202688.0
1602351700973,9.0,2031264.0,106496.0,slice_mixed,rome_slow_close,tr0,exp1,bs1,data/colosseum-oran-commag-dataset/slice_mixed/rome_slow_close/tr0/exp1/bs1/bs1.csv,2137760.0
1602351701223,9.0,1666208.0,40512.0,slice_mixed,rome_slow_close,tr0,exp1,bs1,data/colosseum-oran-commag-dataset/slice_mixed/rome_slow_close/tr0/exp1/bs1/bs1.csv,1706720.0
1602351701473,9.0,1784992.0,28192.0,slice_mixed,rome_slow_close,tr0,exp1,bs1,data/colosseum-oran-commag-dataset/slice_mixed/rome_slow_close/tr0/exp1/bs1/bs1.csv,1813184.0
1602351701723,9.0,1140992.0,39424.0,slice_mixed,rome_slow_close,tr0,exp1,bs1,data/colosseum-oran-commag-dataset/slice_mixed/rome_slow_close/tr0/exp1/bs1/bs1.csv,1180416.0
1602351701973,9.0,639104.0,42496.0,slice_mixed,rome_slow_close,tr0,exp1,bs1,data/colosseum-oran-commag-dataset/slice_mixed/rome_slow_close/tr0/exp1/bs1/bs1.csv,681600.0
1602351702223,9.0,2522528.0,62496.0,slice_mixed,rome_slow_close,tr0,exp1,bs1,data/colosseum-oran-commag-dataset/slice_mixed/rome_slow_close/tr0/exp1/bs1/bs1.csv,2585024.0
1602351702473,9.0,2116928.0,29408.0,slice_mixed,rome_slow_close,tr0,exp1,bs1,data/colosseum-oran-commag-dataset/slice_mixed/rome_slow_close/tr0/exp1/bs1/bs1.csv,2146336.0
1602351702724,10.0,2142565.75,50135.457031,slice_mixed,rome_slow_close,tr0,exp1,bs1,data/colosseum-oran-commag-dataset/slice_mixed/rome_slow_close/tr0/exp1/bs1/bs1.csv,2192701.207031
1602351702974,10.0,2496162.75,66009.445312,slice_mixed,rome_slow_close,tr0,exp1,bs1,data/colosseum-oran-commag-dataset/slice_mixed/rome_slow_close/tr0/exp1/bs1/bs1.csv,2562172.195312
1602351703224,10.0,1746592.0,44064.0,slice_mixed,rome_slow_close,tr0,exp1,bs1,data/colosseum-oran-commag-dataset/slice_mixed/rome_slow_close/tr0/exp1/bs1/bs1.csv,1790656.0
1602351703473,10.0,1728480.0,46784.0,slice_mixed,rome_slow_close,tr0,exp1,bs1,data/colosseum-oran-commag-dataset/slice_mixed/rome_slow_close/tr0/exp1/bs1/bs1.csv,1775264.0
1602351703723,10.0,1728160.0,41600.0,slice_mixed,rome_slow_close,tr0,exp1,bs1,data/colosseum-oran-commag-dataset/slice_mixed/rome_slow_close/tr0/exp1/bs1/bs1.csv,1769760.0
1602351703973,9.0,1714496.0,43968.0,slice_mixed,rome_slow_close,tr0,exp1,bs1,data/colosseum-oran-commag-dataset/slice_mixed/rome_slow_close/tr0/exp1/bs1/bs1.csv,1758464.0
1602351704223,9.0,1693152.0,53536.0,slice_mixed,rome_slow_close,tr0,exp1,bs1,data/colosseum-oran-commag-dataset/slice_mixed/rome_slow_close/tr0/exp1/bs1/bs1.csv,1746688.0
1602351704473,9.0,1887488.0,17632.0,slice_mixed,rome_slow_close,tr0,exp1,bs1,data/colosseum-oran-commag-dataset/slice_mixed/rome_slow_close/tr0/exp1/bs1/bs1.csv,1905120.0
1602351704723,9.0,2237728.0,55936.0,slice_mixed,rome_slow_close,tr0,exp1,bs1,data/colosseum-oran-commag-dataset/slice_mixed/rome_slow_close/tr0/exp1/bs1/bs1.csv,2293664.0
1602351704973,9.0,1794272.0,30016.0,slice_mixed,rome_slow_close,tr0,exp1,bs1,data/colosseum-oran-commag-dataset/slice_mixed/rome_slow_close/tr0/exp1/bs1/bs1.csv,1824288.0
1602351705223,9.0,1677728.0,76256.0,slice_mixed,rome_slow_close,tr0,exp1,bs1,data/colosseum-oran-commag-dataset/slice_mixed/rome_slow_close/tr0/exp1/bs1/bs1.csv,1753984.0
1602351705473,9.0,1558400.0,14976.0,slice_mixed,rome_slow_close,tr0,exp1,bs1,data/colosseum-oran-commag-dataset/slice_mixed/rome_slow_close/tr0/exp1/bs1/bs1.csv,1573376.0
1602351705724,10.0,1723008.0,66944.0,slice_mixed,rome_slow_close,tr0,exp1,bs1,data/colosseum-oran-commag-dataset/slice_mixed/rome_slow_close/tr0/exp1/bs1/bs1.csv,1789952.0
1602351705974,10.0,1594912.0,60160.0,slice_mixed,rome_slow_close,tr0,exp1,bs1,data/colosseum-oran-commag-dataset/slice_mixed/rome_slow_close/tr0/exp1/bs1/bs1.csv,1655072.0
1602351706224,10.0,1622656.0,26976.0,slice_mixed,rome_slow_close,tr0,exp1,bs1,data/colosseum-oran-commag-dataset/slice_mixed/rome_slow_close/tr0/exp1/bs1/bs1.csv,1649632.0
1602351706473,9.0,1901856.0,30912.0,slice_mixed,rome_slow_close,tr0,exp1,bs1,data/colosseum-oran-commag-dataset/slice_mixed/rome_slow_close/tr0/exp1/bs1/bs1.csv,1932768.0
1602351706724,9.0,1720352.0,64896.0,slice_mixed,rome_slow_close,tr0,exp1,bs1,data/colosseum-oran-commag-dataset/slice_mixed/rome_slow_close/tr0/exp1/bs1/bs1.csv,1785248.0
1602351706973,9.0,1636288.0,58080.0,slice_mixed,rome_slow_close,tr0,exp1,bs1,data/colosseum-oran-commag-dataset/slice_mixed/rome_slow_close/tr0/exp1/bs1/bs1.csv,1694368.0
1602351707224,9.0,2144576.0,58560.0,slice_mixed,rome_slow_close,tr0,exp1,bs1,data/colosseum-oran-commag-dataset/slice_mixed/rome_slow_close/tr0/exp1/bs1/bs1.csv,2203136.0
1602351707474,9.0,1617248.0,0.0,slice_mixed,rome_slow_close,tr0,exp1,bs1,data/colosseum-oran-commag-dataset/slice_mixed/rome_slow_close/tr0/exp1/bs1/bs1.csv,1617248.0
1602351707723,9.0,1166240.0,70720.0,slice_mixed,rome_slow_close,tr0,exp1,bs1,data/colosseum-oran-commag-dataset/slice_mixed/rome_slow_close/tr0/exp1/bs1/bs1.csv,1236960.0
1602351707973,9.0,1640224.0,85440.0,slice_mixed,rome_slow_close,tr0,exp1,bs1,data/colosseum-oran-commag-dataset/slice_mixed/rome_slow_close/tr0/exp1/bs1/bs1.csv,1725664.0
1602351708223,9.0,1634144.0,26528.0,slice_mixed,rome_slow_close,tr0,exp1,bs1,data/colosseum-oran-commag-dataset/slice_mixed/rome_slow_close/tr0/exp1/bs1/bs1.csv,1660672.0
1602351708474,9.0,1888832.0,14784.0,slice_mixed,rome_slow_close,tr0,exp1,bs1,data/colosseum-oran-commag-dataset/slice_mixed/rome_slow_close/tr0/exp1/bs1/bs1.csv,1903616.0
1602351708723,9.0,2469952.0,38912.0,slice_mixed,rome_slow_close,tr0,exp1,bs1,data/colosseum-oran-commag-dataset/slice_mixed/rome_slow_close/tr0/exp1/bs1/bs1.csv,2508864.0
1602351708974,9.0,2613920.0,125760.0,slice_mixed,rome_slow_close,tr0,exp1,bs1,data/colosseum-oran-commag-dataset/slice_mixed/rome_slow_close/tr0/exp1/bs1/bs1.csv,2739680.0
1602351709224,9.0,1813376.0,28416.0,slice_mixed,rome_slow_close,tr0,exp1,bs1,data/colosseum-oran-commag-dataset/slice_mixed/rome_slow_close/tr0/exp1/bs1/bs1.csv,1841792.0
1602351709474,9.0,1820388.375,33285.226562,slice_mixed,rome_slow_close,tr0,exp1,bs1,data/colosseum-oran-commag-dataset/slice_mixed/rome_slow_close/tr0/exp1/bs1/bs1.csv,1853673.601562
1602351709723,9.0,1560156.625,31217.220703,slice_mixed,rome_slow_close,tr0,exp1,bs1,data/colosseum-oran-commag-dataset/slice_mixed/rome_slow_close/tr0/exp1/bs1/bs1.csv,1591373.845703
1602351709974,9.0,1086661.375,43952.191406,slice_mixed,rome_slow_close,tr0,exp1,bs1,data/colosseum-oran-commag-dataset/slice_mixed/rome_slow_close/tr0/exp1/bs1/bs1.csv,1130613.566406
1602351710224,10.0,1862688.0,52032.0,slice_mixed,rome_slow_close,tr0,exp1,bs1,data/colosseum-oran-commag-dataset/slice_mixed/rome_slow_close/tr0/exp1/bs1/bs1.csv,1914720.0
1602351710474,10.0,1928674.625,29365.460938,slice_mixed,rome_slow_close,tr0,exp1,bs1,data/colosseum-oran-commag-dataset/slice_mixed/rome_slow_close/tr0/exp1/bs1/bs1.csv,1958040.085938
1602351710723,9.0,1174048.0,56608.0,slice_mixed,rome_slow_close,tr0,exp1,bs1,data/colosseum-oran-commag-dataset/slice_mixed/rome_slow_close/tr0/exp1/bs1/bs1.csv,1230656.0
1602351710973,9.0,736544.0,57280.0,slice_mixed,rome_slow_close,tr0,exp1,bs1,data/colosseum-oran-commag-dataset/slice_mixed/rome_slow_close/tr0/exp1/bs1/bs1.csv,793824.0
1602351711224,9.0,1674592.0,21376.0,slice_mixed,rome_slow_close,tr0,exp1,bs1,data/colosseum-oran-commag-dataset/slice_mixed/rome_slow_close/tr0/exp1/bs1/bs1.csv,1695968.0
1602351711473,9.0,1708160.0,49056.0,slice_mixed,rome_slow_close,tr0,exp1,bs1,data/colosseum-oran-commag-dataset/slice_mixed/rome_slow_close/tr0/exp1/bs1/bs1.csv,1757216.0
1602351711723,9.0,1738720.0,28224.0,slice_mixed,rome_slow_close,tr0,exp1,bs1,data/colosseum-oran-commag-dataset/slice_mixed/rome_slow_close/tr0/exp1/bs1/bs1.csv,1766944.0
1602351711973,9.0,1700288.0,30016.0,slice_mixed,rome_slow_close,tr0,exp1,bs1,data/colosseum-oran-commag-dataset/slice_mixed/rome_slow_close/tr0/exp1/bs1/bs1.csv,1730304.0
1602351712224,9.0,1552352.0,44672.0,slice_mixed,rome_slow_close,tr0,exp1,bs1,data/colosseum-oran-commag-dataset/slice_mixed/rome_slow_close/tr0/exp1/bs1/bs1.csv,1597024.0
1602351712474,9.0,1870592.0,31040.0,slice_mixed,rome_slow_close,tr0,exp1,bs1,data/colosseum-oran-commag-dataset/slice_mixed/rome_slow_close/tr0/exp1/bs1/bs1.csv,1901632.0
1602351712723,9.0,1767264.0,33440.0,slice_mixed,rome_slow_close,tr0,exp1,bs1,data/colosseum-oran-commag-dataset/slice_mixed/rome_slow_close/tr0/exp1/bs1/bs1.csv,1800704.0
1602351712973,9.0,1780640.0,58336.0,slice_mixed,rome_slow_close,tr0,exp1,bs1,data/colosseum-oran-commag-dataset/slice_mixed/rome_slow_close/tr0/exp1/bs1/bs1.csv,1838976.0
1602351713223,9.0,1724704.0,26496.0,slice_mixed,rome_slow_close,tr0,exp1,bs1,data/colosseum-oran-commag-dataset/slice_mixed/rome_slow_close/tr0/exp1/bs1/bs1.csv,1751200.0
1602351713473,9.0,1874688.0,2592.0,slice_mixed,rome_slow_close,tr0,exp1,bs1,data/colosseum-oran-commag-dataset/slice_mixed/rome_slow_close/tr0/exp1/bs1/bs1.csv,1877280.0
1602351713723,9.0,1748832.0,70112.0,slice_mixed,rome_slow_close,tr0,exp1,bs1,data/colosseum-oran-commag-dataset/slice_mixed/rome_slow_close/tr0/exp1/bs1/bs1.csv,1818944.0
1602351713973,9.0,1465184.0,50464.0,slice_mixed,rome_slow_close,tr0,exp1,bs1,data/colosseum-oran-commag-dataset/slice_mixed/rome_slow_close/tr0/exp1/bs1/bs1.csv,1515648.0
1602351714223,9.0,1857632.0,32736.0,slice_mixed,rome_slow_close,tr0,exp1,bs1,data/colosseum-oran-commag-dataset/slice_mixed/rome_slow_close/tr0/exp1/bs1/bs1.csv,1890368.0
1602351714474,9.0,1694656.0,40608.0,slice_mixed,rome_slow_close,tr0,exp1,bs1,data/colosseum-oran-commag-dataset/slice_mixed/rome_slow_close/tr0/exp1/bs1/bs1.csv,1735264.0
1602351714723,9.0,1390656.0,68640.0,slice_mixed,rome_slow_close,tr0,exp1,bs1,data/colosseum-oran-commag-dataset/slice_mixed/rome_slow_close/tr0/exp1/bs1/bs1.csv,1459296.0
1602351714973,9.0,1687424.0,71296.0,slice_mixed,rome_slow_close,tr0,exp1,bs1,data/colosseum-oran-commag-dataset/slice_mixed/rome_slow_close/tr0/exp1/bs1/bs1.csv,1758720.0
1602351715223,9.0,1877664.0,26240.0,slice_mixed,rome_slow_close,tr0,exp1,bs1,data/colosseum-oran-commag-dataset/slice_mixed/rome_slow_close/tr0/exp1/bs1/bs1.csv,1903904.0
1602351715474,9.0,1617984.0,40192.0,slice_mixed,rome_slow_close,tr0,exp1,bs1,data/colosseum-oran-commag-dataset/slice_mixed/rome_slow_close/tr0/exp1/bs1/bs1.csv,1658176.0
1602351715724,9.0,1607681.25,34517.929688,slice_mixed,rome_slow_close,tr0,exp1,bs1,data/colosseum-oran-commag-dataset/slice_mixed/rome_slow_close/tr0/exp1/bs1/bs1.csv,1642199.179688
1602351715974,9.0,1650176.0,27136.0,slice_mixed,rome_slow_close,tr0,exp1,bs1,data/colosseum-oran-commag-dataset/slice_mixed/rome_slow_close/tr0/exp1/bs1/bs1.csv,1677312.0
1602351716224,9.0,1566592.0,38016.0,slice_mixed,rome_slow_close,tr0,exp1,bs1,data/colosseum-oran-commag-dataset/slice_mixed/rome_slow_close/tr0/exp1/bs1/bs1.csv,1604608.0
1602351716474,9.0,1527743.0,53333.332031,slice_mixed,rome_slow_close,tr0,exp1,bs1,data/colosseum-oran-commag-dataset/slice_mixed/rome_slow_close/tr0/exp1/bs1/bs1.csv,1581076.332031
1602351716724,9.0,1559330.625,57721.117188,slice_mixed,rome_slow_close,tr0,exp1,bs1,data/colosseum-oran-commag-dataset/slice_mixed/rome_slow_close/tr0/exp1/bs1/bs1.csv,1617051.742188
1602351716973,9.0,1677879.5,53269.074219,slice_mixed,rome_slow_close,tr0,exp1,bs1,data/colosseum-oran-commag-dataset/slice_mixed/rome_slow_close/tr0/exp1/bs1/bs1.csv,1731148.574219
1602351717223,9.0,1834048.0,13184.0,slice_mixed,rome_slow_close,tr0,exp1,bs1,data/colosseum-oran-commag-dataset/slice_mixed/rome_slow_close/tr0/exp1/bs1/bs1.csv,1847232.0
1602351717473,9.0,1709824.0,57536.0,slice_mixed,rome_slow_close,tr0,exp1,bs1,data/colosseum-oran-commag-dataset/slice_mixed/rome_slow_close/tr0/exp1/bs1/bs1.csv,1767360.0
1602351717723,9.0,1727840.0,38336.0,slice_mixed,rome_slow_close,tr0,exp1,bs1,data/colosseum-oran-commag-dataset/slice_mixed/rome_slow_close/tr0/exp1/bs1/bs1.csv,1766176.0
1602351717973,9.0,952128.0,22720.0,slice_mixed,rome_slow_close,tr0,exp1,bs1,data/colosseum-oran-commag-dataset/slice_mixed/rome_slow_close/tr0/exp1/bs1/bs1.csv,974848.0
1602351718223,9.0,1207360.0,30112.0,slice_mixed,rome_slow_close,tr0,exp1,bs1,data/colosseum-oran-commag-dataset/slice_mixed/rome_slow_close/tr0/exp1/bs1/bs1.csv,1237472.0
1602351718473,9.0,780224.0,67616.0,slice_mixed,rome_slow_close,tr0,exp1,bs1,data/colosseum-oran-commag-dataset/slice_mixed/rome_slow_close/tr0/exp1/bs1/bs1.csv,847840.0
1602351718724,9.0,1885728.0,46944.0,slice_mixed,rome_slow_close,tr0,exp1,bs1,data/colosseum-oran-commag-dataset/slice_mixed/rome_slow_close/tr0/exp1/bs1/bs1.csv,1932672.0
1602351718973,9.0,1970784.0,30912.0,slice_mixed,rome_slow_close,tr0,exp1,bs1,data/colosseum-oran-commag-dataset/slice_mixed/rome_slow_close/tr0/exp1/bs1/bs1.csv,2001696.0
1602351719223,9.0,1882592.0,45952.0,slice_mixed,rome_slow_close,tr0,exp1,bs1,data/colosseum-oran-commag-dataset/slice_mixed/rome_slow_close/tr0/exp1/bs1/bs1.csv,1928544.0
1602351719474,9.0,1656768.0,19232.0,slice_mixed,rome_slow_close,tr0,exp1,bs1,data/colosseum-oran-commag-dataset/slice_mixed/rome_slow_close/tr0/exp1/bs1/bs1.csv,1676000.0
1602351719723,9.0,2237920.0,40160.0,slice_mixed,rome_slow_close,tr0,exp1,bs1,data/colosseum-oran-commag-dataset/slice_mixed/rome_slow_close/tr0/exp1/bs1/bs1.csv,2278080.0
1602351719973,9.0,1748416.0,35008.0,slice_mixed,rome_slow_close,tr0,exp1,bs1,data/colosseum-oran-commag-dataset/slice_mixed/rome_slow_close/tr0/exp1/bs1/bs1.csv,1783424.0
1602351720223,9.0,1463648.0,46720.0,slice_mixed,rome_slow_close,tr0,exp1,bs1,data/colosseum-oran-commag-dataset/slice_mixed/rome_slow_close/tr0/exp1/bs1/bs1.csv,1510368.0
1602351720474,9.0,1969792.0,65760.0,slice_mixed,rome_slow_close,tr0,exp1,bs1,data/colosseum-oran-commag-dataset/slice_mixed/rome_slow_close/tr0/exp1/bs1/bs1.csv,2035552.0
1602351720723,9.0,1418656.0,54880.0,slice_mixed,rome_slow_close,tr0,exp1,bs1,data/colosseum-oran-commag-dataset/slice_mixed/rome_slow_close/tr0/exp1/bs1/bs1.csv,1473536.0
1602351720973,9.0,1131200.0,48576.0,slice_mixed,rome_slow_close,tr0,exp1,bs1,data/colosseum-oran-commag-dataset/slice_mixed/rome_slow_close/tr0/exp1/bs1/bs1.csv,1179776.0
1602351721223,9.0,1376480.0,63072.0,slice_mixed,rome_slow_close,tr0,exp1,bs1,data/colosseum-oran-commag-dataset/slice_mixed/rome_slow_close/tr0/exp1/bs1/bs1.csv,1439552.0
1602351721473,9.0,1122464.0,32256.0,slice_mixed,rome_slow_close,tr0,exp1,bs1,data/colosseum-oran-commag-dataset/slice_mixed/rome_slow_close/tr0/exp1/bs1/bs1.csv,1154720.0
1602351721723,9.0,1592512.0,68192.0,slice_mixed,rome_slow_close,tr0,exp1,bs1,data/colosseum-oran-commag-dataset/slice_mixed/rome_slow_close/tr0/exp1/bs1/bs1.csv,1660704.0
1602351721974,9.0,1443712.0,77728.0,slice_mixed,rome_slow_close,tr0,exp1,bs1,data/colosseum-oran-commag-dataset/slice_mixed/rome_slow_close/tr0/exp1/bs1/bs1.csv,1521440.0
1602351722224,9.0,1511075.625,29504.0,slice_mixed,rome_slow_close,tr0,exp1,bs1,data/colosseum-oran-commag-dataset/slice_mixed/rome_slow_close/tr0/exp1/bs1/bs1.csv,1540579.625
1602351722474,9.0,1743777.5,29049.753906,slice_mixed,rome_slow_close,tr0,exp1,bs1,data/colosseum-oran-commag-dataset/slice_mixed/rome_slow_close/tr0/exp1/bs1/bs1.csv,1772827.253906
1602351722723,9.0,1538538.125,42506.023438,slice_mixed,rome_slow_close,tr0,exp1,bs1,data/colosseum-oran-commag-dataset/slice_mixed/rome_slow_close/tr0/exp1/bs1/bs1.csv,1581044.148438
1602351722974,9.0,1653376.0,59232.0,slice_mixed,rome_slow_close,tr0,exp1,bs1,data/colosseum-oran-commag-dataset/slice_mixed/rome_slow_close/tr0/exp1/bs1/bs1.csv,1712608.0
1602351723223,9.0,1394464.0,44704.0,slice_mixed,rome_slow_close,tr0,exp1,bs1,data/colosseum-oran-commag-dataset/slice_mixed/rome_slow_close/tr0/exp1/bs1/bs1.csv,1439168.0
1602351723473,9.0,1718432.0,44928.0,slice_mixed,rome_slow_close,tr0,exp1,bs1,data/colosseum-oran-commag-dataset/slice_mixed/rome_slow_close/tr0/exp1/bs1/bs1.csv,1763360.0
1602351723723,9.0,2219648.0,34272.0,slice_mixed,rome_slow_close,tr0,exp1,bs1,data/colosseum-oran-commag-dataset/slice_mixed/rome_slow_close/tr0/exp1/bs1/bs1.csv,2253920.0
1602351723973,9.0,1642400.0,72288.0,slice_mixed,rome_slow_close,tr0,exp1,bs1,data/colosseum-oran-commag-dataset/slice_mixed/rome_slow_close/tr0/exp1/bs1/bs1.csv,1714688.0
1602351724224,9.0,1630816.0,17952.0,slice_mixed,rome_slow_close,tr0,exp1,bs1,data/colosseum-oran-commag-dataset/slice_mixed/rome_slow_close/tr0/exp1/bs1/bs1.csv,1648768.0
1602351724474,9.0,1684352.0,17056.0,slice_mixed,rome_slow_close,tr0,exp1,bs1,data/colosseum-oran-commag-dataset/slice_mixed/rome_slow_close/tr0/exp1/bs1/bs1.csv,1701408.0
1602351724723,9.0,1850848.0,42336.0,slice_mixed,rome_slow_close,tr0,exp1,bs1,data/colosseum-oran-commag-dataset/slice_mixed/rome_slow_close/tr0/exp1/bs1/bs1.csv,1893184.0
1602351724973,9.0,1662464.0,45792.0,slice_mixed,rome_slow_close,tr0,exp1,bs1,data/colosseum-oran-commag-dataset/slice_mixed/rome_slow_close/tr0/exp1/bs1/bs1.csv,1708256.0
1602351725224,9.0,1654176.0,87776.0,slice_mixed,rome_slow_close,tr0,exp1,bs1,data/colosseum-oran-commag-dataset/slice_mixed/rome_slow_close/tr0/exp1/bs1/bs1.csv,1741952.0
1602351725473,9.0,1814048.0,22080.0,slice_mixed,rome_slow_close,tr0,exp1,bs1,data/colosseum-oran-commag-dataset/slice_mixed/rome_slow_close/tr0/exp1/bs1/bs1.csv,1836128.0
1602351725723,9.0,1420096.0,62336.0,slice_mixed,rome_slow_close,tr0,exp1,bs1,data/colosseum-oran-commag-dataset/slice_mixed/rome_slow_close/tr0/exp1/bs1/bs1.csv,1482432.0
1602351725973,9.0,1171584.0,48416.0,slice_mixed,rome_slow_close,tr0,exp1,bs1,data/colosseum-oran-commag-dataset/slice_mixed/rome_slow_close/tr0/exp1/bs1/bs1.csv,1220000.0
1602351726223,9.0,1763456.0,42688.0,slice_mixed,rome_slow_close,tr0,exp1,bs1,data/colosseum-oran-commag-dataset/slice_mixed/rome_slow_close/tr0/exp1/bs1/bs1.csv,1806144.0
1602351726473,9.0,1634880.0,53632.0,slice_mixed,rome_slow_close,tr0,exp1,bs1,data/colosseum-oran-commag-dataset/slice_mixed/rome_slow_close/tr0/exp1/bs1/bs1.csv,1688512.0
1602351726724,9.0,1517792.0,49664.0,slice_mixed,rome_slow_close,tr0,exp1,bs1,data/colosseum-oran-commag-dataset/slice_mixed/rome_slow_close/tr0/exp1/bs1/bs1.csv,1567456.0
1602351726973,9.0,914752.0,40832.0,slice_mixed,rome_slow_close,tr0,exp1,bs1,data/colosseum-oran-commag-dataset/slice_mixed/rome_slow_close/tr0/exp1/bs1/bs1.csv,955584.0
1602351727224,9.0,1900992.0,34976.0,slice_mixed,rome_slow_close,tr0,exp1,bs1,data/colosseum-oran-commag-dataset/slice_mixed/rome_slow_close/tr0/exp1/bs1/bs1.csv,1935968.0
1602351727473,9.0,1722048.0,31744.0,slice_mixed,rome_slow_close,tr0,exp1,bs1,data/colosseum-oran-commag-dataset/slice_mixed/rome_slow_close/tr0/exp1/bs1/bs1.csv,1753792.0
1602351727724,9.0,1129952.0,44448.0,slice_mixed,rome_slow_close,tr0,exp1,bs1,data/colosseum-oran-commag-dataset/slice_mixed/rome_slow_close/tr0/exp1/bs1/bs1.csv,1174400.0
1602351727973,9.0,1710688.0,14112.0,slice_mixed,rome_slow_close,tr0,exp1,bs1,data/colosseum-oran-commag-dataset/slice_mixed/rome_slow_close/tr0/exp1/bs1/bs1.csv,1724800.0
1602351728223,9.0,1467072.0,69824.0,slice_mixed,rome_slow_close,tr0,exp1,bs1,data/colosseum-oran-commag-dataset/slice_mixed/rome_slow_close/tr0/exp1/bs1/bs1.csv,1536896.0
1602351728473,9.0,1830144.0,22528.0,slice_mixed,rome_slow_close,tr0,exp1,bs1,data/colosseum-oran-commag-dataset/slice_mixed/rome_slow_close/tr0/exp1/bs1/bs1.csv,1852672.0
1602351728724,9.0,948768.0,48832.0,slice_mixed,rome_slow_close,tr0,exp1,bs1,data/colosseum-oran-commag-dataset/slice_mixed/rome_slow_close/tr0/exp1/bs1/bs1.csv,997600.0
1602351728974,9.0,1182693.25,31426.294922,slice_mixed,rome_slow_close,tr0,exp1,bs1,data/colosseum-oran-commag-dataset/slice_mixed/rome_slow_close/tr0/exp1/bs1/bs1.csv,1214119.544922
1602351729224,9.0,1065024.0,26048.0,slice_mixed,rome_slow_close,tr0,exp1,bs1,data/colosseum-oran-commag-dataset/slice_mixed/rome_slow_close/tr0/exp1/bs1/bs1.csv,1091072.0
1602351729474,9.0,1295004.0,28208.835938,slice_mixed,rome_slow_close,tr0,exp1,bs1,data/colosseum-oran-commag-dataset/slice_mixed/rome_slow_close/tr0/exp1/bs1/bs1.csv,1323212.835938
1602351729723,9.0,1402752.0,19328.0,slice_mixed,rome_slow_close,tr0,exp1,bs1,data/colosseum-oran-commag-dataset/slice_mixed/rome_slow_close/tr0/exp1/bs1/bs1.csv,1422080.0
1602351729973,9.0,1030592.0,27072.0,slice_mixed,rome_slow_close,tr0,exp1,bs1,data/colosseum-oran-commag-dataset/slice_mixed/rome_slow_close/tr0/exp1/bs1/bs1.csv,1057664.0
1602351730224,9.0,1483968.0,40288.0,slice_mixed,rome_slow_close,tr0,exp1,bs1,data/colosseum-oran-commag-dataset/slice_mixed/rome_slow_close/tr0/exp1/bs1/bs1.csv,1524256.0
1602351730474,9.0,1179584.0,20416.0,slice_mixed,rome_slow_close,tr0,exp1,bs1,data/colosseum-oran-commag-dataset/slice_mixed/rome_slow_close/tr0/exp1/bs1/bs1.csv,1200000.0
1602351730723,9.0,1807008.0,31552.0,slice_mixed,rome_slow_close,tr0,exp1,bs1,data/colosseum-oran-commag-dataset/slice_mixed/rome_slow_close/tr0/exp1/bs1/bs1.csv,1838560.0
1602351730973,9.0,1606080.0,0.0,slice_mixed,rome_slow_close,tr0,exp1,bs1,data/colosseum-oran-commag-dataset/slice_mixed/rome_slow_close/tr0/exp1/bs1/bs1.csv,1606080.0
1602351731223,9.0,947744.0,67328.0,slice_mixed,rome_slow_close,tr0,exp1,bs1,data/colosseum-oran-commag-dataset/slice_mixed/rome_slow_close/tr0/exp1/bs1/bs1.csv,1015072.0
1602351731473,9.0,1235936.0,56928.0,slice_mixed,rome_slow_close,tr0,exp1,bs1,data/colosseum-oran-commag-dataset/slice_mixed/rome_slow_close/tr0/exp1/bs1/bs1.csv,1292864.0
1602351731724,9.0,2191648.0,60160.0,slice_mixed,rome_slow_close,tr0,exp1,bs1,data/colosseum-oran-commag-dataset/slice_mixed/rome_slow_close/tr0/exp1/bs1/bs1.csv,2251808.0
1602351731973,9.0,1497248.0,50368.0,slice_mixed,rome_slow_close,tr0,exp1,bs1,data/colosseum-oran-commag-dataset/slice_mixed/rome_slow_close/tr0/exp1/bs1/bs1.csv,1547616.0
1602351732224,9.0,1667616.0,37280.0,slice_mixed,rome_slow_close,tr0,exp1,bs1,data/colosseum-oran-commag-dataset/slice_mixed/rome_slow_close/tr0/exp1/bs1/bs1.csv,1704896.0
1602351732473,9.0,1990464.0,5824.0,slice_mixed,rome_slow_close,tr0,exp1,bs1,data/colosseum-oran-commag-dataset/slice_mixed/rome_slow_close/tr0/exp1/bs1/bs1.csv,1996288.0
1602351732724,9.0,1002880.0,64704.0,slice_mixed,rome_slow_close,tr0,exp1,bs1,data/colosseum-oran-commag-dataset/slice_mixed/rome_slow_close/tr0/exp1/bs1/bs1.csv,1067584.0
1602351732973,9.0,1139392.0,36736.0,slice_mixed,rome_slow_close,tr0,exp1,bs1,data/colosseum-oran-commag-dataset/slice_mixed/rome_slow_close/tr0/exp1/bs1/bs1.csv,1176128.0
1602351733223,9.0,1171008.0,33920.0,slice_mixed,rome_slow_close,tr0,exp1,bs1,data/colosseum-oran-commag-dataset/slice_mixed/rome_slow_close/tr0/exp1/bs1/bs1.csv,1204928.0
1602351733473,9.0,2039200.0,16576.0,slice_mixed,rome_slow_close,tr0,exp1,bs1,data/colosseum-oran-commag-dataset/slice_mixed/rome_slow_close/tr0/exp1/bs1/bs1.csv,2055776.0
1602351733723,9.0,2001376.0,43648.0,slice_mixed,rome_slow_close,tr0,exp1,bs1,data/colosseum-oran-commag-dataset/slice_mixed/rome_slow_close/tr0/exp1/bs1/bs1.csv,2045024.0
1602351733974,9.0,1023264.0,48064.0,slice_mixed,rome_slow_close,tr0,exp1,bs1,data/colosseum-oran-commag-dataset/slice_mixed/rome_slow_close/tr0/exp1/bs1/bs1.csv,1071328.0
1602351734223,9.0,1850528.0,34048.0,slice_mixed,rome_slow_close,tr0,exp1,bs1,data/colosseum-oran-commag-dataset/slice_mixed/rome_slow_close/tr0/exp1/bs1/bs1.csv,1884576.0
1602351734474,9.0,1476128.0,2592.0,slice_mixed,rome_slow_close,tr0,exp1,bs1,data/colosseum-oran-commag-dataset/slice_mixed/rome_slow_close/tr0/exp1/bs1/bs1.csv,1478720.0
1602351734723,9.0,904704.0,39040.0,slice_mixed,rome_slow_close,tr0,exp1,bs1,data/colosseum-oran-commag-dataset/slice_mixed/rome_slow_close/tr0/exp1/bs1/bs1.csv,943744.0
1602351734974,9.0,1101184.0,13408.0,slice_mixed,rome_slow_close,tr0,exp1,bs1,data/colosseum-oran-commag-dataset/slice_mixed/rome_slow_close/tr0/exp1/bs1/bs1.csv,1114592.0
1602351735223,9.0,1405120.0,29024.0,slice_mixed,rome_slow_close,tr0,exp1,bs1,data/colosseum-oran-commag-dataset/slice_mixed/rome_slow_close/tr0/exp1/bs1/bs1.csv,1434144.0
1602351735474,9.0,2010390.625,5641.434082,slice_mixed,rome_slow_close,tr0,exp1,bs1,data/colosseum-oran-commag-dataset/slice_mixed/rome_slow_close/tr0/exp1/bs1/bs1.csv,2016032.059082
1602351735723,9.0,2237076.5,39582.328125,slice_mixed,rome_slow_close,tr0,exp1,bs1,data/colosseum-oran-commag-dataset/slice_mixed/rome_slow_close/tr0/exp1/bs1/bs1.csv,2276658.828125
1602351735973,9.0,1053728.0,31296.0,slice_mixed,rome_slow_close,tr0,exp1,bs1,data/colosseum-oran-commag-dataset/slice_mixed/rome_slow_close/tr0/exp1/bs1/bs1.csv,1085024.0
1602351736223,9.0,1597504.0,57984.0,slice_mixed,rome_slow_close,tr0,exp1,bs1,data/colosseum-oran-commag-dataset/slice_mixed/rome_slow_close/tr0/exp1/bs1/bs1.csv,1655488.0
1602351736474,9.0,1952704.0,8096.0,slice_mixed,rome_slow_close,tr0,exp1,bs1,data/colosseum-oran-commag-dataset/slice_mixed/rome_slow_close/tr0/exp1/bs1/bs1.csv,1960800.0
1602351736723,9.0,2246240.0,37056.0,slice_mixed,rome_slow_close,tr0,exp1,bs1,data/colosseum-oran-commag-dataset/slice_mixed/rome_slow_close/tr0/exp1/bs1/bs1.csv,2283296.0
1602351736973,9.0,1305440.0,11296.0,slice_mixed,rome_slow_close,tr0,exp1,bs1,data/colosseum-oran-commag-dataset/slice_mixed/rome_slow_close/tr0/exp1/bs1/bs1.csv,1316736.0
1602351737223,9.0,1287488.0,57600.0,slice_mixed,rome_slow_close,tr0,exp1,bs1,data/colosseum-oran-commag-dataset/slice_mixed/rome_slow_close/tr0/exp1/bs1/bs1.csv,1345088.0
1602351737474,9.0,1958880.0,17024.0,slice_mixed,rome_slow_close,tr0,exp1,bs1,data/colosseum-oran-commag-dataset/slice_mixed/rome_slow_close/tr0/exp1/bs1/bs1.csv,1975904.0
1602351737723,9.0,2545472.0,57568.0,slice_mixed,rome_slow_close,tr0,exp1,bs1,data/colosseum-oran-commag-dataset/slice_mixed/rome_slow_close/tr0/exp1/bs1/bs1.csv,2603040.0
1602351737973,9.0,2333504.0,45504.0,slice_mixed,rome_slow_close,tr0,exp1,bs1,data/colosseum-oran-commag-dataset/slice_mixed/rome_slow_close/tr0/exp1/bs1/bs1.csv,2379008.0
1602351738224,9.0,1896736.0,29600.0,slice_mixed,rome_slow_close,tr0,exp1,bs1,data/colosseum-oran-commag-dataset/slice_mixed/rome_slow_close/tr0/exp1/bs1/bs1.csv,1926336.0
1602351738473,9.0,1776512.0,18048.0,slice_mixed,rome_slow_close,tr0,exp1,bs1,data/colosseum-oran-commag-dataset/slice_mixed/rome_slow_close/tr0/exp1/bs1/bs1.csv,1794560.0
1602351738723,9.0,1918368.0,37056.0,slice_mixed,rome_slow_close,tr0,exp1,bs1,data/colosseum-oran-commag-dataset/slice_mixed/rome_slow_close/tr0/exp1/bs1/bs1.csv,1955424.0
1602351738974,9.0,1787168.0,45728.0,slice_mixed,rome_slow_close,tr0,exp1,bs1,data/colosseum-oran-commag-dataset/slice_mixed/rome_slow_close/tr0/exp1/bs1/bs1.csv,1832896.0
1602351739223,9.0,2120704.0,30176.0,slice_mixed,rome_slow_close,tr0,exp1,bs1,data/colosseum-oran-commag-dataset/slice_mixed/rome_slow_close/tr0/exp1/bs1/bs1.csv,2150880.0
1602351739473,9.0,1933504.0,9376.0,slice_mixed,rome_slow_close,tr0,exp1,bs1,data/colosseum-oran-commag-dataset/slice_mixed/rome_slow_close/tr0/exp1/bs1/bs1.csv,1942880.0
1602351739723,9.0,2116000.0,48032.0,slice_mixed,rome_slow_close,tr0,exp1,bs1,data/colosseum-oran-commag-dataset/slice_mixed/rome_slow_close/tr0/exp1/bs1/bs1.csv,2164032.0
1602351739974,9.0,2397888.0,8160.0,slice_mixed,rome_slow_close,tr0,exp1,bs1,data/colosseum-oran-commag-dataset/slice_mixed/rome_slow_close/tr0/exp1/bs1/bs1.csv,2406048.0
1602351740223,9.0,1888864.0,40160.0,slice_mixed,rome_slow_close,tr0,exp1,bs1,data/colosseum-oran-commag-dataset/slice_mixed/rome_slow_close/tr0/exp1/bs1/bs1.csv,1929024.0
1602351740473,9.0,1614720.0,19456.0,slice_mixed,rome_slow_close,tr0,exp1,bs1,data/colosseum-oran-commag-dataset/slice_mixed/rome_slow_close/tr0/exp1/bs1/bs1.csv,1634176.0
1602351740724,9.0,1641952.0,107072.0,slice_mixed,rome_slow_close,tr0,exp1,bs1,data/colosseum-oran-commag-dataset/slice_mixed/rome_slow_close/tr0/exp1/bs1/bs1.csv,1749024.0
1602351740974,9.0,1450208.0,60256.0,slice_mixed,rome_slow_close,tr0,exp1,bs1,data/colosseum-oran-commag-dataset/slice_mixed/rome_slow_close/tr0/exp1/bs1/bs1.csv,1510464.0
1602351741223,9.0,2083520.0,23808.0,slice_mixed,rome_slow_close,tr0,exp1,bs1,data/colosseum-oran-commag-dataset/slice_mixed/rome_slow_close/tr0/exp1/bs1/bs1.csv,2107328.0
1602351741473,9.0,1805088.0,44768.0,slice_mixed,rome_slow_close,tr0,exp1,bs1,data/colosseum-oran-commag-dataset/slice_mixed/rome_slow_close/tr0/exp1/bs1/bs1.csv,1849856.0
1602351741723,9.0,1645216.0,22464.0,slice_mixed,rome_slow_close,tr0,exp1,bs1,data/colosseum-oran-commag-dataset/slice_mixed/rome_slow_close/tr0/exp1/bs1/bs1.csv,1667680.0
1602351741974,9.0,1790470.125,38151.394531,slice_mixed,rome_slow_close,tr0,exp1,bs1,data/colosseum-oran-commag-dataset/slice_mixed/rome_slow_close/tr0/exp1/bs1/bs1.csv,1828621.519531
1602351742223,9.0,1595052.125,55389.558594,slice_mixed,rome_slow_close,tr0,exp1,bs1,data/colosseum-oran-commag-dataset/slice_mixed/rome_slow_close/tr0/exp1/bs1/bs1.csv,1650441.683594
1602351742474,9.0,1687968.0,64704.0,slice_mixed,rome_slow_close,tr0,exp1,bs1,data/colosseum-oran-commag-dataset/slice_mixed/rome_slow_close/tr0/exp1/bs1/bs1.csv,1752672.0
1602351742724,9.0,1551424.0,42240.0,slice_mixed,rome_slow_close,tr0,exp1,bs1,data/colosseum-oran-commag-dataset/slice_mixed/rome_slow_close/tr0/exp1/bs1/bs1.csv,1593664.0
1602351742973,9.0,1868160.0,0.0,slice_mixed,rome_slow_close,tr0,exp1,bs1,data/colosseum-oran-commag-dataset/slice_mixed/rome_slow_close/tr0/exp1/bs1/bs1.csv,1868160.0
1602351743223,9.0,2000128.0,55776.0,slice_mixed,rome_slow_close,tr0,exp1,bs1,data/colosseum-oran-commag-dataset/slice_mixed/rome_slow_close/tr0/exp1/bs1/bs1.csv,2055904.0
1602351743474,9.0,2037152.0,4256.0,slice_mixed,rome_slow_close,tr0,exp1,bs1,data/colosseum-oran-commag-dataset/slice_mixed/rome_slow_close/tr0/exp1/bs1/bs1.csv,2041408.0
1602351743723,9.0,1903232.0,46816.0,slice_mixed,rome_slow_close,tr0,exp1,bs1,data/colosseum-oran-commag-dataset/slice_mixed/rome_slow_close/tr0/exp1/bs1/bs1.csv,1950048.0
1602351743974,9.0,1044576.0,48032.0,slice_mixed,rome_slow_close,tr0,exp1,bs1,data/colosseum-oran-commag-dataset/slice_mixed/rome_slow_close/tr0/exp1/bs1/bs1.csv,1092608.0
1602351744223,9.0,1482400.0,48640.0,slice_mixed,rome_slow_close,tr0,exp1,bs1,data/colosseum-oran-commag-dataset/slice_mixed/rome_slow_close/tr0/exp1/bs1/bs1.csv,1531040.0
1602351744474,9.0,1861376.0,49984.0,slice_mixed,rome_slow_close,tr0,exp1,bs1,data/colosseum-oran-commag-dataset/slice_mixed/rome_slow_close/tr0/exp1/bs1/bs1.csv,1911360.0
1602351744723,9.0,2029504.0,44448.0,slice_mixed,rome_slow_close,tr0,exp1,bs1,data/colosseum-oran-commag-dataset/slice_mixed/rome_slow_close/tr0/exp1/bs1/bs1.csv,2073952.0
1602351744974,9.0,1712064.0,11264.0,slice_mixed,rome_slow_close,tr0,exp1,bs1,data/colosseum-oran-commag-dataset/slice_mixed/rome_slow_close/tr0/exp1/bs1/bs1.csv,1723328.0
1602351745223,9.0,1746016.0,28672.0,slice_mixed,rome_slow_close,tr0,exp1,bs1,data/colosseum-oran-commag-dataset/slice_mixed/rome_slow_close/tr0/exp1/bs1/bs1.csv,1774688.0
1602351745474,10.0,1557952.0,42496.0,slice_mixed,rome_slow_close,tr0,exp1,bs1,data/colosseum-oran-commag-dataset/slice_mixed/rome_slow_close/tr0/exp1/bs1/bs1.csv,1600448.0
1602351745724,10.0,1202688.0,85600.0,slice_mixed,rome_slow_close,tr0,exp1,bs1,data/colosseum-oran-commag-dataset/slice_mixed/rome_slow_close/tr0/exp1/bs1/bs1.csv,1288288.0
1602351745973,9.0,1376512.0,53376.0,slice_mixed,rome_slow_close,tr0,exp1,bs1,data/colosseum-oran-commag-dataset/slice_mixed/rome_slow_close/tr0/exp1/bs1/bs1.csv,1429888.0
1602351746224,9.0,1910240.0,47840.0,slice_mixed,rome_slow_close,tr0,exp1,bs1,data/colosseum-oran-commag-dataset/slice_mixed/rome_slow_close/tr0/exp1/bs1/bs1.csv,1958080.0
1602351746473,9.0,2555488.0,14304.0,slice_mixed,rome_slow_close,tr0,exp1,bs1,data/colosseum-oran-commag-dataset/slice_mixed/rome_slow_close/tr0/exp1/bs1/bs1.csv,2569792.0
1602351746723,9.0,1953120.0,59872.0,slice_mixed,rome_slow_close,tr0,exp1,bs1,data/colosseum-oran-commag-dataset/slice_mixed/rome_slow_close/tr0/exp1/bs1/bs1.csv,2012992.0
1602351746973,9.0,1834272.0,28448.0,slice_mixed,rome_slow_close,tr0,exp1,bs1,data/colosseum-oran-commag-dataset/slice_mixed/rome_slow_close/tr0/exp1/bs1/bs1.csv,1862720.0
1602351747224,9.0,2133376.0,48768.0,slice_mixed,rome_slow_close,tr0,exp1,bs1,data/colosseum-oran-commag-dataset/slice_mixed/rome_slow_close/tr0/exp1/bs1/bs1.csv,2182144.0
1602351747473,9.0,1702976.0,29696.0,slice_mixed,rome_slow_close,tr0,exp1,bs1,data/colosseum-oran-commag-dataset/slice_mixed/rome_slow_close/tr0/exp1/bs1/bs1.csv,1732672.0
1602351747724,9.0,1835360.0,50144.0,slice_mixed,rome_slow_close,tr0,exp1,bs1,data/colosseum-oran-commag-dataset/slice_mixed/rome_slow_close/tr0/exp1/bs1/bs1.csv,1885504.0
1602351747973,9.0,2121344.0,29600.0,slice_mixed,rome_slow_close,tr0,exp1,bs1,data/colosseum-oran-commag-dataset/slice_mixed/rome_slow_close/tr0/exp1/bs1/bs1.csv,2150944.0
1602351748223,9.0,970688.0,57408.0,slice_mixed,rome_slow_close,tr0,exp1,bs1,data/colosseum-oran-commag-dataset/slice_mixed/rome_slow_close/tr0/exp1/bs1/bs1.csv,1028096.0
1602351748473,9.0,1759456.0,36928.0,slice_mixed,rome_slow_close,tr0,exp1,bs1,data/colosseum-oran-commag-dataset/slice_mixed/rome_slow_close/tr0/exp1/bs1/bs1.csv,1796384.0
1602351748724,9.0,1877800.75,51442.230469,slice_mixed,rome_slow_close,tr0,exp1,bs1,data/colosseum-oran-commag-dataset/slice_mixed/rome_slow_close/tr0/exp1/bs1/bs1.csv,1929242.980469
1602351748974,9.0,2073895.75,0.0,slice_mixed,rome_slow_close,tr0,exp1,bs1,data/colosseum-oran-commag-dataset/slice_mixed/rome_slow_close/tr0/exp1/bs1/bs1.csv,2073895.75
1602351749224,9.0,2031104.0,61984.0,slice_mixed,rome_slow_close,tr0,exp1,bs1,data/colosseum-oran-commag-dataset/slice_mixed/rome_slow_close/tr0/exp1/bs1/bs1.csv,2093088.0
1602351749473,9.0,1634944.0,20672.0,slice_mixed,rome_slow_close,tr0,exp1,bs1,data/colosseum-oran-commag-dataset/slice_mixed/rome_slow_close/tr0/exp1/bs1/bs1.csv,1655616.0
1602351749723,9.0,1808768.0,55840.0,slice_mixed,rome_slow_close,tr0,exp1,bs1,data/colosseum-oran-commag-dataset/slice_mixed/rome_slow_close/tr0/exp1/bs1/bs1.csv,1864608.0
1602351749973,9.0,1971040.0,24640.0,slice_mixed,rome_slow_close,tr0,exp1,bs1,data/colosseum-oran-commag-dataset/slice_mixed/rome_slow_close/tr0/exp1/bs1/bs1.csv,1995680.0
1602351750223,9.0,1835104.0,43840.0,slice_mixed,rome_slow_close,tr0,exp1,bs1,data/colosseum-oran-commag-dataset/slice_mixed/rome_slow_close/tr0/exp1/bs1/bs1.csv,1878944.0
1602351750473,9.0,1859936.0,14592.0,slice_mixed,rome_slow_close,tr0,exp1,bs1,data/colosseum-oran-commag-dataset/slice_mixed/rome_slow_close/tr0/exp1/bs1/bs1.csv,1874528.0
1602351750723,9.0,2035776.0,65984.0,slice_mixed,rome_slow_close,tr0,exp1,bs1,data/colosseum-oran-commag-dataset/slice_mixed/rome_slow_close/tr0/exp1/bs1/bs1.csv,2101760.0
1602351750973,9.0,1107456.0,8320.0,slice_mixed,rome_slow_close,tr0,exp1,bs1,data/colosseum-oran-commag-dataset/slice_mixed/rome_slow_close/tr0/exp1/bs1/bs1.csv,1115776.0
1602351751224,9.0,2037344.0,59488.0,slice_mixed,rome_slow_close,tr0,exp1,bs1,data/colosseum-oran-commag-dataset/slice_mixed/rome_slow_close/tr0/exp1/bs1/bs1.csv,2096832.0
1602351751473,9.0,2114976.0,32288.0,slice_mixed,rome_slow_close,tr0,exp1,bs1,data/colosseum-oran-commag-dataset/slice_mixed/rome_slow_close/tr0/exp1/bs1/bs1.csv,2147264.0
1602351751723,9.0,2170368.0,51744.0,slice_mixed,rome_slow_close,tr0,exp1,bs1,data/colosseum-oran-commag-dataset/slice_mixed/rome_slow_close/tr0/exp1/bs1/bs1.csv,2222112.0
1602351751974,9.0,2051072.0,14592.0,slice_mixed,rome_slow_close,tr0,exp1,bs1,data/colosseum-oran-commag-dataset/slice_mixed/rome_slow_close/tr0/exp1/bs1/bs1.csv,2065664.0
1602351752224,9.0,2468384.0,24704.0,slice_mixed,rome_slow_close,tr0,exp1,bs1,data/colosseum-oran-commag-dataset/slice_mixed/rome_slow_close/tr0/exp1/bs1/bs1.csv,2493088.0
1602351752473,9.0,1671968.0,43200.0,slice_mixed,rome_slow_close,tr0,exp1,bs1,data/colosseum-oran-commag-dataset/slice_mixed/rome_slow_close/tr0/exp1/bs1/bs1.csv,1715168.0
1602351752723,9.0,2290720.0,48608.0,slice_mixed,rome_slow_close,tr0,exp1,bs1,data/colosseum-oran-commag-dataset/slice_mixed/rome_slow_close/tr0/exp1/bs1/bs1.csv,2339328.0
1602351752973,9.0,2204768.0,18816.0,slice_mixed,rome_slow_close,tr0,exp1,bs1,data/colosseum-oran-commag-dataset/slice_mixed/rome_slow_close/tr0/exp1/bs1/bs1.csv,2223584.0
1602351753223,9.0,2099072.0,27520.0,slice_mixed,rome_slow_close,tr0,exp1,bs1,data/colosseum-oran-commag-dataset/slice_mixed/rome_slow_close/tr0/exp1/bs1/bs1.csv,2126592.0
1602351753473,9.0,1889248.0,15520.0,slice_mixed,rome_slow_close,tr0,exp1,bs1,data/colosseum-oran-commag-dataset/slice_mixed/rome_slow_close/tr0/exp1/bs1/bs1.csv,1904768.0
1602351753723,9.0,1949472.0,69056.0,slice_mixed,rome_slow_close,tr0,exp1,bs1,data/colosseum-oran-commag-dataset/slice_mixed/rome_slow_close/tr0/exp1/bs1/bs1.csv,2018528.0
1602351753974,9.0,2224000.0,10592.0,slice_mixed,rome_slow_close,tr0,exp1,bs1,data/colosseum-oran-commag-dataset/slice_mixed/rome_slow_close/tr0/exp1/bs1/bs1.csv,2234592.0
1602351754223,9.0,1976448.0,26272.0,slice_mixed,rome_slow_close,tr0,exp1,bs1,data/colosseum-oran-commag-dataset/slice_mixed/rome_slow_close/tr0/exp1/bs1/bs1.csv,2002720.0
1602351754474,9.0,1607488.0,74784.0,slice_mixed,rome_slow_close,tr0,exp1,bs1,data/colosseum-oran-commag-dataset/slice_mixed/rome_slow_close/tr0/exp1/bs1/bs1.csv,1682272.0
1602351754723,9.0,717536.0,43968.0,slice_mixed,rome_slow_close,tr0,exp1,bs1,data/colosseum-oran-commag-dataset/slice_mixed/rome_slow_close/tr0/exp1/bs1/bs1.csv,761504.0
1602351754973,9.0,1803232.0,30688.0,slice_mixed,rome_slow_close,tr0,exp1,bs1,data/colosseum-oran-commag-dataset/slice_mixed/rome_slow_close/tr0/exp1/bs1/bs1.csv,1833920.0
1602351755223,9.0,2268160.0,23872.0,slice_mixed,rome_slow_close,tr0,exp1,bs1,data/colosseum-oran-commag-dataset/slice_mixed/rome_slow_close/tr0/exp1/bs1/bs1.csv,2292032.0
1602351755474,9.0,2098624.0,35360.0,slice_mixed,rome_slow_close,tr0,exp1,bs1,data/colosseum-oran-commag-dataset/slice_mixed/rome_slow_close/tr0/exp1/bs1/bs1.csv,2133984.0
1602351755724,9.0,2139136.0,19360.0,slice_mixed,rome_slow_close,tr0,exp1,bs1,data/colosseum-oran-commag-dataset/slice_mixed/rome_slow_close/tr0/exp1/bs1/bs1.csv,2158496.0
1602351755973,9.0,2003840.0,0.0,slice_mixed,rome_slow_close,tr0,exp1,bs1,data/colosseum-oran-commag-dataset/slice_mixed/rome_slow_close/tr0/exp1/bs1/bs1.csv,2003840.0
1602351756224,9.0,2028064.0,50560.0,slice_mixed,rome_slow_close,tr0,exp1,bs1,data/colosseum-oran-commag-dataset/slice_mixed/rome_slow_close/tr0/exp1/bs1/bs1.csv,2078624.0
1602351756473,9.0,2131072.0,40384.0,slice_mixed,rome_slow_close,tr0,exp1,bs1,data/colosseum-oran-commag-dataset/slice_mixed/rome_slow_close/tr0/exp1/bs1/bs1.csv,2171456.0
1602351756723,9.0,2007776.0,46112.0,slice_mixed,rome_slow_close,tr0,exp1,bs1,data/colosseum-oran-commag-dataset/slice_mixed/rome_slow_close/tr0/exp1/bs1/bs1.csv,2053888.0
1602351756973,9.0,1990368.0,4704.0,slice_mixed,rome_slow_close,tr0,exp1,bs1,data/colosseum-oran-commag-dataset/slice_mixed/rome_slow_close/tr0/exp1/bs1/bs1.csv,1995072.0
1602351757223,9.0,2075552.0,49760.0,slice_mixed,rome_slow_close,tr0,exp1,bs1,data/colosseum-oran-commag-dataset/slice_mixed/rome_slow_close/tr0/exp1/bs1/bs1.csv,2125312.0
1602351757474,9.0,2034336.0,45184.0,slice_mixed,rome_slow_close,tr0,exp1,bs1,data/colosseum-oran-commag-dataset/slice_mixed/rome_slow_close/tr0/exp1/bs1/bs1.csv,2079520.0
1602351757723,9.0,1916256.0,59776.0,slice_mixed,rome_slow_close,tr0,exp1,bs1,data/colosseum-oran-commag-dataset/slice_mixed/rome_slow_close/tr0/exp1/bs1/bs1.csv,1976032.0
1602351757973,9.0,1949184.0,0.0,slice_mixed,rome_slow_close,tr0,exp1,bs1,data/colosseum-oran-commag-dataset/slice_mixed/rome_slow_close/tr0/exp1/bs1/bs1.csv,1949184.0
1602351758223,9.0,2054432.0,76576.0,slice_mixed,rome_slow_close,tr0,exp1,bs1,data/colosseum-oran-commag-dataset/slice_mixed/rome_slow_close/tr0/exp1/bs1/bs1.csv,2131008.0
1602351758473,9.0,2046880.0,46656.0,slice_mixed,rome_slow_close,tr0,exp1,bs1,data/colosseum-oran-commag-dataset/slice_mixed/rome_slow_close/tr0/exp1/bs1/bs1.csv,2093536.0
1602351758724,9.0,2125728.0,32800.0,slice_mixed,rome_slow_close,tr0,exp1,bs1,data/colosseum-oran-commag-dataset/slice_mixed/rome_slow_close/tr0/exp1/bs1/bs1.csv,2158528.0
1602351758974,9.0,1971072.0,0.0,slice_mixed,rome_slow_close,tr0,exp1,bs1,data/colosseum-oran-commag-dataset/slice_mixed/rome_slow_close/tr0/exp1/bs1/bs1.csv,1971072.0
1602351759223,9.0,1981440.0,32384.0,slice_mixed,rome_slow_close,tr0,exp1,bs1,data/colosseum-oran-commag-dataset/slice_mixed/rome_slow_close/tr0/exp1/bs1/bs1.csv,2013824.0
1602351759474,9.0,1984736.0,48224.0,slice_mixed,rome_slow_close,tr0,exp1,bs1,data/colosseum-oran-commag-dataset/slice_mixed/rome_slow_close/tr0/exp1/bs1/bs1.csv,2032960.0
1602351759723,9.0,1849216.0,19392.0,slice_mixed,rome_slow_close,tr0,exp1,bs1,data/colosseum-oran-commag-dataset/slice_mixed/rome_slow_close/tr0/exp1/bs1/bs1.csv,1868608.0
1602351759973,9.0,1652960.0,27936.0,slice_mixed,rome_slow_close,tr0,exp1,bs1,data/colosseum-oran-commag-dataset/slice_mixed/rome_slow_close/tr0/exp1/bs1/bs1.csv,1680896.0
1602351760224,9.0,2144032.0,26592.0,slice_mixed,rome_slow_close,tr0,exp1,bs1,data/colosseum-oran-commag-dataset/slice_mixed/rome_slow_close/tr0/exp1/bs1/bs1.csv,2170624.0
1602351760473,9.0,2006144.0,58720.0,slice_mixed,rome_slow_close,tr0,exp1,bs1,data/colosseum-oran-commag-dataset/slice_mixed/rome_slow_close/tr0/exp1/bs1/bs1.csv,2064864.0
1602351760723,9.0,2407552.0,23648.0,slice_mixed,rome_slow_close,tr0,exp1,bs1,data/colosseum-oran-commag-dataset/slice_mixed/rome_slow_close/tr0/exp1/bs1/bs1.csv,2431200.0
1602351760973,9.0,2002496.0,0.0,slice_mixed,rome_slow_close,tr0,exp1,bs1,data/colosseum-oran-commag-dataset/slice_mixed/rome_slow_close/tr0/exp1/bs1/bs1.csv,2002496.0
1602351761223,9.0,2086976.0,69824.0,slice_mixed,rome_slow_close,tr0,exp1,bs1,data/colosseum-oran-commag-dataset/slice_mixed/rome_slow_close/tr0/exp1/bs1/bs1.csv,2156800.0
1602351761473,9.0,2017312.0,27616.0,slice_mixed,rome_slow_close,tr0,exp1,bs1,data/colosseum-oran-commag-dataset/slice_mixed/rome_slow_close/tr0/exp1/bs1/bs1.csv,2044928.0
1602351761724,9.0,1595410.25,91856.570312,slice_mixed,rome_slow_close,tr0,exp1,bs1,data/colosseum-oran-commag-dataset/slice_mixed/rome_slow_close/tr0/exp1/bs1/bs1.csv,1687266.8203119999
1602351761974,9.0,1518104.5,6297.188965,slice_mixed,rome_slow_close,tr0,exp1,bs1,data/colosseum-oran-commag-dataset/slice_mixed/rome_slow_close/tr0/exp1/bs1/bs1.csv,1524401.688965
1602351762224,9.0,2009888.0,53888.0,slice_mixed,rome_slow_close,tr0,exp1,bs1,data/colosseum-oran-commag-dataset/slice_mixed/rome_slow_close/tr0/exp1/bs1/bs1.csv,2063776.0
1602351762473,9.0,1392160.0,49600.0,slice_mixed,rome_slow_close,tr0,exp1,bs1,data/colosseum-oran-commag-dataset/slice_mixed/rome_slow_close/tr0/exp1/bs1/bs1.csv,1441760.0
1602351762723,9.0,2206272.0,126400.0,slice_mixed,rome_slow_close,tr0,exp1,bs1,data/colosseum-oran-commag-dataset/slice_mixed/rome_slow_close/tr0/exp1/bs1/bs1.csv,2332672.0
1602351762974,9.0,2031008.0,11456.0,slice_mixed,rome_slow_close,tr0,exp1,bs1,data/colosseum-oran-commag-dataset/slice_mixed/rome_slow_close/tr0/exp1/bs1/bs1.csv,2042464.0
1602351763223,9.0,1405664.0,59680.0,slice_mixed,rome_slow_close,tr0,exp1,bs1,data/colosseum-oran-commag-dataset/slice_mixed/rome_slow_close/tr0/exp1/bs1/bs1.csv,1465344.0
1602351763474,9.0,1742880.0,56096.0,slice_mixed,rome_slow_close,tr0,exp1,bs1,data/colosseum-oran-commag-dataset/slice_mixed/rome_slow_close/tr0/exp1/bs1/bs1.csv,1798976.0
1602351763723,9.0,1626912.0,37536.0,slice_mixed,rome_slow_close,tr0,exp1,bs1,data/colosseum-oran-commag-dataset/slice_mixed/rome_slow_close/tr0/exp1/bs1/bs1.csv,1664448.0
1602351763973,9.0,1175296.0,36224.0,slice_mixed,rome_slow_close,tr0,exp1,bs1,data/colosseum-oran-commag-dataset/slice_mixed/rome_slow_close/tr0/exp1/bs1/bs1.csv,1211520.0
1602351764223,9.0,1420288.0,44288.0,slice_mixed,rome_slow_close,tr0,exp1,bs1,data/colosseum-oran-commag-dataset/slice_mixed/rome_slow_close/tr0/exp1/bs1/bs1.csv,1464576.0
1602351764473,9.0,2110336.0,41952.0,slice_mixed,rome_slow_close,tr0,exp1,bs1,data/colosseum-oran-commag-dataset/slice_mixed/rome_slow_close/tr0/exp1/bs1/bs1.csv,2152288.0
1602351764723,9.0,1872544.0,31616.0,slice_mixed,rome_slow_close,tr0,exp1,bs1,data/colosseum-oran-commag-dataset/slice_mixed/rome_slow_close/tr0/exp1/bs1/bs1.csv,1904160.0
1602351764973,9.0,1909632.0,0.0,slice_mixed,rome_slow_close,tr0,exp1,bs1,data/colosseum-oran-commag-dataset/slice_mixed/rome_slow_close/tr0/exp1/bs1/bs1.csv,1909632.0
1602351765224,9.0,1966624.0,68160.0,slice_mixed,rome_slow_close,tr0,exp1,bs1,data/colosseum-oran-commag-dataset/slice_mixed/rome_slow_close/tr0/exp1/bs1/bs1.csv,2034784.0
1602351765473,9.0,1722976.0,42368.0,slice_mixed,rome_slow_close,tr0,exp1,bs1,data/colosseum-oran-commag-dataset/slice_mixed/rome_slow_close/tr0/exp1/bs1/bs1.csv,1765344.0
1602351765723,9.0,2032096.0,50720.0,slice_mixed,rome_slow_close,tr0,exp1,bs1,data/colosseum-oran-commag-dataset/slice_mixed/rome_slow_close/tr0/exp1/bs1/bs1.csv,2082816.0
1602351765974,9.0,1699744.0,14592.0,slice_mixed,rome_slow_close,tr0,exp1,bs1,data/colosseum-oran-commag-dataset/slice_mixed/rome_slow_close/tr0/exp1/bs1/bs1.csv,1714336.0
1602351766224,9.0,2131936.0,48768.0,slice_mixed,rome_slow_close,tr0,exp1,bs1,data/colosseum-oran-commag-dataset/slice_mixed/rome_slow_close/tr0/exp1/bs1/bs1.csv,2180704.0
1602351766473,9.0,2132256.0,32256.0,slice_mixed,rome_slow_close,tr0,exp1,bs1,data/colosseum-oran-commag-dataset/slice_mixed/rome_slow_close/tr0/exp1/bs1/bs1.csv,2164512.0
1602351766724,9.0,1872928.0,64992.0,slice_mixed,rome_slow_close,tr0,exp1,bs1,data/colosseum-oran-commag-dataset/slice_mixed/rome_slow_close/tr0/exp1/bs1/bs1.csv,1937920.0
1602351766973,9.0,1968256.0,38240.0,slice_mixed,rome_slow_close,tr0,exp1,bs1,data/colosseum-oran-commag-dataset/slice_mixed/rome_slow_close/tr0/exp1/bs1/bs1.csv,2006496.0
1602351767223,9.0,1658400.0,32736.0,slice_mixed,rome_slow_close,tr0,exp1,bs1,data/colosseum-oran-commag-dataset/slice_mixed/rome_slow_close/tr0/exp1/bs1/bs1.csv,1691136.0
1602351767473,9.0,1773952.0,37216.0,slice_mixed,rome_slow_close,tr0,exp1,bs1,data/colosseum-oran-commag-dataset/slice_mixed/rome_slow_close/tr0/exp1/bs1/bs1.csv,1811168.0
1602351767724,9.0,1656544.0,52832.0,slice_mixed,rome_slow_close,tr0,exp1,bs1,data/colosseum-oran-commag-dataset/slice_mixed/rome_slow_close/tr0/exp1/bs1/bs1.csv,1709376.0
1602351767973,10.0,1553120.0,35040.0,slice_mixed,rome_slow_close,tr0,exp1,bs1,data/colosseum-oran-commag-dataset/slice_mixed/rome_slow_close/tr0/exp1/bs1/bs1.csv,1588160.0
1602351768224,11.0,817280.0,40993.910156,slice_mixed,rome_slow_close,tr0,exp1,bs1,data/colosseum-oran-commag-dataset/slice_mixed/rome_slow_close/tr0/exp1/bs1/bs1.csv,858273.9101559999
1602351768474,10.0,1322368.0,41216.0,slice_mixed,rome_slow_close,tr0,exp1,bs1,data/colosseum-oran-commag-dataset/slice_mixed/rome_slow_close/tr0/exp1/bs1/bs1.csv,1363584.0
1602351768724,10.0,1055808.0,128704.0,slice_mixed,rome_slow_close,tr0,exp1,bs1,data/colosseum-oran-commag-dataset/slice_mixed/rome_slow_close/tr0/exp1/bs1/bs1.csv,1184512.0
1602351768973,10.0,1475776.0,0.0,slice_mixed,rome_slow_close,tr0,exp1,bs1,data/colosseum-oran-commag-dataset/slice_mixed/rome_slow_close/tr0/exp1/bs1/bs1.csv,1475776.0
1602351769223,9.0,889216.0,38208.0,slice_mixed,rome_slow_close,tr0,exp1,bs1,data/colosseum-oran-commag-dataset/slice_mixed/rome_slow_close/tr0/exp1/bs1/bs1.csv,927424.0
1602351769473,9.0,2216928.0,79264.0,slice_mixed,rome_slow_close,tr0,exp1,bs1,data/colosseum-oran-commag-dataset/slice_mixed/rome_slow_close/tr0/exp1/bs1/bs1.csv,2296192.0
1602351769724,9.0,2025728.0,46688.0,slice_mixed,rome_slow_close,tr0,exp1,bs1,data/colosseum-oran-commag-dataset/slice_mixed/rome_slow_close/tr0/exp1/bs1/bs1.csv,2072416.0
1602351769974,9.0,1863360.0,8960.0,slice_mixed,rome_slow_close,tr0,exp1,bs1,data/colosseum-oran-commag-dataset/slice_mixed/rome_slow_close/tr0/exp1/bs1/bs1.csv,1872320.0
1602351770223,9.0,1792768.0,44416.0,slice_mixed,rome_slow_close,tr0,exp1,bs1,data/colosseum-oran-commag-dataset/slice_mixed/rome_slow_close/tr0/exp1/bs1/bs1.csv,1837184.0
1602351770473,9.0,1414496.0,14048.0,slice_mixed,rome_slow_close,tr0,exp1,bs1,data/colosseum-oran-commag-dataset/slice_mixed/rome_slow_close/tr0/exp1/bs1/bs1.csv,1428544.0
1602351770723,9.0,1873280.0,117088.0,slice_mixed,rome_slow_close,tr0,exp1,bs1,data/colosseum-oran-commag-dataset/slice_mixed/rome_slow_close/tr0/exp1/bs1/bs1.csv,1990368.0
1602351770973,9.0,1956544.0,0.0,slice_mixed,rome_slow_close,tr0,exp1,bs1,data/colosseum-oran-commag-dataset/slice_mixed/rome_slow_close/tr0/exp1/bs1/bs1.csv,1956544.0
1602351771223,9.0,2115680.0,69856.0,slice_mixed,rome_slow_close,tr0,exp1,bs1,data/colosseum-oran-commag-dataset/slice_mixed/rome_slow_close/tr0/exp1/bs1/bs1.csv,2185536.0
1602351771474,9.0,1847200.0,22848.0,slice_mixed,rome_slow_close,tr0,exp1,bs1,data/colosseum-oran-commag-dataset/slice_mixed/rome_slow_close/tr0/exp1/bs1/bs1.csv,1870048.0
1602351771723,9.0,1998944.0,84608.0,slice_mixed,rome_slow_close,tr0,exp1,bs1,data/colosseum-oran-commag-dataset/slice_mixed/rome_slow_close/tr0/exp1/bs1/bs1.csv,2083552.0
1602351771974,9.0,1862432.0,21952.0,slice_mixed,rome_slow_close,tr0,exp1,bs1,data/colosseum-oran-commag-dataset/slice_mixed/rome_slow_close/tr0/exp1/bs1/bs1.csv,1884384.0
1602351772223,9.0,1686560.0,40608.0,slice_mixed,rome_slow_close,tr0,exp1,bs1,data/colosseum-oran-commag-dataset/slice_mixed/rome_slow_close/tr0/exp1/bs1/bs1.csv,1727168.0
1602351772473,9.0,1536000.0,52896.0,slice_mixed,rome_slow_close,tr0,exp1,bs1,data/colosseum-oran-commag-dataset/slice_mixed/rome_slow_close/tr0/exp1/bs1/bs1.csv,1588896.0
1602351772723,9.0,1714304.0,77152.0,slice_mixed,rome_slow_close,tr0,exp1,bs1,data/colosseum-oran-commag-dataset/slice_mixed/rome_slow_close/tr0/exp1/bs1/bs1.csv,1791456.0
1602351772973,9.0,1629664.0,31584.0,slice_mixed,rome_slow_close,tr0,exp1,bs1,data/colosseum-oran-commag-dataset/slice_mixed/rome_slow_close/tr0/exp1/bs1/bs1.csv,1661248.0
1602351773223,9.0,1754400.0,76544.0,slice_mixed,rome_slow_close,tr0,exp1,bs1,data/colosseum-oran-commag-dataset/slice_mixed/rome_slow_close/tr0/exp1/bs1/bs1.csv,1830944.0
1602351773473,9.0,1900576.0,30048.0,slice_mixed,rome_slow_close,tr0,exp1,bs1,data/colosseum-oran-commag-dataset/slice_mixed/rome_slow_close/tr0/exp1/bs1/bs1.csv,1930624.0
1602351773723,9.0,1783712.0,12288.0,slice_mixed,rome_slow_close,tr0,exp1,bs1,data/colosseum-oran-commag-dataset/slice_mixed/rome_slow_close/tr0/exp1/bs1/bs1.csv,1796000.0
1602351773973,9.0,1743360.0,57888.0,slice_mixed,rome_slow_close,tr0,exp1,bs1,data/colosseum-oran-commag-dataset/slice_mixed/rome_slow_close/tr0/exp1/bs1/bs1.csv,1801248.0
1602351774224,9.0,1804992.0,52640.0,slice_mixed,rome_slow_close,tr0,exp1,bs1,data/colosseum-oran-commag-dataset/slice_mixed/rome_slow_close/tr0/exp1/bs1/bs1.csv,1857632.0
1602351774473,9.0,1681088.0,22048.0,slice_mixed,rome_slow_close,tr0,exp1,bs1,data/colosseum-oran-commag-dataset/slice_mixed/rome_slow_close/tr0/exp1/bs1/bs1.csv,1703136.0
1602351774723,9.0,2178048.0,52032.0,slice_mixed,rome_slow_close,tr0,exp1,bs1,data/colosseum-oran-commag-dataset/slice_mixed/rome_slow_close/tr0/exp1/bs1/bs1.csv,2230080.0
1602351774973,9.0,2590912.0,35168.0,slice_mixed,rome_slow_close,tr0,exp1,bs1,data/colosseum-oran-commag-dataset/slice_mixed/rome_slow_close/tr0/exp1/bs1/bs1.csv,2626080.0
1602351775224,9.0,1601152.0,63744.0,slice_mixed,rome_slow_close,tr0,exp1,bs1,data/colosseum-oran-commag-dataset/slice_mixed/rome_slow_close/tr0/exp1/bs1/bs1.csv,1664896.0
1602351775473,9.0,1523648.0,2464.0,slice_mixed,rome_slow_close,tr0,exp1,bs1,data/colosseum-oran-commag-dataset/slice_mixed/rome_slow_close/tr0/exp1/bs1/bs1.csv,1526112.0
1602351775723,9.0,1569568.0,71936.0,slice_mixed,rome_slow_close,tr0,exp1,bs1,data/colosseum-oran-commag-dataset/slice_mixed/rome_slow_close/tr0/exp1/bs1/bs1.csv,1641504.0
1602351775973,9.0,1942016.0,52576.0,slice_mixed,rome_slow_close,tr0,exp1,bs1,data/colosseum-oran-commag-dataset/slice_mixed/rome_slow_close/tr0/exp1/bs1/bs1.csv,1994592.0
1602351776223,9.0,1555904.0,26976.0,slice_mixed,rome_slow_close,tr0,exp1,bs1,data/colosseum-oran-commag-dataset/slice_mixed/rome_slow_close/tr0/exp1/bs1/bs1.csv,1582880.0
1602351776473,9.0,3287488.0,45248.0,slice_mixed,rome_slow_close,tr0,exp1,bs1,data/colosseum-oran-commag-dataset/slice_mixed/rome_slow_close/tr0/exp1/bs1/bs1.csv,3332736.0
1602351776723,9.0,3292544.0,0.0,slice_mixed,rome_slow_close,tr0,exp1,bs1,data/colosseum-oran-commag-dataset/slice_mixed/rome_slow_close/tr0/exp1/bs1/bs1.csv,3292544.0
1602351776973,9.0,3400672.0,36928.0,slice_mixed,rome_slow_close,tr0,exp1,bs1,data/colosseum-oran-commag-dataset/slice_mixed/rome_slow_close/tr0/exp1/bs1/bs1.csv,3437600.0
1602351777223,9.0,3396736.0,29504.0,slice_mixed,rome_slow_close,tr0,exp1,bs1,data/colosseum-oran-commag-dataset/slice_mixed/rome_slow_close/tr0/exp1/bs1/bs1.csv,3426240.0
1602351777474,9.0,1736096.0,68416.0,slice_mixed,rome_slow_close,tr0,exp1,bs1,data/colosseum-oran-commag-dataset/slice_mixed/rome_slow_close/tr0/exp1/bs1/bs1.csv,1804512.0
1602351777723,9.0,1771968.0,37152.0,slice_mixed,rome_slow_close,tr0,exp1,bs1,data/colosseum-oran-commag-dataset/slice_mixed/rome_slow_close/tr0/exp1/bs1/bs1.csv,1809120.0
1602351777974,9.0,2245440.0,28992.0,slice_mixed,rome_slow_close,tr0,exp1,bs1,data/colosseum-oran-commag-dataset/slice_mixed/rome_slow_close/tr0/exp1/bs1/bs1.csv,2274432.0
1602351778223,9.0,1029952.0,30752.0,slice_mixed,rome_slow_close,tr0,exp1,bs1,data/colosseum-oran-commag-dataset/slice_mixed/rome_slow_close/tr0/exp1/bs1/bs1.csv,1060704.0
1602351778473,9.0,1766496.0,58560.0,slice_mixed,rome_slow_close,tr0,exp1,bs1,data/colosseum-oran-commag-dataset/slice_mixed/rome_slow_close/tr0/exp1/bs1/bs1.csv,1825056.0
1602351778723,9.0,2250368.0,44000.0,slice_mixed,rome_slow_close,tr0,exp1,bs1,data/colosseum-oran-commag-dataset/slice_mixed/rome_slow_close/tr0/exp1/bs1/bs1.csv,2294368.0
1602351778973,9.0,2734656.0,4704.0,slice_mixed,rome_slow_close,tr0,exp1,bs1,data/colosseum-oran-commag-dataset/slice_mixed/rome_slow_close/tr0/exp1/bs1/bs1.csv,2739360.0
1602351779223,9.0,2392480.0,59712.0,slice_mixed,rome_slow_close,tr0,exp1,bs1,data/colosseum-oran-commag-dataset/slice_mixed/rome_slow_close/tr0/exp1/bs1/bs1.csv,2452192.0
1602351779473,9.0,1393984.0,67616.0,slice_mixed,rome_slow_close,tr0,exp1,bs1,data/colosseum-oran-commag-dataset/slice_mixed/rome_slow_close/tr0/exp1/bs1/bs1.csv,1461600.0
1602351779723,9.0,1472640.0,46496.0,slice_mixed,rome_slow_close,tr0,exp1,bs1,data/colosseum-oran-commag-dataset/slice_mixed/rome_slow_close/tr0/exp1/bs1/bs1.csv,1519136.0
1602351779974,9.0,1485632.0,30080.0,slice_mixed,rome_slow_close,tr0,exp1,bs1,data/colosseum-oran-commag-dataset/slice_mixed/rome_slow_close/tr0/exp1/bs1/bs1.csv,1515712.0
1602351780224,9.0,1463264.0,32000.0,slice_mixed,rome_slow_close,tr0,exp1,bs1,data/colosseum-oran-commag-dataset/slice_mixed/rome_slow_close/tr0/exp1/bs1/bs1.csv,1495264.0
1602351780473,9.0,1422240.0,39072.0,slice_mixed,rome_slow_close,tr0,exp1,bs1,data/colosseum-oran-commag-dataset/slice_mixed/rome_slow_close/tr0/exp1/bs1/bs1.csv,1461312.0
1602351780723,9.0,1781632.0,44128.0,slice_mixed,rome_slow_close,tr0,exp1,bs1,data/colosseum-oran-commag-dataset/slice_mixed/rome_slow_close/tr0/exp1/bs1/bs1.csv,1825760.0
1602351780973,9.0,1447648.0,39456.0,slice_mixed,rome_slow_close,tr0,exp1,bs1,data/colosseum-oran-commag-dataset/slice_mixed/rome_slow_close/tr0/exp1/bs1/bs1.csv,1487104.0
1602351781223,9.0,2550976.0,38848.0,slice_mixed,rome_slow_close,tr0,exp1,bs1,data/colosseum-oran-commag-dataset/slice_mixed/rome_slow_close/tr0/exp1/bs1/bs1.csv,2589824.0
1602351781473,9.0,2033184.0,49632.0,slice_mixed,rome_slow_close,tr0,exp1,bs1,data/colosseum-oran-commag-dataset/slice_mixed/rome_slow_close/tr0/exp1/bs1/bs1.csv,2082816.0
1602351781723,9.0,2402176.0,32672.0,slice_mixed,rome_slow_close,tr0,exp1,bs1,data/colosseum-oran-commag-dataset/slice_mixed/rome_slow_close/tr0/exp1/bs1/bs1.csv,2434848.0
1602351781974,9.0,2396160.0,4704.0,slice_mixed,rome_slow_close,tr0,exp1,bs1,data/colosseum-oran-commag-dataset/slice_mixed/rome_slow_close/tr0/exp1/bs1/bs1.csv,2400864.0
1602351782224,9.0,1866624.0,42240.0,slice_mixed,rome_slow_close,tr0,exp1,bs1,data/colosseum-oran-commag-dataset/slice_mixed/rome_slow_close/tr0/exp1/bs1/bs1.csv,1908864.0
1602351782473,9.0,2189984.0,50720.0,slice_mixed,rome_slow_close,tr0,exp1,bs1,data/colosseum-oran-commag-dataset/slice_mixed/rome_slow_close/tr0/exp1/bs1/bs1.csv,2240704.0
1602351782723,9.0,3496576.0,43744.0,slice_mixed,rome_slow_close,tr0,exp1,bs1,data/colosseum-oran-commag-dataset/slice_mixed/rome_slow_close/tr0/exp1/bs1/bs1.csv,3540320.0
1602351782973,9.0,3055008.0,31168.0,slice_mixed,rome_slow_close,tr0,exp1,bs1,data/colosseum-oran-commag-dataset/slice_mixed/rome_slow_close/tr0/exp1/bs1/bs1.csv,3086176.0
1602351783223,9.0,1932480.0,33056.0,slice_mixed,rome_slow_close,tr0,exp1,bs1,data/colosseum-oran-commag-dataset/slice_mixed/rome_slow_close/tr0/exp1/bs1/bs1.csv,1965536.0
1602351783473,9.0,1747488.0,14752.0,slice_mixed,rome_slow_close,tr0,exp1,bs1,data/colosseum-oran-commag-dataset/slice_mixed/rome_slow_close/tr0/exp1/bs1/bs1.csv,1762240.0
1602351783723,9.0,1638176.0,62080.0,slice_mixed,rome_slow_close,tr0,exp1,bs1,data/colosseum-oran-commag-dataset/slice_mixed/rome_slow_close/tr0/exp1/bs1/bs1.csv,1700256.0
1602351783973,9.0,1797120.0,41792.0,slice_mixed,rome_slow_close,tr0,exp1,bs1,data/colosseum-oran-commag-dataset/slice_mixed/rome_slow_close/tr0/exp1/bs1/bs1.csv,1838912.0
1602351784223,9.0,1613600.0,17984.0,slice_mixed,rome_slow_close,tr0,exp1,bs1,data/colosseum-oran-commag-dataset/slice_mixed/rome_slow_close/tr0/exp1/bs1/bs1.csv,1631584.0
1602351784474,9.0,1706432.0,2592.0,slice_mixed,rome_slow_close,tr0,exp1,bs1,data/colosseum-oran-commag-dataset/slice_mixed/rome_slow_close/tr0/exp1/bs1/bs1.csv,1709024.0
1602351784723,9.0,1394464.0,75392.0,slice_mixed,rome_slow_close,tr0,exp1,bs1,data/colosseum-oran-commag-dataset/slice_mixed/rome_slow_close/tr0/exp1/bs1/bs1.csv,1469856.0
1602351784974,9.0,2217440.0,37600.0,slice_mixed,rome_slow_close,tr0,exp1,bs1,data/colosseum-oran-commag-dataset/slice_mixed/rome_slow_close/tr0/exp1/bs1/bs1.csv,2255040.0
1602351785223,9.0,1544224.0,42400.0,slice_mixed,rome_slow_close,tr0,exp1,bs1,data/colosseum-oran-commag-dataset/slice_mixed/rome_slow_close/tr0/exp1/bs1/bs1.csv,1586624.0
1602351785473,9.0,2063776.0,54336.0,slice_mixed,rome_slow_close,tr0,exp1,bs1,data/colosseum-oran-commag-dataset/slice_mixed/rome_slow_close/tr0/exp1/bs1/bs1.csv,2118112.0
1602351785724,9.0,1675488.0,88128.0,slice_mixed,rome_slow_close,tr0,exp1,bs1,data/colosseum-oran-commag-dataset/slice_mixed/rome_slow_close/tr0/exp1/bs1/bs1.csv,1763616.0
1602351785973,9.0,1685632.0,0.0,slice_mixed,rome_slow_close,tr0,exp1,bs1,data/colosseum-oran-commag-dataset/slice_mixed/rome_slow_close/tr0/exp1/bs1/bs1.csv,1685632.0
1602351786223,9.0,1841216.0,54464.0,slice_mixed,rome_slow_close,tr0,exp1,bs1,data/colosseum-oran-commag-dataset/slice_mixed/rome_slow_close/tr0/exp1/bs1/bs1.csv,1895680.0
1602351786473,9.0,1810240.0,31808.0,slice_mixed,rome_slow_close,tr0,exp1,bs1,data/colosseum-oran-commag-dataset/slice_mixed/rome_slow_close/tr0/exp1/bs1/bs1.csv,1842048.0
1602351786723,9.0,1994464.0,61344.0,slice_mixed,rome_slow_close,tr0,exp1,bs1,data/colosseum-oran-commag-dataset/slice_mixed/rome_slow_close/tr0/exp1/bs1/bs1.csv,2055808.0
1602351786973,9.0,1622144.0,18336.0,slice_mixed,rome_slow_close,tr0,exp1,bs1,data/colosseum-oran-commag-dataset/slice_mixed/rome_slow_close/tr0/exp1/bs1/bs1.csv,1640480.0
1602351787223,9.0,1917664.0,50592.0,slice_mixed,rome_slow_close,tr0,exp1,bs1,data/colosseum-oran-commag-dataset/slice_mixed/rome_slow_close/tr0/exp1/bs1/bs1.csv,1968256.0
1602351787473,9.0,1772192.0,39488.0,slice_mixed,rome_slow_close,tr0,exp1,bs1,data/colosseum-oran-commag-dataset/slice_mixed/rome_slow_close/tr0/exp1/bs1/bs1.csv,1811680.0
1602351787723,9.0,1629568.0,42272.0,slice_mixed,rome_slow_close,tr0,exp1,bs1,data/colosseum-oran-commag-dataset/slice_mixed/rome_slow_close/tr0/exp1/bs1/bs1.csv,1671840.0
1602351787973,9.0,782560.0,0.0,slice_mixed,rome_slow_close,tr0,exp1,bs1,data/colosseum-oran-commag-dataset/slice_mixed/rome_slow_close/tr0/exp1/bs1/bs1.csv,782560.0
1602351788224,9.0,1480992.0,78336.0,slice_mixed,rome_slow_close,tr0,exp1,bs1,data/colosseum-oran-commag-dataset/slice_mixed/rome_slow_close/tr0/exp1/bs1/bs1.csv,1559328.0
1602351788473,9.0,1910368.0,23968.0,slice_mixed,rome_slow_close,tr0,exp1,bs1,data/colosseum-oran-commag-dataset/slice_mixed/rome_slow_close/tr0/exp1/bs1/bs1.csv,1934336.0
1602351788723,9.0,1772896.0,27680.0,slice_mixed,rome_slow_close,tr0,exp1,bs1,data/colosseum-oran-commag-dataset/slice_mixed/rome_slow_close/tr0/exp1/bs1/bs1.csv,1800576.0
1602351788974,9.0,1895168.0,37664.0,slice_mixed,rome_slow_close,tr0,exp1,bs1,data/colosseum-oran-commag-dataset/slice_mixed/rome_slow_close/tr0/exp1/bs1/bs1.csv,1932832.0
1602351789224,9.0,1189792.0,70144.0,slice_mixed,rome_slow_close,tr0,exp1,bs1,data/colosseum-oran-commag-dataset/slice_mixed/rome_slow_close/tr0/exp1/bs1/bs1.csv,1259936.0
1602351789474,9.0,1814304.0,16544.0,slice_mixed,rome_slow_close,tr0,exp1,bs1,data/colosseum-oran-commag-dataset/slice_mixed/rome_slow_close/tr0/exp1/bs1/bs1.csv,1830848.0
1602351789723,9.0,2123392.0,52160.0,slice_mixed,rome_slow_close,tr0,exp1,bs1,data/colosseum-oran-commag-dataset/slice_mixed/rome_slow_close/tr0/exp1/bs1/bs1.csv,2175552.0
1602351789973,9.0,2338336.0,30112.0,slice_mixed,rome_slow_close,tr0,exp1,bs1,data/colosseum-oran-commag-dataset/slice_mixed/rome_slow_close/tr0/exp1/bs1/bs1.csv,2368448.0
1602351790223,9.0,1983712.0,36128.0,slice_mixed,rome_slow_close,tr0,exp1,bs1,data/colosseum-oran-commag-dataset/slice_mixed/rome_slow_close/tr0/exp1/bs1/bs1.csv,2019840.0
1602351790473,9.0,1022656.0,48480.0,slice_mixed,rome_slow_close,tr0,exp1,bs1,data/colosseum-oran-commag-dataset/slice_mixed/rome_slow_close/tr0/exp1/bs1/bs1.csv,1071136.0
1602351790723,9.0,2095040.0,76480.0,slice_mixed,rome_slow_close,tr0,exp1,bs1,data/colosseum-oran-commag-dataset/slice_mixed/rome_slow_close/tr0/exp1/bs1/bs1.csv,2171520.0
1602351790973,9.0,2000416.0,0.0,slice_mixed,rome_slow_close,tr0,exp1,bs1,data/colosseum-oran-commag-dataset/slice_mixed/rome_slow_close/tr0/exp1/bs1/bs1.csv,2000416.0
1602351791223,9.0,696960.0,59744.0,slice_mixed,rome_slow_close,tr0,exp1,bs1,data/colosseum-oran-commag-dataset/slice_mixed/rome_slow_close/tr0/exp1/bs1/bs1.csv,756704.0
1602351791473,9.0,1901312.0,39584.0,slice_mixed,rome_slow_close,tr0,exp1,bs1,data/colosseum-oran-commag-dataset/slice_mixed/rome_slow_close/tr0/exp1/bs1/bs1.csv,1940896.0
1602351791724,9.0,953952.0,53280.0,slice_mixed,rome_slow_close,tr0,exp1,bs1,data/colosseum-oran-commag-dataset/slice_mixed/rome_slow_close/tr0/exp1/bs1/bs1.csv,1007232.0
1602351791973,9.0,2548320.0,0.0,slice_mixed,rome_slow_close,tr0,exp1,bs1,data/colosseum-oran-commag-dataset/slice_mixed/rome_slow_close/tr0/exp1/bs1/bs1.csv,2548320.0
1602351792223,9.0,2910880.0,56896.0,slice_mixed,rome_slow_close,tr0,exp1,bs1,data/colosseum-oran-commag-dataset/slice_mixed/rome_slow_close/tr0/exp1/bs1/bs1.csv,2967776.0
1602351792473,9.0,2396544.0,32896.0,slice_mixed,rome_slow_close,tr0,exp1,bs1,data/colosseum-oran-commag-dataset/slice_mixed/rome_slow_close/tr0/exp1/bs1/bs1.csv,2429440.0
1602351792724,9.0,1841856.0,39744.0,slice_mixed,rome_slow_close,tr0,exp1,bs1,data/colosseum-oran-commag-dataset/slice_mixed/rome_slow_close/tr0/exp1/bs1/bs1.csv,1881600.0
1602351792973,9.0,1876672.0,40448.0,slice_mixed,rome_slow_close,tr0,exp1,bs1,data/colosseum-oran-commag-dataset/slice_mixed/rome_slow_close/tr0/exp1/bs1/bs1.csv,1917120.0
1602351793223,9.0,1898656.0,19328.0,slice_mixed,rome_slow_close,tr0,exp1,bs1,data/colosseum-oran-commag-dataset/slice_mixed/rome_slow_close/tr0/exp1/bs1/bs1.csv,1917984.0
1602351793473,9.0,1873696.0,22336.0,slice_mixed,rome_slow_close,tr0,exp1,bs1,data/colosseum-oran-commag-dataset/slice_mixed/rome_slow_close/tr0/exp1/bs1/bs1.csv,1896032.0
1602351793723,9.0,1760896.0,55264.0,slice_mixed,rome_slow_close,tr0,exp1,bs1,data/colosseum-oran-commag-dataset/slice_mixed/rome_slow_close/tr0/exp1/bs1/bs1.csv,1816160.0
1602351793974,9.0,1657824.0,29792.0,slice_mixed,rome_slow_close,tr0,exp1,bs1,data/colosseum-oran-commag-dataset/slice_mixed/rome_slow_close/tr0/exp1/bs1/bs1.csv,1687616.0
1602351794223,9.0,1675968.0,10784.0,slice_mixed,rome_slow_close,tr0,exp1,bs1,data/colosseum-oran-commag-dataset/slice_mixed/rome_slow_close/tr0/exp1/bs1/bs1.csv,1686752.0
1602351794473,9.0,966880.0,29856.0,slice_mixed,rome_slow_close,tr0,exp1,bs1,data/colosseum-oran-commag-dataset/slice_mixed/rome_slow_close/tr0/exp1/bs1/bs1.csv,996736.0
1602351794724,9.0,1888000.0,93696.0,slice_mixed,rome_slow_close,tr0,exp1,bs1,data/colosseum-oran-commag-dataset/slice_mixed/rome_slow_close/tr0/exp1/bs1/bs1.csv,1981696.0
1602351794973,9.0,1940992.0,42496.0,slice_mixed,rome_slow_close,tr0,exp1,bs1,data/colosseum-oran-commag-dataset/slice_mixed/rome_slow_close/tr0/exp1/bs1/bs1.csv,1983488.0
1602351795223,9.0,1271328.0,40544.0,slice_mixed,rome_slow_close,tr0,exp1,bs1,data/colosseum-oran-commag-dataset/slice_mixed/rome_slow_close/tr0/exp1/bs1/bs1.csv,1311872.0
1602351795473,9.0,2651936.0,43040.0,slice_mixed,rome_slow_close,tr0,exp1,bs1,data/colosseum-oran-commag-dataset/slice_mixed/rome_slow_close/tr0/exp1/bs1/bs1.csv,2694976.0
1602351795724,9.0,2140896.0,48064.0,slice_mixed,rome_slow_close,tr0,exp1,bs1,data/colosseum-oran-commag-dataset/slice_mixed/rome_slow_close/tr0/exp1/bs1/bs1.csv,2188960.0
1602351795973,9.0,1598560.0,38464.0,slice_mixed,rome_slow_close,tr0,exp1,bs1,data/colosseum-oran-commag-dataset/slice_mixed/rome_slow_close/tr0/exp1/bs1/bs1.csv,1637024.0
1602351796224,9.0,1612608.0,36640.0,slice_mixed,rome_slow_close,tr0,exp1,bs1,data/colosseum-oran-commag-dataset/slice_mixed/rome_slow_close/tr0/exp1/bs1/bs1.csv,1649248.0
1602351796473,9.0,2193728.0,30016.0,slice_mixed,rome_slow_close,tr0,exp1,bs1,data/colosseum-oran-commag-dataset/slice_mixed/rome_slow_close/tr0/exp1/bs1/bs1.csv,2223744.0
1602351796723,9.0,2228672.0,42464.0,slice_mixed,rome_slow_close,tr0,exp1,bs1,data/colosseum-oran-commag-dataset/slice_mixed/rome_slow_close/tr0/exp1/bs1/bs1.csv,2271136.0
1602351796974,9.0,1914048.0,0.0,slice_mixed,rome_slow_close,tr0,exp1,bs1,data/colosseum-oran-commag-dataset/slice_mixed/rome_slow_close/tr0/exp1/bs1/bs1.csv,1914048.0
1602351797223,9.0,1996416.0,86816.0,slice_mixed,rome_slow_close,tr0,exp1,bs1,data/colosseum-oran-commag-dataset/slice_mixed/rome_slow_close/tr0/exp1/bs1/bs1.csv,2083232.0
1602351797474,9.0,1548000.0,25536.0,slice_mixed,rome_slow_close,tr0,exp1,bs1,data/colosseum-oran-commag-dataset/slice_mixed/rome_slow_close/tr0/exp1/bs1/bs1.csv,1573536.0
1602351797724,9.0,1577664.0,38144.0,slice_mixed,rome_slow_close,tr0,exp1,bs1,data/colosseum-oran-commag-dataset/slice_mixed/rome_slow_close/tr0/exp1/bs1/bs1.csv,1615808.0
1602351797974,9.0,1174688.0,52512.0,slice_mixed,rome_slow_close,tr0,exp1,bs1,data/colosseum-oran-commag-dataset/slice_mixed/rome_slow_close/tr0/exp1/bs1/bs1.csv,1227200.0
1602351798224,9.0,1848864.0,39552.0,slice_mixed,rome_slow_close,tr0,exp1,bs1,data/colosseum-oran-commag-dataset/slice_mixed/rome_slow_close/tr0/exp1/bs1/bs1.csv,1888416.0
1602351798473,9.0,2469152.0,102656.0,slice_mixed,rome_slow_close,tr0,exp1,bs1,data/colosseum-oran-commag-dataset/slice_mixed/rome_slow_close/tr0/exp1/bs1/bs1.csv,2571808.0
1602351798723,9.0,3601632.0,4704.0,slice_mixed,rome_slow_close,tr0,exp1,bs1,data/colosseum-oran-commag-dataset/slice_mixed/rome_slow_close/tr0/exp1/bs1/bs1.csv,3606336.0
1602351798974,9.0,2497696.0,24224.0,slice_mixed,rome_slow_close,tr0,exp1,bs1,data/colosseum-oran-commag-dataset/slice_mixed/rome_slow_close/tr0/exp1/bs1/bs1.csv,2521920.0
1602351799224,9.0,1301856.0,84000.0,slice_mixed,rome_slow_close,tr0,exp1,bs1,data/colosseum-oran-commag-dataset/slice_mixed/rome_slow_close/tr0/exp1/bs1/bs1.csv,1385856.0
1602351799473,9.0,1230912.0,2464.0,slice_mixed,rome_slow_close,tr0,exp1,bs1,data/colosseum-oran-commag-dataset/slice_mixed/rome_slow_close/tr0/exp1/bs1/bs1.csv,1233376.0
1602351799723,9.0,1051488.0,90336.0,slice_mixed,rome_slow_close,tr0,exp1,bs1,data/colosseum-oran-commag-dataset/slice_mixed/rome_slow_close/tr0/exp1/bs1/bs1.csv,1141824.0
1602351799973,9.0,1996768.0,15904.0,slice_mixed,rome_slow_close,tr0,exp1,bs1,data/colosseum-oran-commag-dataset/slice_mixed/rome_slow_close/tr0/exp1/bs1/bs1.csv,2012672.0
1602351800223,9.0,2328512.0,52256.0,slice_mixed,rome_slow_close,tr0,exp1,bs1,data/colosseum-oran-commag-dataset/slice_mixed/rome_slow_close/tr0/exp1/bs1/bs1.csv,2380768.0
1602351800473,9.0,1835136.0,32352.0,slice_mixed,rome_slow_close,tr0,exp1,bs1,data/colosseum-oran-commag-dataset/slice_mixed/rome_slow_close/tr0/exp1/bs1/bs1.csv,1867488.0
1602351800724,9.0,2548192.0,28704.0,slice_mixed,rome_slow_close,tr0,exp1,bs1,data/colosseum-oran-commag-dataset/slice_mixed/rome_slow_close/tr0/exp1/bs1/bs1.csv,2576896.0
1602351800973,9.0,2023776.0,0.0,slice_mixed,rome_slow_close,tr0,exp1,bs1,data/colosseum-oran-commag-dataset/slice_mixed/rome_slow_close/tr0/exp1/bs1/bs1.csv,2023776.0
1602351801223,9.0,1876192.0,59488.0,slice_mixed,rome_slow_close,tr0,exp1,bs1,data/colosseum-oran-commag-dataset/slice_mixed/rome_slow_close/tr0/exp1/bs1/bs1.csv,1935680.0
1602351801473,9.0,858144.0,81376.0,slice_mixed,rome_slow_close,tr0,exp1,bs1,data/colosseum-oran-commag-dataset/slice_mixed/rome_slow_close/tr0/exp1/bs1/bs1.csv,939520.0
1602351801723,9.0,2324800.0,34976.0,slice_mixed,rome_slow_close,tr0,exp1,bs1,data/colosseum-oran-commag-dataset/slice_mixed/rome_slow_close/tr0/exp1/bs1/bs1.csv,2359776.0
1602351801973,9.0,2227904.0,49952.0,slice_mixed,rome_slow_close,tr0,exp1,bs1,data/colosseum-oran-commag-dataset/slice_mixed/rome_slow_close/tr0/exp1/bs1/bs1.csv,2277856.0
1602351802224,9.0,2194656.0,27968.0,slice_mixed,rome_slow_close,tr0,exp1,bs1,data/colosseum-oran-commag-dataset/slice_mixed/rome_slow_close/tr0/exp1/bs1/bs1.csv,2222624.0
1602351802473,9.0,2746528.0,33184.0,slice_mixed,rome_slow_close,tr0,exp1,bs1,data/colosseum-oran-commag-dataset/slice_mixed/rome_slow_close/tr0/exp1/bs1/bs1.csv,2779712.0
1602351802723,9.0,3270176.0,89824.0,slice_mixed,rome_slow_close,tr0,exp1,bs1,data/colosseum-oran-commag-dataset/slice_mixed/rome_slow_close/tr0/exp1/bs1/bs1.csv,3360000.0
1602351802973,9.0,3644064.0,95776.0,slice_mixed,rome_slow_close,tr0,exp1,bs1,data/colosseum-oran-commag-dataset/slice_mixed/rome_slow_close/tr0/exp1/bs1/bs1.csv,3739840.0
1602351803223,9.0,1937408.0,43680.0,slice_mixed,rome_slow_close,tr0,exp1,bs1,data/colosseum-oran-commag-dataset/slice_mixed/rome_slow_close/tr0/exp1/bs1/bs1.csv,1981088.0
1602351803473,9.0,2457888.0,30688.0,slice_mixed,rome_slow_close,tr0,exp1,bs1,data/colosseum-oran-commag-dataset/slice_mixed/rome_slow_close/tr0/exp1/bs1/bs1.csv,2488576.0
1602351803723,9.0,1272704.0,15328.0,slice_mixed,rome_slow_close,tr0,exp1,bs1,data/colosseum-oran-commag-dataset/slice_mixed/rome_slow_close/tr0/exp1/bs1/bs1.csv,1288032.0
1602351803973,9.0,2037312.0,85152.0,slice_mixed,rome_slow_close,tr0,exp1,bs1,data/colosseum-oran-commag-dataset/slice_mixed/rome_slow_close/tr0/exp1/bs1/bs1.csv,2122464.0
1602351804223,9.0,775616.0,39744.0,slice_mixed,rome_slow_close,tr0,exp1,bs1,data/colosseum-oran-commag-dataset/slice_mixed/rome_slow_close/tr0/exp1/bs1/bs1.csv,815360.0
1602351804474,9.0,1320064.0,53472.0,slice_mixed,rome_slow_close,tr0,exp1,bs1,data/colosseum-oran-commag-dataset/slice_mixed/rome_slow_close/tr0/exp1/bs1/bs1.csv,1373536.0
1602351804723,9.0,2085920.0,45536.0,slice_mixed,rome_slow_close,tr0,exp1,bs1,data/colosseum-oran-commag-dataset/slice_mixed/rome_slow_close/tr0/exp1/bs1/bs1.csv,2131456.0
1602351804974,9.0,2225728.0,11200.0,slice_mixed,rome_slow_close,tr0,exp1,bs1,data/colosseum-oran-commag-dataset/slice_mixed/rome_slow_close/tr0/exp1/bs1/bs1.csv,2236928.0
1602351805224,9.0,3101600.0,104288.0,slice_mixed,rome_slow_close,tr0,exp1,bs1,data/colosseum-oran-commag-dataset/slice_mixed/rome_slow_close/tr0/exp1/bs1/bs1.csv,3205888.0
1602351805474,9.0,1791680.0,23744.0,slice_mixed,rome_slow_close,tr0,exp1,bs1,data/colosseum-oran-commag-dataset/slice_mixed/rome_slow_close/tr0/exp1/bs1/bs1.csv,1815424.0
1602351805723,9.0,3547968.0,0.0,slice_mixed,rome_slow_close,tr0,exp1,bs1,data/colosseum-oran-commag-dataset/slice_mixed/rome_slow_close/tr0/exp1/bs1/bs1.csv,3547968.0
1602351805973,9.0,2236416.0,70784.0,slice_mixed,rome_slow_close,tr0,exp1,bs1,data/colosseum-oran-commag-dataset/slice_mixed/rome_slow_close/tr0/exp1/bs1/bs1.csv,2307200.0
1602351806223,9.0,2151552.0,91200.0,slice_mixed,rome_slow_close,tr0,exp1,bs1,data/colosseum-oran-commag-dataset/slice_mixed/rome_slow_close/tr0/exp1/bs1/bs1.csv,2242752.0
1602351806473,9.0,1441920.0,13184.0,slice_mixed,rome_slow_close,tr0,exp1,bs1,data/colosseum-oran-commag-dataset/slice_mixed/rome_slow_close/tr0/exp1/bs1/bs1.csv,1455104.0
1602351806723,9.0,1970368.0,78976.0,slice_mixed,rome_slow_close,tr0,exp1,bs1,data/colosseum-oran-commag-dataset/slice_mixed/rome_slow_close/tr0/exp1/bs1/bs1.csv,2049344.0
1602351806974,9.0,2182176.0,32992.0,slice_mixed,rome_slow_close,tr0,exp1,bs1,data/colosseum-oran-commag-dataset/slice_mixed/rome_slow_close/tr0/exp1/bs1/bs1.csv,2215168.0
1602351807224,9.0,2236096.0,33472.0,slice_mixed,rome_slow_close,tr0,exp1,bs1,data/colosseum-oran-commag-dataset/slice_mixed/rome_slow_close/tr0/exp1/bs1/bs1.csv,2269568.0
1602351807473,9.0,2497600.0,42944.0,slice_mixed,rome_slow_close,tr0,exp1,bs1,data/colosseum-oran-commag-dataset/slice_mixed/rome_slow_close/tr0/exp1/bs1/bs1.csv,2540544.0
1602351807723,9.0,1864064.0,35648.0,slice_mixed,rome_slow_close,tr0,exp1,bs1,data/colosseum-oran-commag-dataset/slice_mixed/rome_slow_close/tr0/exp1/bs1/bs1.csv,1899712.0
1602351807973,9.0,2104640.0,13568.0,slice_mixed,rome_slow_close,tr0,exp1,bs1,data/colosseum-oran-commag-dataset/slice_mixed/rome_slow_close/tr0/exp1/bs1/bs1.csv,2118208.0
1602351808223,9.0,2520992.0,65344.0,slice_mixed,rome_slow_close,tr0,exp1,bs1,data/colosseum-oran-commag-dataset/slice_mixed/rome_slow_close/tr0/exp1/bs1/bs1.csv,2586336.0
1602351808473,9.0,3427936.0,14592.0,slice_mixed,rome_slow_close,tr0,exp1,bs1,data/colosseum-oran-commag-dataset/slice_mixed/rome_slow_close/tr0/exp1/bs1/bs1.csv,3442528.0
1602351808723,9.0,2479840.0,60576.0,slice_mixed,rome_slow_close,tr0,exp1,bs1,data/colosseum-oran-commag-dataset/slice_mixed/rome_slow_close/tr0/exp1/bs1/bs1.csv,2540416.0
1602351808974,9.0,1863744.0,33120.0,slice_mixed,rome_slow_close,tr0,exp1,bs1,data/colosseum-oran-commag-dataset/slice_mixed/rome_slow_close/tr0/exp1/bs1/bs1.csv,1896864.0
1602351809223,9.0,1952960.0,55520.0,slice_mixed,rome_slow_close,tr0,exp1,bs1,data/colosseum-oran-commag-dataset/slice_mixed/rome_slow_close/tr0/exp1/bs1/bs1.csv,2008480.0
1602351809474,9.0,1522912.0,46944.0,slice_mixed,rome_slow_close,tr0,exp1,bs1,data/colosseum-oran-commag-dataset/slice_mixed/rome_slow_close/tr0/exp1/bs1/bs1.csv,1569856.0
1602351809723,9.0,1907392.0,65024.0,slice_mixed,rome_slow_close,tr0,exp1,bs1,data/colosseum-oran-commag-dataset/slice_mixed/rome_slow_close/tr0/exp1/bs1/bs1.csv,1972416.0
1602351809973,9.0,2018080.0,40736.0,slice_mixed,rome_slow_close,tr0,exp1,bs1,data/colosseum-oran-commag-dataset/slice_mixed/rome_slow_close/tr0/exp1/bs1/bs1.csv,2058816.0
1602351810224,9.0,1283968.0,29440.0,slice_mixed,rome_slow_close,tr0,exp1,bs1,data/colosseum-oran-commag-dataset/slice_mixed/rome_slow_close/tr0/exp1/bs1/bs1.csv,1313408.0
1602351810473,9.0,1982848.0,14592.0,slice_mixed,rome_slow_close,tr0,exp1,bs1,data/colosseum-oran-commag-dataset/slice_mixed/rome_slow_close/tr0/exp1/bs1/bs1.csv,1997440.0
1602351810723,9.0,1400736.0,74016.0,slice_mixed,rome_slow_close,tr0,exp1,bs1,data/colosseum-oran-commag-dataset/slice_mixed/rome_slow_close/tr0/exp1/bs1/bs1.csv,1474752.0
1602351810973,9.0,2417984.0,6688.0,slice_mixed,rome_slow_close,tr0,exp1,bs1,data/colosseum-oran-commag-dataset/slice_mixed/rome_slow_close/tr0/exp1/bs1/bs1.csv,2424672.0
1602351811223,9.0,2545376.0,57344.0,slice_mixed,rome_slow_close,tr0,exp1,bs1,data/colosseum-oran-commag-dataset/slice_mixed/rome_slow_close/tr0/exp1/bs1/bs1.csv,2602720.0
1602351811473,9.0,2732256.0,39968.0,slice_mixed,rome_slow_close,tr0,exp1,bs1,data/colosseum-oran-commag-dataset/slice_mixed/rome_slow_close/tr0/exp1/bs1/bs1.csv,2772224.0
1602351811723,9.0,2443456.0,13024.0,slice_mixed,rome_slow_close,tr0,exp1,bs1,data/colosseum-oran-commag-dataset/slice_mixed/rome_slow_close/tr0/exp1/bs1/bs1.csv,2456480.0
1602351811973,9.0,2261088.0,47840.0,slice_mixed,rome_slow_close,tr0,exp1,bs1,data/colosseum-oran-commag-dataset/slice_mixed/rome_slow_close/tr0/exp1/bs1/bs1.csv,2308928.0
1602351812223,9.0,2087680.0,52832.0,slice_mixed,rome_slow_close,tr0,exp1,bs1,data/colosseum-oran-commag-dataset/slice_mixed/rome_slow_close/tr0/exp1/bs1/bs1.csv,2140512.0
1602351812473,9.0,1780256.0,76384.0,slice_mixed,rome_slow_close,tr0,exp1,bs1,data/colosseum-oran-commag-dataset/slice_mixed/rome_slow_close/tr0/exp1/bs1/bs1.csv,1856640.0
1602351812723,9.0,1960544.0,33408.0,slice_mixed,rome_slow_close,tr0,exp1,bs1,data/colosseum-oran-commag-dataset/slice_mixed/rome_slow_close/tr0/exp1/bs1/bs1.csv,1993952.0
1602351812973,9.0,3203200.0,35776.0,slice_mixed,rome_slow_close,tr0,exp1,bs1,data/colosseum-oran-commag-dataset/slice_mixed/rome_slow_close/tr0/exp1/bs1/bs1.csv,3238976.0
1602351813223,9.0,2566976.0,35264.0,slice_mixed,rome_slow_close,tr0,exp1,bs1,data/colosseum-oran-commag-dataset/slice_mixed/rome_slow_close/tr0/exp1/bs1/bs1.csv,2602240.0
1602351813474,9.0,2521600.0,37280.0,slice_mixed,rome_slow_close,tr0,exp1,bs1,data/colosseum-oran-commag-dataset/slice_mixed/rome_slow_close/tr0/exp1/bs1/bs1.csv,2558880.0
1602351813723,9.0,2412864.0,21344.0,slice_mixed,rome_slow_close,tr0,exp1,bs1,data/colosseum-oran-commag-dataset/slice_mixed/rome_slow_close/tr0/exp1/bs1/bs1.csv,2434208.0
1602351813973,9.0,2600128.0,31136.0,slice_mixed,rome_slow_close,tr0,exp1,bs1,data/colosseum-oran-commag-dataset/slice_mixed/rome_slow_close/tr0/exp1/bs1/bs1.csv,2631264.0
1602351814224,9.0,2378688.0,99488.0,slice_mixed,rome_slow_close,tr0,exp1,bs1,data/colosseum-oran-commag-dataset/slice_mixed/rome_slow_close/tr0/exp1/bs1/bs1.csv,2478176.0
1602351814473,9.0,1800000.0,55200.0,slice_mixed,rome_slow_close,tr0,exp1,bs1,data/colosseum-oran-commag-dataset/slice_mixed/rome_slow_close/tr0/exp1/bs1/bs1.csv,1855200.0
1602351814723,9.0,2127232.0,0.0,slice_mixed,rome_slow_close,tr0,exp1,bs1,data/colosseum-oran-commag-dataset/slice_mixed/rome_slow_close/tr0/exp1/bs1/bs1.csv,2127232.0
1602351814973,9.0,1284192.0,53696.0,slice_mixed,rome_slow_close,tr0,exp1,bs1,data/colosseum-oran-commag-dataset/slice_mixed/rome_slow_close/tr0/exp1/bs1/bs1.csv,1337888.0
1602351815224,9.0,2378464.0,120128.0,slice_mixed,rome_slow_close,tr0,exp1,bs1,data/colosseum-oran-commag-dataset/slice_mixed/rome_slow_close/tr0/exp1/bs1/bs1.csv,2498592.0
1602351815473,9.0,3858048.0,40512.0,slice_mixed,rome_slow_close,tr0,exp1,bs1,data/colosseum-oran-commag-dataset/slice_mixed/rome_slow_close/tr0/exp1/bs1/bs1.csv,3898560.0
1602351815723,9.0,3091648.0,0.0,slice_mixed,rome_slow_close,tr0,exp1,bs1,data/colosseum-oran-commag-dataset/slice_mixed/rome_slow_close/tr0/exp1/bs1/bs1.csv,3091648.0
1602351815973,9.0,3840352.0,0.0,slice_mixed,rome_slow_close,tr0,exp1,bs1,data/colosseum-oran-commag-dataset/slice_mixed/rome_slow_close/tr0/exp1/bs1/bs1.csv,3840352.0
1602351816223,9.0,4045696.0,73728.0,slice_mixed,rome_slow_close,tr0,exp1,bs1,data/colosseum-oran-commag-dataset/slice_mixed/rome_slow_close/tr0/exp1/bs1/bs1.csv,4119424.0
1602351816473,9.0,3443744.0,56576.0,slice_mixed,rome_slow_close,tr0,exp1,bs1,data/colosseum-oran-commag-dataset/slice_mixed/rome_slow_close/tr0/exp1/bs1/bs1.csv,3500320.0
1602351816723,9.0,2687136.0,0.0,slice_mixed,rome_slow_close,tr0,exp1,bs1,data/colosseum-oran-commag-dataset/slice_mixed/rome_slow_close/tr0/exp1/bs1/bs1.csv,2687136.0
1602351816973,9.0,2299872.0,39008.0,slice_mixed,rome_slow_close,tr0,exp1,bs1,data/colosseum-oran-commag-dataset/slice_mixed/rome_slow_close/tr0/exp1/bs1/bs1.csv,2338880.0
1602351817224,9.0,2649440.0,41728.0,slice_mixed,rome_slow_close,tr0,exp1,bs1,data/colosseum-oran-commag-dataset/slice_mixed/rome_slow_close/tr0/exp1/bs1/bs1.csv,2691168.0
1602351817474,9.0,1323456.0,128544.0,slice_mixed,rome_slow_close,tr0,exp1,bs1,data/colosseum-oran-commag-dataset/slice_mixed/rome_slow_close/tr0/exp1/bs1/bs1.csv,1452000.0
1602351817723,9.0,2562432.0,41376.0,slice_mixed,rome_slow_close,tr0,exp1,bs1,data/colosseum-oran-commag-dataset/slice_mixed/rome_slow_close/tr0/exp1/bs1/bs1.csv,2603808.0
1602351817973,9.0,2257024.0,40544.0,slice_mixed,rome_slow_close,tr0,exp1,bs1,data/colosseum-oran-commag-dataset/slice_mixed/rome_slow_close/tr0/exp1/bs1/bs1.csv,2297568.0
1602351818223,9.0,1823840.0,24544.0,slice_mixed,rome_slow_close,tr0,exp1,bs1,data/colosseum-oran-commag-dataset/slice_mixed/rome_slow_close/tr0/exp1/bs1/bs1.csv,1848384.0
1602351818473,9.0,1999456.0,40960.0,slice_mixed,rome_slow_close,tr0,exp1,bs1,data/colosseum-oran-commag-dataset/slice_mixed/rome_slow_close/tr0/exp1/bs1/bs1.csv,2040416.0
1602351818723,9.0,1944000.0,11616.0,slice_mixed,rome_slow_close,tr0,exp1,bs1,data/colosseum-oran-commag-dataset/slice_mixed/rome_slow_close/tr0/exp1/bs1/bs1.csv,1955616.0
1602351818973,9.0,2510752.0,12544.0,slice_mixed,rome_slow_close,tr0,exp1,bs1,data/colosseum-oran-commag-dataset/slice_mixed/rome_slow_close/tr0/exp1/bs1/bs1.csv,2523296.0
1602351819223,9.0,2461792.0,112032.0,slice_mixed,rome_slow_close,tr0,exp1,bs1,data/colosseum-oran-commag-dataset/slice_mixed/rome_slow_close/tr0/exp1/bs1/bs1.csv,2573824.0
1602351819473,9.0,2525088.0,36768.0,slice_mixed,rome_slow_close,tr0,exp1,bs1,data/colosseum-oran-commag-dataset/slice_mixed/rome_slow_close/tr0/exp1/bs1/bs1.csv,2561856.0
1602351819723,9.0,4300448.0,11456.0,slice_mixed,rome_slow_close,tr0,exp1,bs1,data/colosseum-oran-commag-dataset/slice_mixed/rome_slow_close/tr0/exp1/bs1/bs1.csv,4311904.0
1602351819973,9.0,4325888.0,0.0,slice_mixed,rome_slow_close,tr0,exp1,bs1,data/colosseum-oran-commag-dataset/slice_mixed/rome_slow_close/tr0/exp1/bs1/bs1.csv,4325888.0
1602351820223,9.0,4252960.0,81312.0,slice_mixed,rome_slow_close,tr0,exp1,bs1,data/colosseum-oran-commag-dataset/slice_mixed/rome_slow_close/tr0/exp1/bs1/bs1.csv,4334272.0
1602351820473,9.0,4294208.0,13024.0,slice_mixed,rome_slow_close,tr0,exp1,bs1,data/colosseum-oran-commag-dataset/slice_mixed/rome_slow_close/tr0/exp1/bs1/bs1.csv,4307232.0
1602351820723,9.0,4429248.0,0.0,slice_mixed,rome_slow_close,tr0,exp1,bs1,data/colosseum-oran-commag-dataset/slice_mixed/rome_slow_close/tr0/exp1/bs1/bs1.csv,4429248.0
1602351820974,9.0,4471136.0,40928.0,slice_mixed,rome_slow_close,tr0,exp1,bs1,data/colosseum-oran-commag-dataset/slice_mixed/rome_slow_close/tr0/exp1/bs1/bs1.csv,4512064.0
1602351821223,9.0,3702624.0,41056.0,slice_mixed,rome_slow_close,tr0,exp1,bs1,data/colosseum-oran-commag-dataset/slice_mixed/rome_slow_close/tr0/exp1/bs1/bs1.csv,3743680.0
1602351821473,9.0,3661792.0,12064.0,slice_mixed,rome_slow_close,tr0,exp1,bs1,data/colosseum-oran-commag-dataset/slice_mixed/rome_slow_close/tr0/exp1/bs1/bs1.csv,3673856.0
1602351821724,9.0,2626848.0,9408.0,slice_mixed,rome_slow_close,tr0,exp1,bs1,data/colosseum-oran-commag-dataset/slice_mixed/rome_slow_close/tr0/exp1/bs1/bs1.csv,2636256.0
1602351821973,9.0,2705504.0,62208.0,slice_mixed,rome_slow_close,tr0,exp1,bs1,data/colosseum-oran-commag-dataset/slice_mixed/rome_slow_close/tr0/exp1/bs1/bs1.csv,2767712.0
1602351822223,9.0,2357184.0,74688.0,slice_mixed,rome_slow_close,tr0,exp1,bs1,data/colosseum-oran-commag-dataset/slice_mixed/rome_slow_close/tr0/exp1/bs1/bs1.csv,2431872.0
1602351822473,9.0,2900448.0,45664.0,slice_mixed,rome_slow_close,tr0,exp1,bs1,data/colosseum-oran-commag-dataset/slice_mixed/rome_slow_close/tr0/exp1/bs1/bs1.csv,2946112.0
1602351822723,9.0,4494368.0,13024.0,slice_mixed,rome_slow_close,tr0,exp1,bs1,data/colosseum-oran-commag-dataset/slice_mixed/rome_slow_close/tr0/exp1/bs1/bs1.csv,4507392.0
1602351822973,9.0,3138944.0,18464.0,slice_mixed,rome_slow_close,tr0,exp1,bs1,data/colosseum-oran-commag-dataset/slice_mixed/rome_slow_close/tr0/exp1/bs1/bs1.csv,3157408.0
1602351823224,9.0,1520256.0,174048.0,slice_mixed,rome_slow_close,tr0,exp1,bs1,data/colosseum-oran-commag-dataset/slice_mixed/rome_slow_close/tr0/exp1/bs1/bs1.csv,1694304.0
1602351823473,9.0,2929824.0,17184.0,slice_mixed,rome_slow_close,tr0,exp1,bs1,data/colosseum-oran-commag-dataset/slice_mixed/rome_slow_close/tr0/exp1/bs1/bs1.csv,2947008.0
1602351823723,9.0,3558624.0,28000.0,slice_mixed,rome_slow_close,tr0,exp1,bs1,data/colosseum-oran-commag-dataset/slice_mixed/rome_slow_close/tr0/exp1/bs1/bs1.csv,3586624.0
1602351823973,9.0,3265664.0,30752.0,slice_mixed,rome_slow_close,tr0,exp1,bs1,data/colosseum-oran-commag-dataset/slice_mixed/rome_slow_close/tr0/exp1/bs1/bs1.csv,3296416.0
1602351824223,9.0,2386048.0,47968.0,slice_mixed,rome_slow_close,tr0,exp1,bs1,data/colosseum-oran-commag-dataset/slice_mixed/rome_slow_close/tr0/exp1/bs1/bs1.csv,2434016.0
1602351824473,9.0,1995360.0,22176.0,slice_mixed,rome_slow_close,tr0,exp1,bs1,data/colosseum-oran-commag-dataset/slice_mixed/rome_slow_close/tr0/exp1/bs1/bs1.csv,2017536.0
1602351824723,9.0,1881920.0,63008.0,slice_mixed,rome_slow_close,tr0,exp1,bs1,data/colosseum-oran-commag-dataset/slice_mixed/rome_slow_close/tr0/exp1/bs1/bs1.csv,1944928.0
1602351824973,9.0,2801376.0,3360.0,slice_mixed,rome_slow_close,tr0,exp1,bs1,data/colosseum-oran-commag-dataset/slice_mixed/rome_slow_close/tr0/exp1/bs1/bs1.csv,2804736.0
1602351825223,9.0,2484000.0,142752.0,slice_mixed,rome_slow_close,tr0,exp1,bs1,data/colosseum-oran-commag-dataset/slice_mixed/rome_slow_close/tr0/exp1/bs1/bs1.csv,2626752.0
1602351825474,9.0,3316512.0,41472.0,slice_mixed,rome_slow_close,tr0,exp1,bs1,data/colosseum-oran-commag-dataset/slice_mixed/rome_slow_close/tr0/exp1/bs1/bs1.csv,3357984.0
1602351825723,9.0,4290944.0,4256.0,slice_mixed,rome_slow_close,tr0,exp1,bs1,data/colosseum-oran-commag-dataset/slice_mixed/rome_slow_close/tr0/exp1/bs1/bs1.csv,4295200.0
1602351825973,9.0,4369888.0,33408.0,slice_mixed,rome_slow_close,tr0,exp1,bs1,data/colosseum-oran-commag-dataset/slice_mixed/rome_slow_close/tr0/exp1/bs1/bs1.csv,4403296.0
1602351826223,9.0,4403104.0,45504.0,slice_mixed,rome_slow_close,tr0,exp1,bs1,data/colosseum-oran-commag-dataset/slice_mixed/rome_slow_close/tr0/exp1/bs1/bs1.csv,4448608.0
1602351826473,9.0,4493888.0,4160.0,slice_mixed,rome_slow_close,tr0,exp1,bs1,data/colosseum-oran-commag-dataset/slice_mixed/rome_slow_close/tr0/exp1/bs1/bs1.csv,4498048.0
1602351826724,9.0,2940000.0,73120.0,slice_mixed,rome_slow_close,tr0,exp1,bs1,data/colosseum-oran-commag-dataset/slice_mixed/rome_slow_close/tr0/exp1/bs1/bs1.csv,3013120.0
1602351826973,9.0,2214752.0,49248.0,slice_mixed,rome_slow_close,tr0,exp1,bs1,data/colosseum-oran-commag-dataset/slice_mixed/rome_slow_close/tr0/exp1/bs1/bs1.csv,2264000.0
1602351827223,9.0,2447136.0,58720.0,slice_mixed,rome_slow_close,tr0,exp1,bs1,data/colosseum-oran-commag-dataset/slice_mixed/rome_slow_close/tr0/exp1/bs1/bs1.csv,2505856.0
1602351827473,9.0,1939936.0,12736.0,slice_mixed,rome_slow_close,tr0,exp1,bs1,data/colosseum-oran-commag-dataset/slice_mixed/rome_slow_close/tr0/exp1/bs1/bs1.csv,1952672.0
1602351827723,9.0,2439904.0,7840.0,slice_mixed,rome_slow_close,tr0,exp1,bs1,data/colosseum-oran-commag-dataset/slice_mixed/rome_slow_close/tr0/exp1/bs1/bs1.csv,2447744.0
1602351827974,9.0,2097984.0,68192.0,slice_mixed,rome_slow_close,tr0,exp1,bs1,data/colosseum-oran-commag-dataset/slice_mixed/rome_slow_close/tr0/exp1/bs1/bs1.csv,2166176.0
1602351828224,9.0,3593056.0,25952.0,slice_mixed,rome_slow_close,tr0,exp1,bs1,data/colosseum-oran-commag-dataset/slice_mixed/rome_slow_close/tr0/exp1/bs1/bs1.csv,3619008.0
1602351828474,9.0,3819808.0,35296.0,slice_mixed,rome_slow_close,tr0,exp1,bs1,data/colosseum-oran-commag-dataset/slice_mixed/rome_slow_close/tr0/exp1/bs1/bs1.csv,3855104.0
1602351828723,9.0,2721120.0,13024.0,slice_mixed,rome_slow_close,tr0,exp1,bs1,data/colosseum-oran-commag-dataset/slice_mixed/rome_slow_close/tr0/exp1/bs1/bs1.csv,2734144.0
1602351828973,9.0,2478688.0,0.0,slice_mixed,rome_slow_close,tr0,exp1,bs1,data/colosseum-oran-commag-dataset/slice_mixed/rome_slow_close/tr0/exp1/bs1/bs1.csv,2478688.0
1602351829223,9.0,2117088.0,74560.0,slice_mixed,rome_slow_close,tr0,exp1,bs1,data/colosseum-oran-commag-dataset/slice_mixed/rome_slow_close/tr0/exp1/bs1/bs1.csv,2191648.0
1602351829473,9.0,2832480.0,49280.0,slice_mixed,rome_slow_close,tr0,exp1,bs1,data/colosseum-oran-commag-dataset/slice_mixed/rome_slow_close/tr0/exp1/bs1/bs1.csv,2881760.0
1602351829723,9.0,2189632.0,0.0,slice_mixed,rome_slow_close,tr0,exp1,bs1,data/colosseum-oran-commag-dataset/slice_mixed/rome_slow_close/tr0/exp1/bs1/bs1.csv,2189632.0
1602351829974,9.0,1817888.0,11456.0,slice_mixed,rome_slow_close,tr0,exp1,bs1,data/colosseum-oran-commag-dataset/slice_mixed/rome_slow_close/tr0/exp1/bs1/bs1.csv,1829344.0
1602351830223,9.0,2004096.0,80736.0,slice_mixed,rome_slow_close,tr0,exp1,bs1,data/colosseum-oran-commag-dataset/slice_mixed/rome_slow_close/tr0/exp1/bs1/bs1.csv,2084832.0
1602351830473,9.0,3008480.0,40704.0,slice_mixed,rome_slow_close,tr0,exp1,bs1,data/colosseum-oran-commag-dataset/slice_mixed/rome_slow_close/tr0/exp1/bs1/bs1.csv,3049184.0
1602351830723,9.0,2414304.0,0.0,slice_mixed,rome_slow_close,tr0,exp1,bs1,data/colosseum-oran-commag-dataset/slice_mixed/rome_slow_close/tr0/exp1/bs1/bs1.csv,2414304.0
1602351830973,9.0,2479008.0,0.0,slice_mixed,rome_slow_close,tr0,exp1,bs1,data/colosseum-oran-commag-dataset/slice_mixed/rome_slow_close/tr0/exp1/bs1/bs1.csv,2479008.0
1602351831223,9.0,1861472.0,80768.0,slice_mixed,rome_slow_close,tr0,exp1,bs1,data/colosseum-oran-commag-dataset/slice_mixed/rome_slow_close/tr0/exp1/bs1/bs1.csv,1942240.0
1602351831473,9.0,3454752.0,35296.0,slice_mixed,rome_slow_close,tr0,exp1,bs1,data/colosseum-oran-commag-dataset/slice_mixed/rome_slow_close/tr0/exp1/bs1/bs1.csv,3490048.0
1602351831723,9.0,3500480.0,12544.0,slice_mixed,rome_slow_close,tr0,exp1,bs1,data/colosseum-oran-commag-dataset/slice_mixed/rome_slow_close/tr0/exp1/bs1/bs1.csv,3513024.0
1602351831973,9.0,2299200.0,0.0,slice_mixed,rome_slow_close,tr0,exp1,bs1,data/colosseum-oran-commag-dataset/slice_mixed/rome_slow_close/tr0/exp1/bs1/bs1.csv,2299200.0
1602351832223,9.0,2333280.0,95648.0,slice_mixed,rome_slow_close,tr0,exp1,bs1,data/colosseum-oran-commag-dataset/slice_mixed/rome_slow_close/tr0/exp1/bs1/bs1.csv,2428928.0
1602351832473,9.0,3535712.0,35296.0,slice_mixed,rome_slow_close,tr0,exp1,bs1,data/colosseum-oran-commag-dataset/slice_mixed/rome_slow_close/tr0/exp1/bs1/bs1.csv,3571008.0
1602351832723,9.0,2495552.0,25056.0,slice_mixed,rome_slow_close,tr0,exp1,bs1,data/colosseum-oran-commag-dataset/slice_mixed/rome_slow_close/tr0/exp1/bs1/bs1.csv,2520608.0
1602351832973,9.0,2084480.0,0.0,slice_mixed,rome_slow_close,tr0,exp1,bs1,data/colosseum-oran-commag-dataset/slice_mixed/rome_slow_close/tr0/exp1/bs1/bs1.csv,2084480.0
1602351833224,9.0,2093600.0,86368.0,slice_mixed,rome_slow_close,tr0,exp1,bs1,data/colosseum-oran-commag-dataset/slice_mixed/rome_slow_close/tr0/exp1/bs1/bs1.csv,2179968.0
1602351833473,9.0,2267808.0,30016.0,slice_mixed,rome_slow_close,tr0,exp1,bs1,data/colosseum-oran-commag-dataset/slice_mixed/rome_slow_close/tr0/exp1/bs1/bs1.csv,2297824.0
1602351833723,9.0,2293568.0,12480.0,slice_mixed,rome_slow_close,tr0,exp1,bs1,data/colosseum-oran-commag-dataset/slice_mixed/rome_slow_close/tr0/exp1/bs1/bs1.csv,2306048.0
1602351833974,9.0,3604032.0,0.0,slice_mixed,rome_slow_close,tr0,exp1,bs1,data/colosseum-oran-commag-dataset/slice_mixed/rome_slow_close/tr0/exp1/bs1/bs1.csv,3604032.0
1602351834224,9.0,2493056.0,61024.0,slice_mixed,rome_slow_close,tr0,exp1,bs1,data/colosseum-oran-commag-dataset/slice_mixed/rome_slow_close/tr0/exp1/bs1/bs1.csv,2554080.0
1602351834474,9.0,1617536.0,69408.0,slice_mixed,rome_slow_close,tr0,exp1,bs1,data/colosseum-oran-commag-dataset/slice_mixed/rome_slow_close/tr0/exp1/bs1/bs1.csv,1686944.0
1602351834723,9.0,2366112.0,9632.0,slice_mixed,rome_slow_close,tr0,exp1,bs1,data/colosseum-oran-commag-dataset/slice_mixed/rome_slow_close/tr0/exp1/bs1/bs1.csv,2375744.0
1602351834973,9.0,2589248.0,22464.0,slice_mixed,rome_slow_close,tr0,exp1,bs1,data/colosseum-oran-commag-dataset/slice_mixed/rome_slow_close/tr0/exp1/bs1/bs1.csv,2611712.0
1602351835223,9.0,2138912.0,47648.0,slice_mixed,rome_slow_close,tr0,exp1,bs1,data/colosseum-oran-commag-dataset/slice_mixed/rome_slow_close/tr0/exp1/bs1/bs1.csv,2186560.0
1602351835473,9.0,2579872.0,41472.0,slice_mixed,rome_slow_close,tr0,exp1,bs1,data/colosseum-oran-commag-dataset/slice_mixed/rome_slow_close/tr0/exp1/bs1/bs1.csv,2621344.0
1602351835723,9.0,2391392.0,15776.0,slice_mixed,rome_slow_close,tr0,exp1,bs1,data/colosseum-oran-commag-dataset/slice_mixed/rome_slow_close/tr0/exp1/bs1/bs1.csv,2407168.0
1602351835973,9.0,2372032.0,50720.0,slice_mixed,rome_slow_close,tr0,exp1,bs1,data/colosseum-oran-commag-dataset/slice_mixed/rome_slow_close/tr0/exp1/bs1/bs1.csv,2422752.0
1602351836223,9.0,2370880.0,27424.0,slice_mixed,rome_slow_close,tr0,exp1,bs1,data/colosseum-oran-commag-dataset/slice_mixed/rome_slow_close/tr0/exp1/bs1/bs1.csv,2398304.0
1602351836474,9.0,2145376.0,27552.0,slice_mixed,rome_slow_close,tr0,exp1,bs1,data/colosseum-oran-commag-dataset/slice_mixed/rome_slow_close/tr0/exp1/bs1/bs1.csv,2172928.0
1602351836723,9.0,4518112.0,13024.0,slice_mixed,rome_slow_close,tr0,exp1,bs1,data/colosseum-oran-commag-dataset/slice_mixed/rome_slow_close/tr0/exp1/bs1/bs1.csv,4531136.0
1602351836973,9.0,3590528.0,13184.0,slice_mixed,rome_slow_close,tr0,exp1,bs1,data/colosseum-oran-commag-dataset/slice_mixed/rome_slow_close/tr0/exp1/bs1/bs1.csv,3603712.0
1602351837223,9.0,2584096.0,64320.0,slice_mixed,rome_slow_close,tr0,exp1,bs1,data/colosseum-oran-commag-dataset/slice_mixed/rome_slow_close/tr0/exp1/bs1/bs1.csv,2648416.0
1602351837473,9.0,1854048.0,45632.0,slice_mixed,rome_slow_close,tr0,exp1,bs1,data/colosseum-oran-commag-dataset/slice_mixed/rome_slow_close/tr0/exp1/bs1/bs1.csv,1899680.0
1602351837723,9.0,2692288.0,0.0,slice_mixed,rome_slow_close,tr0,exp1,bs1,data/colosseum-oran-commag-dataset/slice_mixed/rome_slow_close/tr0/exp1/bs1/bs1.csv,2692288.0
1602351837973,9.0,2349888.0,0.0,slice_mixed,rome_slow_close,tr0,exp1,bs1,data/colosseum-oran-commag-dataset/slice_mixed/rome_slow_close/tr0/exp1/bs1/bs1.csv,2349888.0
1602351838223,9.0,2695360.0,62528.0,slice_mixed,rome_slow_close,tr0,exp1,bs1,data/colosseum-oran-commag-dataset/slice_mixed/rome_slow_close/tr0/exp1/bs1/bs1.csv,2757888.0
1602351838473,9.0,3212416.0,53152.0,slice_mixed,rome_slow_close,tr0,exp1,bs1,data/colosseum-oran-commag-dataset/slice_mixed/rome_slow_close/tr0/exp1/bs1/bs1.csv,3265568.0
1602351838723,9.0,2337024.0,0.0,slice_mixed,rome_slow_close,tr0,exp1,bs1,data/colosseum-oran-commag-dataset/slice_mixed/rome_slow_close/tr0/exp1/bs1/bs1.csv,2337024.0
1602351838973,9.0,3584800.0,47552.0,slice_mixed,rome_slow_close,tr0,exp1,bs1,data/colosseum-oran-commag-dataset/slice_mixed/rome_slow_close/tr0/exp1/bs1/bs1.csv,3632352.0
1602351839223,9.0,2876896.0,16480.0,slice_mixed,rome_slow_close,tr0,exp1,bs1,data/colosseum-oran-commag-dataset/slice_mixed/rome_slow_close/tr0/exp1/bs1/bs1.csv,2893376.0
1602351839473,9.0,2300544.0,49088.0,slice_mixed,rome_slow_close,tr0,exp1,bs1,data/colosseum-oran-commag-dataset/slice_mixed/rome_slow_close/tr0/exp1/bs1/bs1.csv,2349632.0
1602351839723,9.0,2704032.0,8736.0,slice_mixed,rome_slow_close,tr0,exp1,bs1,data/colosseum-oran-commag-dataset/slice_mixed/rome_slow_close/tr0/exp1/bs1/bs1.csv,2712768.0
1602351839974,9.0,2493504.0,49344.0,slice_mixed,rome_slow_close,tr0,exp1,bs1,data/colosseum-oran-commag-dataset/slice_mixed/rome_slow_close/tr0/exp1/bs1/bs1.csv,2542848.0
1602351840224,9.0,1801056.0,64768.0,slice_mixed,rome_slow_close,tr0,exp1,bs1,data/colosseum-oran-commag-dataset/slice_mixed/rome_slow_close/tr0/exp1/bs1/bs1.csv,1865824.0
1602351840474,9.0,1328384.0,40256.0,slice_mixed,rome_slow_close,tr0,exp1,bs1,data/colosseum-oran-commag-dataset/slice_mixed/rome_slow_close/tr0/exp1/bs1/bs1.csv,1368640.0
1602351840724,9.0,1376928.0,69120.0,slice_mixed,rome_slow_close,tr0,exp1,bs1,data/colosseum-oran-commag-dataset/slice_mixed/rome_slow_close/tr0/exp1/bs1/bs1.csv,1446048.0
1602351840973,9.0,1699680.0,39968.0,slice_mixed,rome_slow_close,tr0,exp1,bs1,data/colosseum-oran-commag-dataset/slice_mixed/rome_slow_close/tr0/exp1/bs1/bs1.csv,1739648.0
1602351841223,9.0,961088.0,191872.0,slice_mixed,rome_slow_close,tr0,exp1,bs1,data/colosseum-oran-commag-dataset/slice_mixed/rome_slow_close/tr0/exp1/bs1/bs1.csv,1152960.0
1602351841473,9.0,1587264.0,78688.0,slice_mixed,rome_slow_close,tr0,exp1,bs1,data/colosseum-oran-commag-dataset/slice_mixed/rome_slow_close/tr0/exp1/bs1/bs1.csv,1665952.0
1602351841723,9.0,1199552.0,88608.0,slice_mixed,rome_slow_close,tr0,exp1,bs1,data/colosseum-oran-commag-dataset/slice_mixed/rome_slow_close/tr0/exp1/bs1/bs1.csv,1288160.0
1602351841973,9.0,1223328.0,0.0,slice_mixed,rome_slow_close,tr0,exp1,bs1,data/colosseum-oran-commag-dataset/slice_mixed/rome_slow_close/tr0/exp1/bs1/bs1.csv,1223328.0
1602351842223,9.0,1287936.0,83296.0,slice_mixed,rome_slow_close,tr0,exp1,bs1,data/colosseum-oran-commag-dataset/slice_mixed/rome_slow_close/tr0/exp1/bs1/bs1.csv,1371232.0
1602351842473,9.0,2189536.0,54016.0,slice_mixed,rome_slow_close,tr0,exp1,bs1,data/colosseum-oran-commag-dataset/slice_mixed/rome_slow_close/tr0/exp1/bs1/bs1.csv,2243552.0
1602351842724,9.0,3863776.0,8320.0,slice_mixed,rome_slow_close,tr0,exp1,bs1,data/colosseum-oran-commag-dataset/slice_mixed/rome_slow_close/tr0/exp1/bs1/bs1.csv,3872096.0
1602351842973,9.0,4077408.0,0.0,slice_mixed,rome_slow_close,tr0,exp1,bs1,data/colosseum-oran-commag-dataset/slice_mixed/rome_slow_close/tr0/exp1/bs1/bs1.csv,4077408.0
1602351843224,9.0,4386912.0,75296.0,slice_mixed,rome_slow_close,tr0,exp1,bs1,data/colosseum-oran-commag-dataset/slice_mixed/rome_slow_close/tr0/exp1/bs1/bs1.csv,4462208.0
1602351843473,9.0,3385664.0,37536.0,slice_mixed,rome_slow_close,tr0,exp1,bs1,data/colosseum-oran-commag-dataset/slice_mixed/rome_slow_close/tr0/exp1/bs1/bs1.csv,3423200.0
1602351843723,9.0,2963712.0,11456.0,slice_mixed,rome_slow_close,tr0,exp1,bs1,data/colosseum-oran-commag-dataset/slice_mixed/rome_slow_close/tr0/exp1/bs1/bs1.csv,2975168.0
1602351843973,9.0,3446688.0,44608.0,slice_mixed,rome_slow_close,tr0,exp1,bs1,data/colosseum-oran-commag-dataset/slice_mixed/rome_slow_close/tr0/exp1/bs1/bs1.csv,3491296.0
1602351844224,9.0,3394560.0,33088.0,slice_mixed,rome_slow_close,tr0,exp1,bs1,data/colosseum-oran-commag-dataset/slice_mixed/rome_slow_close/tr0/exp1/bs1/bs1.csv,3427648.0
1602351844473,9.0,2559616.0,25504.0,slice_mixed,rome_slow_close,tr0,exp1,bs1,data/colosseum-oran-commag-dataset/slice_mixed/rome_slow_close/tr0/exp1/bs1/bs1.csv,2585120.0
1602351844723,9.0,2283904.0,57920.0,slice_mixed,rome_slow_close,tr0,exp1,bs1,data/colosseum-oran-commag-dataset/slice_mixed/rome_slow_close/tr0/exp1/bs1/bs1.csv,2341824.0
1602351844973,9.0,3552160.0,27200.0,slice_mixed,rome_slow_close,tr0,exp1,bs1,data/colosseum-oran-commag-dataset/slice_mixed/rome_slow_close/tr0/exp1/bs1/bs1.csv,3579360.0
1602351845223,9.0,2628512.0,57472.0,slice_mixed,rome_slow_close,tr0,exp1,bs1,data/colosseum-oran-commag-dataset/slice_mixed/rome_slow_close/tr0/exp1/bs1/bs1.csv,2685984.0
1602351845474,9.0,2718336.0,51328.0,slice_mixed,rome_slow_close,tr0,exp1,bs1,data/colosseum-oran-commag-dataset/slice_mixed/rome_slow_close/tr0/exp1/bs1/bs1.csv,2769664.0
1602351845723,9.0,2343968.0,0.0,slice_mixed,rome_slow_close,tr0,exp1,bs1,data/colosseum-oran-commag-dataset/slice_mixed/rome_slow_close/tr0/exp1/bs1/bs1.csv,2343968.0
1602351845973,9.0,3231616.0,42624.0,slice_mixed,rome_slow_close,tr0,exp1,bs1,data/colosseum-oran-commag-dataset/slice_mixed/rome_slow_close/tr0/exp1/bs1/bs1.csv,3274240.0
1602351846223,9.0,1146592.0,120384.0,slice_mixed,rome_slow_close,tr0,exp1,bs1,data/colosseum-oran-commag-dataset/slice_mixed/rome_slow_close/tr0/exp1/bs1/bs1.csv,1266976.0
1602351846473,9.0,1772128.0,38112.0,slice_mixed,rome_slow_close,tr0,exp1,bs1,data/colosseum-oran-commag-dataset/slice_mixed/rome_slow_close/tr0/exp1/bs1/bs1.csv,1810240.0
1602351846723,9.0,3392704.0,0.0,slice_mixed,rome_slow_close,tr0,exp1,bs1,data/colosseum-oran-commag-dataset/slice_mixed/rome_slow_close/tr0/exp1/bs1/bs1.csv,3392704.0
1602351846973,9.0,1883648.0,76128.0,slice_mixed,rome_slow_close,tr0,exp1,bs1,data/colosseum-oran-commag-dataset/slice_mixed/rome_slow_close/tr0/exp1/bs1/bs1.csv,1959776.0
1602351847223,9.0,2866048.0,43776.0,slice_mixed,rome_slow_close,tr0,exp1,bs1,data/colosseum-oran-commag-dataset/slice_mixed/rome_slow_close/tr0/exp1/bs1/bs1.csv,2909824.0
1602351847474,9.0,2903104.0,53184.0,slice_mixed,rome_slow_close,tr0,exp1,bs1,data/colosseum-oran-commag-dataset/slice_mixed/rome_slow_close/tr0/exp1/bs1/bs1.csv,2956288.0
1602351847724,9.0,3082816.0,0.0,slice_mixed,rome_slow_close,tr0,exp1,bs1,data/colosseum-oran-commag-dataset/slice_mixed/rome_slow_close/tr0/exp1/bs1/bs1.csv,3082816.0
1602351847973,9.0,3552448.0,50272.0,slice_mixed,rome_slow_close,tr0,exp1,bs1,data/colosseum-oran-commag-dataset/slice_mixed/rome_slow_close/tr0/exp1/bs1/bs1.csv,3602720.0
1602351848223,9.0,3497152.0,31008.0,slice_mixed,rome_slow_close,tr0,exp1,bs1,data/colosseum-oran-commag-dataset/slice_mixed/rome_slow_close/tr0/exp1/bs1/bs1.csv,3528160.0
1602351848473,9.0,2005856.0,29120.0,slice_mixed,rome_slow_close,tr0,exp1,bs1,data/colosseum-oran-commag-dataset/slice_mixed/rome_slow_close/tr0/exp1/bs1/bs1.csv,2034976.0
1602351848724,9.0,1928480.0,42368.0,slice_mixed,rome_slow_close,tr0,exp1,bs1,data/colosseum-oran-commag-dataset/slice_mixed/rome_slow_close/tr0/exp1/bs1/bs1.csv,1970848.0
1602351848974,9.0,2926496.0,69920.0,slice_mixed,rome_slow_close,tr0,exp1,bs1,data/colosseum-oran-commag-dataset/slice_mixed/rome_slow_close/tr0/exp1/bs1/bs1.csv,2996416.0
1602351849224,9.0,3349696.0,38848.0,slice_mixed,rome_slow_close,tr0,exp1,bs1,data/colosseum-oran-commag-dataset/slice_mixed/rome_slow_close/tr0/exp1/bs1/bs1.csv,3388544.0
1602351849473,9.0,3472864.0,46432.0,slice_mixed,rome_slow_close,tr0,exp1,bs1,data/colosseum-oran-commag-dataset/slice_mixed/rome_slow_close/tr0/exp1/bs1/bs1.csv,3519296.0
1602351849723,9.0,3541792.0,0.0,slice_mixed,rome_slow_close,tr0,exp1,bs1,data/colosseum-oran-commag-dataset/slice_mixed/rome_slow_close/tr0/exp1/bs1/bs1.csv,3541792.0
1602351849973,9.0,3365184.0,40672.0,slice_mixed,rome_slow_close,tr0,exp1,bs1,data/colosseum-oran-commag-dataset/slice_mixed/rome_slow_close/tr0/exp1/bs1/bs1.csv,3405856.0
1602351850223,9.0,2682944.0,30048.0,slice_mixed,rome_slow_close,tr0,exp1,bs1,data/colosseum-oran-commag-dataset/slice_mixed/rome_slow_close/tr0/exp1/bs1/bs1.csv,2712992.0
1602351850473,9.0,1163424.0,36640.0,slice_mixed,rome_slow_close,tr0,exp1,bs1,data/colosseum-oran-commag-dataset/slice_mixed/rome_slow_close/tr0/exp1/bs1/bs1.csv,1200064.0
1602351850723,9.0,2848064.0,31584.0,slice_mixed,rome_slow_close,tr0,exp1,bs1,data/colosseum-oran-commag-dataset/slice_mixed/rome_slow_close/tr0/exp1/bs1/bs1.csv,2879648.0
1602351850973,9.0,2432736.0,24416.0,slice_mixed,rome_slow_close,tr0,exp1,bs1,data/colosseum-oran-commag-dataset/slice_mixed/rome_slow_close/tr0/exp1/bs1/bs1.csv,2457152.0
1602351851224,9.0,1560064.0,73792.0,slice_mixed,rome_slow_close,tr0,exp1,bs1,data/colosseum-oran-commag-dataset/slice_mixed/rome_slow_close/tr0/exp1/bs1/bs1.csv,1633856.0
1602351851473,9.0,1847200.0,62976.0,slice_mixed,rome_slow_close,tr0,exp1,bs1,data/colosseum-oran-commag-dataset/slice_mixed/rome_slow_close/tr0/exp1/bs1/bs1.csv,1910176.0
1602351851723,9.0,2393888.0,41952.0,slice_mixed,rome_slow_close,tr0,exp1,bs1,data/colosseum-oran-commag-dataset/slice_mixed/rome_slow_close/tr0/exp1/bs1/bs1.csv,2435840.0
1602351851973,9.0,1584736.0,0.0,slice_mixed,rome_slow_close,tr0,exp1,bs1,data/colosseum-oran-commag-dataset/slice_mixed/rome_slow_close/tr0/exp1/bs1/bs1.csv,1584736.0
1602351852224,9.0,1777728.0,125280.0,slice_mixed,rome_slow_close,tr0,exp1,bs1,data/colosseum-oran-commag-dataset/slice_mixed/rome_slow_close/tr0/exp1/bs1/bs1.csv,1903008.0
1602351852473,9.0,1735968.0,68064.0,slice_mixed,rome_slow_close,tr0,exp1,bs1,data/colosseum-oran-commag-dataset/slice_mixed/rome_slow_close/tr0/exp1/bs1/bs1.csv,1804032.0
1602351852723,9.0,2614880.0,30016.0,slice_mixed,rome_slow_close,tr0,exp1,bs1,data/colosseum-oran-commag-dataset/slice_mixed/rome_slow_close/tr0/exp1/bs1/bs1.csv,2644896.0
1602351852973,9.0,1040865.5625,38666.921875,slice_mixed,rome_slow_close,tr0,exp1,bs1,data/colosseum-oran-commag-dataset/slice_mixed/rome_slow_close/tr0/exp1/bs1/bs1.csv,1079532.484375
1602351853223,9.0,1536307.75,90418.867188,slice_mixed,rome_slow_close,tr0,exp1,bs1,data/colosseum-oran-commag-dataset/slice_mixed/rome_slow_close/tr0/exp1/bs1/bs1.csv,1626726.6171880001
1602351853473,9.0,2378752.0,82112.0,slice_mixed,rome_slow_close,tr0,exp1,bs1,data/colosseum-oran-commag-dataset/slice_mixed/rome_slow_close/tr0/exp1/bs1/bs1.csv,2460864.0
1602351853724,9.0,2457728.0,11616.0,slice_mixed,rome_slow_close,tr0,exp1,bs1,data/colosseum-oran-commag-dataset/slice_mixed/rome_slow_close/tr0/exp1/bs1/bs1.csv,2469344.0
1602351853973,9.0,2735261.25,26570.28125,slice_mixed,rome_slow_close,tr0,exp1,bs1,data/colosseum-oran-commag-dataset/slice_mixed/rome_slow_close/tr0/exp1/bs1/bs1.csv,2761831.53125
1602351854224,9.0,2988749.0,88509.960938,slice_mixed,rome_slow_close,tr0,exp1,bs1,data/colosseum-oran-commag-dataset/slice_mixed/rome_slow_close/tr0/exp1/bs1/bs1.csv,3077258.960938
1602351854474,9.0,3328672.0,37216.0,slice_mixed,rome_slow_close,tr0,exp1,bs1,data/colosseum-oran-commag-dataset/slice_mixed/rome_slow_close/tr0/exp1/bs1/bs1.csv,3365888.0
1602351854723,9.0,1703808.0,0.0,slice_mixed,rome_slow_close,tr0,exp1,bs1,data/colosseum-oran-commag-dataset/slice_mixed/rome_slow_close/tr0/exp1/bs1/bs1.csv,1703808.0
1602351854973,9.0,1676448.0,94816.0,slice_mixed,rome_slow_close,tr0,exp1,bs1,data/colosseum-oran-commag-dataset/slice_mixed/rome_slow_close/tr0/exp1/bs1/bs1.csv,1771264.0
1602351855223,9.0,1568960.0,162272.0,slice_mixed,rome_slow_close,tr0,exp1,bs1,data/colosseum-oran-commag-dataset/slice_mixed/rome_slow_close/tr0/exp1/bs1/bs1.csv,1731232.0
1602351855473,9.0,608992.0,54432.0,slice_mixed,rome_slow_close,tr0,exp1,bs1,data/colosseum-oran-commag-dataset/slice_mixed/rome_slow_close/tr0/exp1/bs1/bs1.csv,663424.0
1602351855724,9.0,1683296.0,30656.0,slice_mixed,rome_slow_close,tr0,exp1,bs1,data/colosseum-oran-commag-dataset/slice_mixed/rome_slow_close/tr0/exp1/bs1/bs1.csv,1713952.0
1602351855973,9.0,810624.0,86528.0,slice_mixed,rome_slow_close,tr0,exp1,bs1,data/colosseum-oran-commag-dataset/slice_mixed/rome_slow_close/tr0/exp1/bs1/bs1.csv,897152.0
1602351856223,9.0,1634848.0,28160.0,slice_mixed,rome_slow_close,tr0,exp1,bs1,data/colosseum-oran-commag-dataset/slice_mixed/rome_slow_close/tr0/exp1/bs1/bs1.csv,1663008.0
1602351856474,9.0,1818368.0,16160.0,slice_mixed,rome_slow_close,tr0,exp1,bs1,data/colosseum-oran-commag-dataset/slice_mixed/rome_slow_close/tr0/exp1/bs1/bs1.csv,1834528.0
1602351856723,9.0,2616672.0,31040.0,slice_mixed,rome_slow_close,tr0,exp1,bs1,data/colosseum-oran-commag-dataset/slice_mixed/rome_slow_close/tr0/exp1/bs1/bs1.csv,2647712.0
1602351856973,9.0,1486272.0,9312.0,slice_mixed,rome_slow_close,tr0,exp1,bs1,data/colosseum-oran-commag-dataset/slice_mixed/rome_slow_close/tr0/exp1/bs1/bs1.csv,1495584.0
1602351857224,9.0,1354784.0,72128.0,slice_mixed,rome_slow_close,tr0,exp1,bs1,data/colosseum-oran-commag-dataset/slice_mixed/rome_slow_close/tr0/exp1/bs1/bs1.csv,1426912.0
1602351857473,9.0,3360544.0,48160.0,slice_mixed,rome_slow_close,tr0,exp1,bs1,data/colosseum-oran-commag-dataset/slice_mixed/rome_slow_close/tr0/exp1/bs1/bs1.csv,3408704.0
1602351857723,9.0,3569536.0,0.0,slice_mixed,rome_slow_close,tr0,exp1,bs1,data/colosseum-oran-commag-dataset/slice_mixed/rome_slow_close/tr0/exp1/bs1/bs1.csv,3569536.0
1602351857973,9.0,1487616.0,8800.0,slice_mixed,rome_slow_close,tr0,exp1,bs1,data/colosseum-oran-commag-dataset/slice_mixed/rome_slow_close/tr0/exp1/bs1/bs1.csv,1496416.0
1602351858223,9.0,1541984.0,84192.0,slice_mixed,rome_slow_close,tr0,exp1,bs1,data/colosseum-oran-commag-dataset/slice_mixed/rome_slow_close/tr0/exp1/bs1/bs1.csv,1626176.0
1602351858473,9.0,1675072.0,30080.0,slice_mixed,rome_slow_close,tr0,exp1,bs1,data/colosseum-oran-commag-dataset/slice_mixed/rome_slow_close/tr0/exp1/bs1/bs1.csv,1705152.0
1602351858723,9.0,2064672.0,20064.0,slice_mixed,rome_slow_close,tr0,exp1,bs1,data/colosseum-oran-commag-dataset/slice_mixed/rome_slow_close/tr0/exp1/bs1/bs1.csv,2084736.0
1602351858973,9.0,1950560.0,27360.0,slice_mixed,rome_slow_close,tr0,exp1,bs1,data/colosseum-oran-commag-dataset/slice_mixed/rome_slow_close/tr0/exp1/bs1/bs1.csv,1977920.0
1602351859223,9.0,1379872.0,108320.0,slice_mixed,rome_slow_close,tr0,exp1,bs1,data/colosseum-oran-commag-dataset/slice_mixed/rome_slow_close/tr0/exp1/bs1/bs1.csv,1488192.0
1602351859473,9.0,2342528.0,83840.0,slice_mixed,rome_slow_close,tr0,exp1,bs1,data/colosseum-oran-commag-dataset/slice_mixed/rome_slow_close/tr0/exp1/bs1/bs1.csv,2426368.0
1602351859723,9.0,1218272.0,73088.0,slice_mixed,rome_slow_close,tr0,exp1,bs1,data/colosseum-oran-commag-dataset/slice_mixed/rome_slow_close/tr0/exp1/bs1/bs1.csv,1291360.0
1602351859973,9.0,1726656.0,79776.0,slice_mixed,rome_slow_close,tr0,exp1,bs1,data/colosseum-oran-commag-dataset/slice_mixed/rome_slow_close/tr0/exp1/bs1/bs1.csv,1806432.0
1602351860224,9.0,2563712.0,31264.0,slice_mixed,rome_slow_close,tr0,exp1,bs1,data/colosseum-oran-commag-dataset/slice_mixed/rome_slow_close/tr0/exp1/bs1/bs1.csv,2594976.0
1602351860474,9.0,2355456.0,40032.0,slice_mixed,rome_slow_close,tr0,exp1,bs1,data/colosseum-oran-commag-dataset/slice_mixed/rome_slow_close/tr0/exp1/bs1/bs1.csv,2395488.0
1602351860723,9.0,2236768.0,33280.0,slice_mixed,rome_slow_close,tr0,exp1,bs1,data/colosseum-oran-commag-dataset/slice_mixed/rome_slow_close/tr0/exp1/bs1/bs1.csv,2270048.0
1602351860974,9.0,1213152.0,78432.0,slice_mixed,rome_slow_close,tr0,exp1,bs1,data/colosseum-oran-commag-dataset/slice_mixed/rome_slow_close/tr0/exp1/bs1/bs1.csv,1291584.0
1602351861224,9.0,3513952.0,31072.0,slice_mixed,rome_slow_close,tr0,exp1,bs1,data/colosseum-oran-commag-dataset/slice_mixed/rome_slow_close/tr0/exp1/bs1/bs1.csv,3545024.0
1602351861473,9.0,3950368.0,33152.0,slice_mixed,rome_slow_close,tr0,exp1,bs1,data/colosseum-oran-commag-dataset/slice_mixed/rome_slow_close/tr0/exp1/bs1/bs1.csv,3983520.0
1602351861723,9.0,2684128.0,13024.0,slice_mixed,rome_slow_close,tr0,exp1,bs1,data/colosseum-oran-commag-dataset/slice_mixed/rome_slow_close/tr0/exp1/bs1/bs1.csv,2697152.0
1602351861974,9.0,3184928.0,70304.0,slice_mixed,rome_slow_close,tr0,exp1,bs1,data/colosseum-oran-commag-dataset/slice_mixed/rome_slow_close/tr0/exp1/bs1/bs1.csv,3255232.0
1602351862223,9.0,1966272.0,25088.0,slice_mixed,rome_slow_close,tr0,exp1,bs1,data/colosseum-oran-commag-dataset/slice_mixed/rome_slow_close/tr0/exp1/bs1/bs1.csv,1991360.0
1602351862473,9.0,2482016.0,83584.0,slice_mixed,rome_slow_close,tr0,exp1,bs1,data/colosseum-oran-commag-dataset/slice_mixed/rome_slow_close/tr0/exp1/bs1/bs1.csv,2565600.0
1602351862723,9.0,2669632.0,0.0,slice_mixed,rome_slow_close,tr0,exp1,bs1,data/colosseum-oran-commag-dataset/slice_mixed/rome_slow_close/tr0/exp1/bs1/bs1.csv,2669632.0
1602351862973,9.0,2422272.0,62784.0,slice_mixed,rome_slow_close,tr0,exp1,bs1,data/colosseum-oran-commag-dataset/slice_mixed/rome_slow_close/tr0/exp1/bs1/bs1.csv,2485056.0
1602351863224,9.0,796896.0,85664.0,slice_mixed,rome_slow_close,tr0,exp1,bs1,data/colosseum-oran-commag-dataset/slice_mixed/rome_slow_close/tr0/exp1/bs1/bs1.csv,882560.0
1602351863473,9.0,1050944.0,139424.0,slice_mixed,rome_slow_close,tr0,exp1,bs1,data/colosseum-oran-commag-dataset/slice_mixed/rome_slow_close/tr0/exp1/bs1/bs1.csv,1190368.0
1602351863724,9.0,1903456.0,50784.0,slice_mixed,rome_slow_close,tr0,exp1,bs1,data/colosseum-oran-commag-dataset/slice_mixed/rome_slow_close/tr0/exp1/bs1/bs1.csv,1954240.0
1602351863973,9.0,1523328.0,49248.0,slice_mixed,rome_slow_close,tr0,exp1,bs1,data/colosseum-oran-commag-dataset/slice_mixed/rome_slow_close/tr0/exp1/bs1/bs1.csv,1572576.0
1602351864224,9.0,2285376.0,30400.0,slice_mixed,rome_slow_close,tr0,exp1,bs1,data/colosseum-oran-commag-dataset/slice_mixed/rome_slow_close/tr0/exp1/bs1/bs1.csv,2315776.0
1602351864474,9.0,1801376.0,87616.0,slice_mixed,rome_slow_close,tr0,exp1,bs1,data/colosseum-oran-commag-dataset/slice_mixed/rome_slow_close/tr0/exp1/bs1/bs1.csv,1888992.0
1602351864723,9.0,1292160.0,14304.0,slice_mixed,rome_slow_close,tr0,exp1,bs1,data/colosseum-oran-commag-dataset/slice_mixed/rome_slow_close/tr0/exp1/bs1/bs1.csv,1306464.0
1602351864973,9.0,1480064.0,70144.0,slice_mixed,rome_slow_close,tr0,exp1,bs1,data/colosseum-oran-commag-dataset/slice_mixed/rome_slow_close/tr0/exp1/bs1/bs1.csv,1550208.0
1602351865223,9.0,456224.0,45792.0,slice_mixed,rome_slow_close,tr0,exp1,bs1,data/colosseum-oran-commag-dataset/slice_mixed/rome_slow_close/tr0/exp1/bs1/bs1.csv,502016.0
1602351865473,9.0,1264288.0,72352.0,slice_mixed,rome_slow_close,tr0,exp1,bs1,data/colosseum-oran-commag-dataset/slice_mixed/rome_slow_close/tr0/exp1/bs1/bs1.csv,1336640.0
1602351865724,9.0,1707296.0,22176.0,slice_mixed,rome_slow_close,tr0,exp1,bs1,data/colosseum-oran-commag-dataset/slice_mixed/rome_slow_close/tr0/exp1/bs1/bs1.csv,1729472.0
1602351865973,9.0,1270208.0,92384.0,slice_mixed,rome_slow_close,tr0,exp1,bs1,data/colosseum-oran-commag-dataset/slice_mixed/rome_slow_close/tr0/exp1/bs1/bs1.csv,1362592.0
1602351866223,9.0,1418688.0,28448.0,slice_mixed,rome_slow_close,tr0,exp1,bs1,data/colosseum-oran-commag-dataset/slice_mixed/rome_slow_close/tr0/exp1/bs1/bs1.csv,1447136.0
1602351866473,9.0,2814464.0,49568.0,slice_mixed,rome_slow_close,tr0,exp1,bs1,data/colosseum-oran-commag-dataset/slice_mixed/rome_slow_close/tr0/exp1/bs1/bs1.csv,2864032.0
1602351866723,9.0,1784899.5,44048.191406,slice_mixed,rome_slow_close,tr0,exp1,bs1,data/colosseum-oran-commag-dataset/slice_mixed/rome_slow_close/tr0/exp1/bs1/bs1.csv,1828947.691406
1602351866973,9.0,2353211.25,57211.15625,slice_mixed,rome_slow_close,tr0,exp1,bs1,data/colosseum-oran-commag-dataset/slice_mixed/rome_slow_close/tr0/exp1/bs1/bs1.csv,2410422.40625
1602351867223,9.0,1538400.0,54368.0,slice_mixed,rome_slow_close,tr0,exp1,bs1,data/colosseum-oran-commag-dataset/slice_mixed/rome_slow_close/tr0/exp1/bs1/bs1.csv,1592768.0
1602351867473,9.0,1567808.0,33056.0,slice_mixed,rome_slow_close,tr0,exp1,bs1,data/colosseum-oran-commag-dataset/slice_mixed/rome_slow_close/tr0/exp1/bs1/bs1.csv,1600864.0
1602351867723,9.0,1622016.0,52608.0,slice_mixed,rome_slow_close,tr0,exp1,bs1,data/colosseum-oran-commag-dataset/slice_mixed/rome_slow_close/tr0/exp1/bs1/bs1.csv,1674624.0
1602351867974,9.0,2120512.0,30624.0,slice_mixed,rome_slow_close,tr0,exp1,bs1,data/colosseum-oran-commag-dataset/slice_mixed/rome_slow_close/tr0/exp1/bs1/bs1.csv,2151136.0
1602351868223,9.0,1683968.0,77600.0,slice_mixed,rome_slow_close,tr0,exp1,bs1,data/colosseum-oran-commag-dataset/slice_mixed/rome_slow_close/tr0/exp1/bs1/bs1.csv,1761568.0
1602351868473,9.0,2439936.0,41920.0,slice_mixed,rome_slow_close,tr0,exp1,bs1,data/colosseum-oran-commag-dataset/slice_mixed/rome_slow_close/tr0/exp1/bs1/bs1.csv,2481856.0
1602351868723,9.0,2157824.0,0.0,slice_mixed,rome_slow_close,tr0,exp1,bs1,data/colosseum-oran-commag-dataset/slice_mixed/rome_slow_close/tr0/exp1/bs1/bs1.csv,2157824.0
1602351868973,9.0,2534592.0,68960.0,slice_mixed,rome_slow_close,tr0,exp1,bs1,data/colosseum-oran-commag-dataset/slice_mixed/rome_slow_close/tr0/exp1/bs1/bs1.csv,2603552.0
1602351869223,9.0,1251008.0,30720.0,slice_mixed,rome_slow_close,tr0,exp1,bs1,data/colosseum-oran-commag-dataset/slice_mixed/rome_slow_close/tr0/exp1/bs1/bs1.csv,1281728.0
1602351869473,9.0,1200192.0,56896.0,slice_mixed,rome_slow_close,tr0,exp1,bs1,data/colosseum-oran-commag-dataset/slice_mixed/rome_slow_close/tr0/exp1/bs1/bs1.csv,1257088.0
1602351869724,9.0,1694656.0,39296.0,slice_mixed,rome_slow_close,tr0,exp1,bs1,data/colosseum-oran-commag-dataset/slice_mixed/rome_slow_close/tr0/exp1/bs1/bs1.csv,1733952.0
1602351869973,9.0,1443360.0,70464.0,slice_mixed,rome_slow_close,tr0,exp1,bs1,data/colosseum-oran-commag-dataset/slice_mixed/rome_slow_close/tr0/exp1/bs1/bs1.csv,1513824.0
1602351870223,9.0,3006880.0,31168.0,slice_mixed,rome_slow_close,tr0,exp1,bs1,data/colosseum-oran-commag-dataset/slice_mixed/rome_slow_close/tr0/exp1/bs1/bs1.csv,3038048.0
1602351870473,9.0,1387584.0,50144.0,slice_mixed,rome_slow_close,tr0,exp1,bs1,data/colosseum-oran-commag-dataset/slice_mixed/rome_slow_close/tr0/exp1/bs1/bs1.csv,1437728.0
1602351870723,9.0,1020032.0,45056.0,slice_mixed,rome_slow_close,tr0,exp1,bs1,data/colosseum-oran-commag-dataset/slice_mixed/rome_slow_close/tr0/exp1/bs1/bs1.csv,1065088.0
1602351870973,9.0,1671232.0,25024.0,slice_mixed,rome_slow_close,tr0,exp1,bs1,data/colosseum-oran-commag-dataset/slice_mixed/rome_slow_close/tr0/exp1/bs1/bs1.csv,1696256.0
1602351871224,9.0,1529024.0,77216.0,slice_mixed,rome_slow_close,tr0,exp1,bs1,data/colosseum-oran-commag-dataset/slice_mixed/rome_slow_close/tr0/exp1/bs1/bs1.csv,1606240.0
1602351871473,9.0,1456320.0,63904.0,slice_mixed,rome_slow_close,tr0,exp1,bs1,data/colosseum-oran-commag-dataset/slice_mixed/rome_slow_close/tr0/exp1/bs1/bs1.csv,1520224.0
1602351871723,9.0,1878816.0,20800.0,slice_mixed,rome_slow_close,tr0,exp1,bs1,data/colosseum-oran-commag-dataset/slice_mixed/rome_slow_close/tr0/exp1/bs1/bs1.csv,1899616.0
1602351871974,9.0,1721472.0,12512.0,slice_mixed,rome_slow_close,tr0,exp1,bs1,data/colosseum-oran-commag-dataset/slice_mixed/rome_slow_close/tr0/exp1/bs1/bs1.csv,1733984.0
1602351872223,9.0,1585248.0,71456.0,slice_mixed,rome_slow_close,tr0,exp1,bs1,data/colosseum-oran-commag-dataset/slice_mixed/rome_slow_close/tr0/exp1/bs1/bs1.csv,1656704.0
1602351872473,9.0,1119808.0,63360.0,slice_mixed,rome_slow_close,tr0,exp1,bs1,data/colosseum-oran-commag-dataset/slice_mixed/rome_slow_close/tr0/exp1/bs1/bs1.csv,1183168.0
1602351872724,9.0,1747040.0,31168.0,slice_mixed,rome_slow_close,tr0,exp1,bs1,data/colosseum-oran-commag-dataset/slice_mixed/rome_slow_close/tr0/exp1/bs1/bs1.csv,1778208.0
1602351872973,9.0,1147936.0,0.0,slice_mixed,rome_slow_close,tr0,exp1,bs1,data/colosseum-oran-commag-dataset/slice_mixed/rome_slow_close/tr0/exp1/bs1/bs1.csv,1147936.0
1602351873223,9.0,1346016.0,68960.0,slice_mixed,rome_slow_close,tr0,exp1,bs1,data/colosseum-oran-commag-dataset/slice_mixed/rome_slow_close/tr0/exp1/bs1/bs1.csv,1414976.0
1602351873474,9.0,966912.0,40896.0,slice_mixed,rome_slow_close,tr0,exp1,bs1,data/colosseum-oran-commag-dataset/slice_mixed/rome_slow_close/tr0/exp1/bs1/bs1.csv,1007808.0
1602351873723,9.0,1384224.0,12640.0,slice_mixed,rome_slow_close,tr0,exp1,bs1,data/colosseum-oran-commag-dataset/slice_mixed/rome_slow_close/tr0/exp1/bs1/bs1.csv,1396864.0
1602351873973,9.0,1148448.0,15680.0,slice_mixed,rome_slow_close,tr0,exp1,bs1,data/colosseum-oran-commag-dataset/slice_mixed/rome_slow_close/tr0/exp1/bs1/bs1.csv,1164128.0
1602351874224,9.0,1831616.0,90304.0,slice_mixed,rome_slow_close,tr0,exp1,bs1,data/colosseum-oran-commag-dataset/slice_mixed/rome_slow_close/tr0/exp1/bs1/bs1.csv,1921920.0
1602351874473,9.0,1099040.0,64256.0,slice_mixed,rome_slow_close,tr0,exp1,bs1,data/colosseum-oran-commag-dataset/slice_mixed/rome_slow_close/tr0/exp1/bs1/bs1.csv,1163296.0
1602351874723,9.0,1620352.0,60832.0,slice_mixed,rome_slow_close,tr0,exp1,bs1,data/colosseum-oran-commag-dataset/slice_mixed/rome_slow_close/tr0/exp1/bs1/bs1.csv,1681184.0
1602351874973,9.0,1863776.0,0.0,slice_mixed,rome_slow_close,tr0,exp1,bs1,data/colosseum-oran-commag-dataset/slice_mixed/rome_slow_close/tr0/exp1/bs1/bs1.csv,1863776.0
1602351875223,9.0,1532064.0,80192.0,slice_mixed,rome_slow_close,tr0,exp1,bs1,data/colosseum-oran-commag-dataset/slice_mixed/rome_slow_close/tr0/exp1/bs1/bs1.csv,1612256.0
1602351875474,9.0,2110528.0,82272.0,slice_mixed,rome_slow_close,tr0,exp1,bs1,data/colosseum-oran-commag-dataset/slice_mixed/rome_slow_close/tr0/exp1/bs1/bs1.csv,2192800.0
1602351875723,9.0,1130080.0,19456.0,slice_mixed,rome_slow_close,tr0,exp1,bs1,data/colosseum-oran-commag-dataset/slice_mixed/rome_slow_close/tr0/exp1/bs1/bs1.csv,1149536.0
1602351875973,9.0,1695968.0,49760.0,slice_mixed,rome_slow_close,tr0,exp1,bs1,data/colosseum-oran-commag-dataset/slice_mixed/rome_slow_close/tr0/exp1/bs1/bs1.csv,1745728.0
1602351876223,9.0,1914880.0,41408.0,slice_mixed,rome_slow_close,tr0,exp1,bs1,data/colosseum-oran-commag-dataset/slice_mixed/rome_slow_close/tr0/exp1/bs1/bs1.csv,1956288.0
1602351876473,9.0,1566208.0,73184.0,slice_mixed,rome_slow_close,tr0,exp1,bs1,data/colosseum-oran-commag-dataset/slice_mixed/rome_slow_close/tr0/exp1/bs1/bs1.csv,1639392.0
1602351876723,9.0,1651072.0,36960.0,slice_mixed,rome_slow_close,tr0,exp1,bs1,data/colosseum-oran-commag-dataset/slice_mixed/rome_slow_close/tr0/exp1/bs1/bs1.csv,1688032.0
1602351876973,9.0,1721760.0,16800.0,slice_mixed,rome_slow_close,tr0,exp1,bs1,data/colosseum-oran-commag-dataset/slice_mixed/rome_slow_close/tr0/exp1/bs1/bs1.csv,1738560.0
1602351877224,9.0,1376512.0,47488.0,slice_mixed,rome_slow_close,tr0,exp1,bs1,data/colosseum-oran-commag-dataset/slice_mixed/rome_slow_close/tr0/exp1/bs1/bs1.csv,1424000.0
1602351877473,9.0,902112.0,61216.0,slice_mixed,rome_slow_close,tr0,exp1,bs1,data/colosseum-oran-commag-dataset/slice_mixed/rome_slow_close/tr0/exp1/bs1/bs1.csv,963328.0
1602351877723,9.0,2121472.0,39232.0,slice_mixed,rome_slow_close,tr0,exp1,bs1,data/colosseum-oran-commag-dataset/slice_mixed/rome_slow_close/tr0/exp1/bs1/bs1.csv,2160704.0
1602351877974,9.0,1038176.0,51840.0,slice_mixed,rome_slow_close,tr0,exp1,bs1,data/colosseum-oran-commag-dataset/slice_mixed/rome_slow_close/tr0/exp1/bs1/bs1.csv,1090016.0
1602351878223,9.0,1482176.0,112288.0,slice_mixed,rome_slow_close,tr0,exp1,bs1,data/colosseum-oran-commag-dataset/slice_mixed/rome_slow_close/tr0/exp1/bs1/bs1.csv,1594464.0
1602351878473,9.0,1703232.0,11008.0,slice_mixed,rome_slow_close,tr0,exp1,bs1,data/colosseum-oran-commag-dataset/slice_mixed/rome_slow_close/tr0/exp1/bs1/bs1.csv,1714240.0
1602351878723,9.0,1314336.0,46944.0,slice_mixed,rome_slow_close,tr0,exp1,bs1,data/colosseum-oran-commag-dataset/slice_mixed/rome_slow_close/tr0/exp1/bs1/bs1.csv,1361280.0
1602351878973,9.0,1392800.0,46368.0,slice_mixed,rome_slow_close,tr0,exp1,bs1,data/colosseum-oran-commag-dataset/slice_mixed/rome_slow_close/tr0/exp1/bs1/bs1.csv,1439168.0
1602351879223,9.0,1201536.0,61632.0,slice_mixed,rome_slow_close,tr0,exp1,bs1,data/colosseum-oran-commag-dataset/slice_mixed/rome_slow_close/tr0/exp1/bs1/bs1.csv,1263168.0
1602351879473,9.0,2159776.0,122560.0,slice_mixed,rome_slow_close,tr0,exp1,bs1,data/colosseum-oran-commag-dataset/slice_mixed/rome_slow_close/tr0/exp1/bs1/bs1.csv,2282336.0
1602351879724,9.0,1732416.0,10720.0,slice_mixed,rome_slow_close,tr0,exp1,bs1,data/colosseum-oran-commag-dataset/slice_mixed/rome_slow_close/tr0/exp1/bs1/bs1.csv,1743136.0
1602351879973,9.0,1894592.0,70656.0,slice_mixed,rome_slow_close,tr0,exp1,bs1,data/colosseum-oran-commag-dataset/slice_mixed/rome_slow_close/tr0/exp1/bs1/bs1.csv,1965248.0
1602351880224,9.0,1266944.0,20864.0,slice_mixed,rome_slow_close,tr0,exp1,bs1,data/colosseum-oran-commag-dataset/slice_mixed/rome_slow_close/tr0/exp1/bs1/bs1.csv,1287808.0
1602351880474,9.0,1752928.0,89568.0,slice_mixed,rome_slow_close,tr0,exp1,bs1,data/colosseum-oran-commag-dataset/slice_mixed/rome_slow_close/tr0/exp1/bs1/bs1.csv,1842496.0
1602351880723,9.0,1522336.0,6016.0,slice_mixed,rome_slow_close,tr0,exp1,bs1,data/colosseum-oran-commag-dataset/slice_mixed/rome_slow_close/tr0/exp1/bs1/bs1.csv,1528352.0
1602351880974,9.0,1804864.0,74112.0,slice_mixed,rome_slow_close,tr0,exp1,bs1,data/colosseum-oran-commag-dataset/slice_mixed/rome_slow_close/tr0/exp1/bs1/bs1.csv,1878976.0
1602351881223,9.0,2204032.0,16640.0,slice_mixed,rome_slow_close,tr0,exp1,bs1,data/colosseum-oran-commag-dataset/slice_mixed/rome_slow_close/tr0/exp1/bs1/bs1.csv,2220672.0
1602351881473,9.0,2353152.0,19040.0,slice_mixed,rome_slow_close,tr0,exp1,bs1,data/colosseum-oran-commag-dataset/slice_mixed/rome_slow_close/tr0/exp1/bs1/bs1.csv,2372192.0
1602351881723,9.0,1595072.0,35072.0,slice_mixed,rome_slow_close,tr0,exp1,bs1,data/colosseum-oran-commag-dataset/slice_mixed/rome_slow_close/tr0/exp1/bs1/bs1.csv,1630144.0
1602351881974,9.0,1546784.0,56480.0,slice_mixed,rome_slow_close,tr0,exp1,bs1,data/colosseum-oran-commag-dataset/slice_mixed/rome_slow_close/tr0/exp1/bs1/bs1.csv,1603264.0
1602351882224,9.0,1794720.0,45408.0,slice_mixed,rome_slow_close,tr0,exp1,bs1,data/colosseum-oran-commag-dataset/slice_mixed/rome_slow_close/tr0/exp1/bs1/bs1.csv,1840128.0
1602351882474,9.0,2014912.0,59456.0,slice_mixed,rome_slow_close,tr0,exp1,bs1,data/colosseum-oran-commag-dataset/slice_mixed/rome_slow_close/tr0/exp1/bs1/bs1.csv,2074368.0
1602351882723,9.0,1227008.0,12512.0,slice_mixed,rome_slow_close,tr0,exp1,bs1,data/colosseum-oran-commag-dataset/slice_mixed/rome_slow_close/tr0/exp1/bs1/bs1.csv,1239520.0
1602351882973,9.0,1182944.0,63456.0,slice_mixed,rome_slow_close,tr0,exp1,bs1,data/colosseum-oran-commag-dataset/slice_mixed/rome_slow_close/tr0/exp1/bs1/bs1.csv,1246400.0
1602351883223,9.0,1164832.0,34720.0,slice_mixed,rome_slow_close,tr0,exp1,bs1,data/colosseum-oran-commag-dataset/slice_mixed/rome_slow_close/tr0/exp1/bs1/bs1.csv,1199552.0
1602351883473,9.0,1220352.0,21792.0,slice_mixed,rome_slow_close,tr0,exp1,bs1,data/colosseum-oran-commag-dataset/slice_mixed/rome_slow_close/tr0/exp1/bs1/bs1.csv,1242144.0
1602351883724,9.0,1069056.0,52032.0,slice_mixed,rome_slow_close,tr0,exp1,bs1,data/colosseum-oran-commag-dataset/slice_mixed/rome_slow_close/tr0/exp1/bs1/bs1.csv,1121088.0
1602351883974,9.0,1372128.0,74336.0,slice_mixed,rome_slow_close,tr0,exp1,bs1,data/colosseum-oran-commag-dataset/slice_mixed/rome_slow_close/tr0/exp1/bs1/bs1.csv,1446464.0
1602351884223,9.0,1472672.0,23328.0,slice_mixed,rome_slow_close,tr0,exp1,bs1,data/colosseum-oran-commag-dataset/slice_mixed/rome_slow_close/tr0/exp1/bs1/bs1.csv,1496000.0
1602351884474,9.0,2076512.0,85888.0,slice_mixed,rome_slow_close,tr0,exp1,bs1,data/colosseum-oran-commag-dataset/slice_mixed/rome_slow_close/tr0/exp1/bs1/bs1.csv,2162400.0
1602351884723,9.0,1660896.0,16320.0,slice_mixed,rome_slow_close,tr0,exp1,bs1,data/colosseum-oran-commag-dataset/slice_mixed/rome_slow_close/tr0/exp1/bs1/bs1.csv,1677216.0
1602351884973,9.0,1197568.0,56704.0,slice_mixed,rome_slow_close,tr0,exp1,bs1,data/colosseum-oran-commag-dataset/slice_mixed/rome_slow_close/tr0/exp1/bs1/bs1.csv,1254272.0
1602351885223,9.0,1380768.0,65024.0,slice_mixed,rome_slow_close,tr0,exp1,bs1,data/colosseum-oran-commag-dataset/slice_mixed/rome_slow_close/tr0/exp1/bs1/bs1.csv,1445792.0
1602351885473,9.0,1101568.0,0.0,slice_mixed,rome_slow_close,tr0,exp1,bs1,data/colosseum-oran-commag-dataset/slice_mixed/rome_slow_close/tr0/exp1/bs1/bs1.csv,1101568.0
1602351885723,9.0,1183776.0,46496.0,slice_mixed,rome_slow_close,tr0,exp1,bs1,data/colosseum-oran-commag-dataset/slice_mixed/rome_slow_close/tr0/exp1/bs1/bs1.csv,1230272.0
1602351885973,9.0,1637216.0,70336.0,slice_mixed,rome_slow_close,tr0,exp1,bs1,data/colosseum-oran-commag-dataset/slice_mixed/rome_slow_close/tr0/exp1/bs1/bs1.csv,1707552.0
1602351886223,9.0,1864256.0,24160.0,slice_mixed,rome_slow_close,tr0,exp1,bs1,data/colosseum-oran-commag-dataset/slice_mixed/rome_slow_close/tr0/exp1/bs1/bs1.csv,1888416.0
1602351886474,9.0,884594.375,48899.597656,slice_mixed,rome_slow_close,tr0,exp1,bs1,data/colosseum-oran-commag-dataset/slice_mixed/rome_slow_close/tr0/exp1/bs1/bs1.csv,933493.9726559999
1602351886724,9.0,1378677.375,5035.856445,slice_mixed,rome_slow_close,tr0,exp1,bs1,data/colosseum-oran-commag-dataset/slice_mixed/rome_slow_close/tr0/exp1/bs1/bs1.csv,1383713.231445
1602351886973,9.0,1153344.0,63840.0,slice_mixed,rome_slow_close,tr0,exp1,bs1,data/colosseum-oran-commag-dataset/slice_mixed/rome_slow_close/tr0/exp1/bs1/bs1.csv,1217184.0
1602351887223,9.0,1294016.0,28640.0,slice_mixed,rome_slow_close,tr0,exp1,bs1,data/colosseum-oran-commag-dataset/slice_mixed/rome_slow_close/tr0/exp1/bs1/bs1.csv,1322656.0
1602351887473,9.0,1082656.0,11936.0,slice_mixed,rome_slow_close,tr0,exp1,bs1,data/colosseum-oran-commag-dataset/slice_mixed/rome_slow_close/tr0/exp1/bs1/bs1.csv,1094592.0
1602351887723,9.0,1261312.0,63424.0,slice_mixed,rome_slow_close,tr0,exp1,bs1,data/colosseum-oran-commag-dataset/slice_mixed/rome_slow_close/tr0/exp1/bs1/bs1.csv,1324736.0
1602351887974,9.0,1486016.0,68096.0,slice_mixed,rome_slow_close,tr0,exp1,bs1,data/colosseum-oran-commag-dataset/slice_mixed/rome_slow_close/tr0/exp1/bs1/bs1.csv,1554112.0
1602351888223,9.0,1324288.0,35808.0,slice_mixed,rome_slow_close,tr0,exp1,bs1,data/colosseum-oran-commag-dataset/slice_mixed/rome_slow_close/tr0/exp1/bs1/bs1.csv,1360096.0
1602351888473,9.0,1777152.0,17472.0,slice_mixed,rome_slow_close,tr0,exp1,bs1,data/colosseum-oran-commag-dataset/slice_mixed/rome_slow_close/tr0/exp1/bs1/bs1.csv,1794624.0
1602351888723,9.0,1356064.0,12544.0,slice_mixed,rome_slow_close,tr0,exp1,bs1,data/colosseum-oran-commag-dataset/slice_mixed/rome_slow_close/tr0/exp1/bs1/bs1.csv,1368608.0
1602351888973,9.0,1791616.0,50400.0,slice_mixed,rome_slow_close,tr0,exp1,bs1,data/colosseum-oran-commag-dataset/slice_mixed/rome_slow_close/tr0/exp1/bs1/bs1.csv,1842016.0
1602351889223,9.0,1030784.0,126048.0,slice_mixed,rome_slow_close,tr0,exp1,bs1,data/colosseum-oran-commag-dataset/slice_mixed/rome_slow_close/tr0/exp1/bs1/bs1.csv,1156832.0
1602351889474,9.0,1501760.0,4256.0,slice_mixed,rome_slow_close,tr0,exp1,bs1,data/colosseum-oran-commag-dataset/slice_mixed/rome_slow_close/tr0/exp1/bs1/bs1.csv,1506016.0
1602351889723,9.0,1647712.0,37504.0,slice_mixed,rome_slow_close,tr0,exp1,bs1,data/colosseum-oran-commag-dataset/slice_mixed/rome_slow_close/tr0/exp1/bs1/bs1.csv,1685216.0
1602351889973,9.0,1375104.0,78848.0,slice_mixed,rome_slow_close,tr0,exp1,bs1,data/colosseum-oran-commag-dataset/slice_mixed/rome_slow_close/tr0/exp1/bs1/bs1.csv,1453952.0
1602351890224,9.0,1101184.0,28800.0,slice_mixed,rome_slow_close,tr0,exp1,bs1,data/colosseum-oran-commag-dataset/slice_mixed/rome_slow_close/tr0/exp1/bs1/bs1.csv,1129984.0
1602351890473,9.0,1809824.0,15072.0,slice_mixed,rome_slow_close,tr0,exp1,bs1,data/colosseum-oran-commag-dataset/slice_mixed/rome_slow_close/tr0/exp1/bs1/bs1.csv,1824896.0
1602351890723,9.0,1880960.0,64448.0,slice_mixed,rome_slow_close,tr0,exp1,bs1,data/colosseum-oran-commag-dataset/slice_mixed/rome_slow_close/tr0/exp1/bs1/bs1.csv,1945408.0
1602351890974,9.0,1761824.0,53024.0,slice_mixed,rome_slow_close,tr0,exp1,bs1,data/colosseum-oran-commag-dataset/slice_mixed/rome_slow_close/tr0/exp1/bs1/bs1.csv,1814848.0
1602351891223,9.0,1135520.0,51456.0,slice_mixed,rome_slow_close,tr0,exp1,bs1,data/colosseum-oran-commag-dataset/slice_mixed/rome_slow_close/tr0/exp1/bs1/bs1.csv,1186976.0
1602351891473,9.0,1081792.0,57984.0,slice_mixed,rome_slow_close,tr0,exp1,bs1,data/colosseum-oran-commag-dataset/slice_mixed/rome_slow_close/tr0/exp1/bs1/bs1.csv,1139776.0
1602351891723,9.0,1385952.0,59584.0,slice_mixed,rome_slow_close,tr0,exp1,bs1,data/colosseum-oran-commag-dataset/slice_mixed/rome_slow_close/tr0/exp1/bs1/bs1.csv,1445536.0
1602351891973,9.0,834784.0,40480.0,slice_mixed,rome_slow_close,tr0,exp1,bs1,data/colosseum-oran-commag-dataset/slice_mixed/rome_slow_close/tr0/exp1/bs1/bs1.csv,875264.0
1602351892223,9.0,1353984.0,19648.0,slice_mixed,rome_slow_close,tr0,exp1,bs1,data/colosseum-oran-commag-dataset/slice_mixed/rome_slow_close/tr0/exp1/bs1/bs1.csv,1373632.0
1602351892473,9.0,1260416.0,58912.0,slice_mixed,rome_slow_close,tr0,exp1,bs1,data/colosseum-oran-commag-dataset/slice_mixed/rome_slow_close/tr0/exp1/bs1/bs1.csv,1319328.0
1602351892724,9.0,1436512.0,19008.0,slice_mixed,rome_slow_close,tr0,exp1,bs1,data/colosseum-oran-commag-dataset/slice_mixed/rome_slow_close/tr0/exp1/bs1/bs1.csv,1455520.0
1602351892973,9.0,1499968.0,22208.0,slice_mixed,rome_slow_close,tr0,exp1,bs1,data/colosseum-oran-commag-dataset/slice_mixed/rome_slow_close/tr0/exp1/bs1/bs1.csv,1522176.0
1602351893224,9.0,832864.0,63136.0,slice_mixed,rome_slow_close,tr0,exp1,bs1,data/colosseum-oran-commag-dataset/slice_mixed/rome_slow_close/tr0/exp1/bs1/bs1.csv,896000.0
1602351893473,9.0,1231456.0,68000.0,slice_mixed,rome_slow_close,tr0,exp1,bs1,data/colosseum-oran-commag-dataset/slice_mixed/rome_slow_close/tr0/exp1/bs1/bs1.csv,1299456.0
1602351893723,9.0,1335232.0,17984.0,slice_mixed,rome_slow_close,tr0,exp1,bs1,data/colosseum-oran-commag-dataset/slice_mixed/rome_slow_close/tr0/exp1/bs1/bs1.csv,1353216.0
1602351893973,9.0,1103328.0,26272.0,slice_mixed,rome_slow_close,tr0,exp1,bs1,data/colosseum-oran-commag-dataset/slice_mixed/rome_slow_close/tr0/exp1/bs1/bs1.csv,1129600.0
1602351894223,9.0,1160480.0,23904.0,slice_mixed,rome_slow_close,tr0,exp1,bs1,data/colosseum-oran-commag-dataset/slice_mixed/rome_slow_close/tr0/exp1/bs1/bs1.csv,1184384.0
1602351894473,9.0,2081312.0,81248.0,slice_mixed,rome_slow_close,tr0,exp1,bs1,data/colosseum-oran-commag-dataset/slice_mixed/rome_slow_close/tr0/exp1/bs1/bs1.csv,2162560.0
1602351894723,9.0,1719328.0,0.0,slice_mixed,rome_slow_close,tr0,exp1,bs1,data/colosseum-oran-commag-dataset/slice_mixed/rome_slow_close/tr0/exp1/bs1/bs1.csv,1719328.0
1602351894973,9.0,1517824.0,22432.0,slice_mixed,rome_slow_close,tr0,exp1,bs1,data/colosseum-oran-commag-dataset/slice_mixed/rome_slow_close/tr0/exp1/bs1/bs1.csv,1540256.0
1602351895224,9.0,1861504.0,66720.0,slice_mixed,rome_slow_close,tr0,exp1,bs1,data/colosseum-oran-commag-dataset/slice_mixed/rome_slow_close/tr0/exp1/bs1/bs1.csv,1928224.0
1602351895473,9.0,1796256.0,0.0,slice_mixed,rome_slow_close,tr0,exp1,bs1,data/colosseum-oran-commag-dataset/slice_mixed/rome_slow_close/tr0/exp1/bs1/bs1.csv,1796256.0
1602351895723,9.0,1051104.0,44992.0,slice_mixed,rome_slow_close,tr0,exp1,bs1,data/colosseum-oran-commag-dataset/slice_mixed/rome_slow_close/tr0/exp1/bs1/bs1.csv,1096096.0
1602351895973,9.0,1579264.0,35424.0,slice_mixed,rome_slow_close,tr0,exp1,bs1,data/colosseum-oran-commag-dataset/slice_mixed/rome_slow_close/tr0/exp1/bs1/bs1.csv,1614688.0
1602351896224,9.0,1400096.0,18752.0,slice_mixed,rome_slow_close,tr0,exp1,bs1,data/colosseum-oran-commag-dataset/slice_mixed/rome_slow_close/tr0/exp1/bs1/bs1.csv,1418848.0
1602351896473,9.0,1341376.0,43648.0,slice_mixed,rome_slow_close,tr0,exp1,bs1,data/colosseum-oran-commag-dataset/slice_mixed/rome_slow_close/tr0/exp1/bs1/bs1.csv,1385024.0
1602351896723,9.0,1437408.0,26272.0,slice_mixed,rome_slow_close,tr0,exp1,bs1,data/colosseum-oran-commag-dataset/slice_mixed/rome_slow_close/tr0/exp1/bs1/bs1.csv,1463680.0
1602351896973,9.0,1151712.0,0.0,slice_mixed,rome_slow_close,tr0,exp1,bs1,data/colosseum-oran-commag-dataset/slice_mixed/rome_slow_close/tr0/exp1/bs1/bs1.csv,1151712.0
1602351897224,9.0,1180160.0,60416.0,slice_mixed,rome_slow_close,tr0,exp1,bs1,data/colosseum-oran-commag-dataset/slice_mixed/rome_slow_close/tr0/exp1/bs1/bs1.csv,1240576.0
1602351897473,9.0,1252480.0,17632.0,slice_mixed,rome_slow_close,tr0,exp1,bs1,data/colosseum-oran-commag-dataset/slice_mixed/rome_slow_close/tr0/exp1/bs1/bs1.csv,1270112.0
1602351897724,9.0,969888.0,40864.0,slice_mixed,rome_slow_close,tr0,exp1,bs1,data/colosseum-oran-commag-dataset/slice_mixed/rome_slow_close/tr0/exp1/bs1/bs1.csv,1010752.0
1602351897973,9.0,1378816.0,48448.0,slice_mixed,rome_slow_close,tr0,exp1,bs1,data/colosseum-oran-commag-dataset/slice_mixed/rome_slow_close/tr0/exp1/bs1/bs1.csv,1427264.0
1602351898223,9.0,1228384.0,39232.0,slice_mixed,rome_slow_close,tr0,exp1,bs1,data/colosseum-oran-commag-dataset/slice_mixed/rome_slow_close/tr0/exp1/bs1/bs1.csv,1267616.0
1602351898473,9.0,1301056.0,0.0,slice_mixed,rome_slow_close,tr0,exp1,bs1,data/colosseum-oran-commag-dataset/slice_mixed/rome_slow_close/tr0/exp1/bs1/bs1.csv,1301056.0
1602351898723,9.0,839328.0,61440.0,slice_mixed,rome_slow_close,tr0,exp1,bs1,data/colosseum-oran-commag-dataset/slice_mixed/rome_slow_close/tr0/exp1/bs1/bs1.csv,900768.0
1602351898974,9.0,659520.0,0.0,slice_mixed,rome_slow_close,tr0,exp1,bs1,data/colosseum-oran-commag-dataset/slice_mixed/rome_slow_close/tr0/exp1/bs1/bs1.csv,659520.0
1602351899223,9.0,1736640.0,16800.0,slice_mixed,rome_slow_close,tr0,exp1,bs1,data/colosseum-oran-commag-dataset/slice_mixed/rome_slow_close/tr0/exp1/bs1/bs1.csv,1753440.0
1602351899473,9.0,1705664.0,109184.0,slice_mixed,rome_slow_close,tr0,exp1,bs1,data/colosseum-oran-commag-dataset/slice_mixed/rome_slow_close/tr0/exp1/bs1/bs1.csv,1814848.0
1602351899723,9.0,1344064.0,0.0,slice_mixed,rome_slow_close,tr0,exp1,bs1,data/colosseum-oran-commag-dataset/slice_mixed/rome_slow_close/tr0/exp1/bs1/bs1.csv,1344064.0
1602351899974,9.0,1334432.0,7904.0,slice_mixed,rome_slow_close,tr0,exp1,bs1,data/colosseum-oran-commag-dataset/slice_mixed/rome_slow_close/tr0/exp1/bs1/bs1.csv,1342336.0
1602351900223,9.0,829248.0,112928.0,slice_mixed,rome_slow_close,tr0,exp1,bs1,data/colosseum-oran-commag-dataset/slice_mixed/rome_slow_close/tr0/exp1/bs1/bs1.csv,942176.0
1602351900473,9.0,1115744.0,54560.0,slice_mixed,rome_slow_close,tr0,exp1,bs1,data/colosseum-oran-commag-dataset/slice_mixed/rome_slow_close/tr0/exp1/bs1/bs1.csv,1170304.0
1602351900723,9.0,1501184.0,7296.0,slice_mixed,rome_slow_close,tr0,exp1,bs1,data/colosseum-oran-commag-dataset/slice_mixed/rome_slow_close/tr0/exp1/bs1/bs1.csv,1508480.0
1602351900974,9.0,1695808.0,23616.0,slice_mixed,rome_slow_close,tr0,exp1,bs1,data/colosseum-oran-commag-dataset/slice_mixed/rome_slow_close/tr0/exp1/bs1/bs1.csv,1719424.0
1602351901223,9.0,1444928.0,72032.0,slice_mixed,rome_slow_close,tr0,exp1,bs1,data/colosseum-oran-commag-dataset/slice_mixed/rome_slow_close/tr0/exp1/bs1/bs1.csv,1516960.0
1602351901473,9.0,1294080.0,35808.0,slice_mixed,rome_slow_close,tr0,exp1,bs1,data/colosseum-oran-commag-dataset/slice_mixed/rome_slow_close/tr0/exp1/bs1/bs1.csv,1329888.0
1602351901723,9.0,1195424.0,31808.0,slice_mixed,rome_slow_close,tr0,exp1,bs1,data/colosseum-oran-commag-dataset/slice_mixed/rome_slow_close/tr0/exp1/bs1/bs1.csv,1227232.0
1602351901973,9.0,515648.0,38240.0,slice_mixed,rome_slow_close,tr0,exp1,bs1,data/colosseum-oran-commag-dataset/slice_mixed/rome_slow_close/tr0/exp1/bs1/bs1.csv,553888.0
1602351902223,9.0,609984.0,72800.0,slice_mixed,rome_slow_close,tr0,exp1,bs1,data/colosseum-oran-commag-dataset/slice_mixed/rome_slow_close/tr0/exp1/bs1/bs1.csv,682784.0
1602351902474,9.0,1423008.0,18752.0,slice_mixed,rome_slow_close,tr0,exp1,bs1,data/colosseum-oran-commag-dataset/slice_mixed/rome_slow_close/tr0/exp1/bs1/bs1.csv,1441760.0
1602351902723,9.0,1875072.0,11264.0,slice_mixed,rome_slow_close,tr0,exp1,bs1,data/colosseum-oran-commag-dataset/slice_mixed/rome_slow_close/tr0/exp1/bs1/bs1.csv,1886336.0
1602351902974,9.0,1534432.0,133248.0,slice_mixed,rome_slow_close,tr0,exp1,bs1,data/colosseum-oran-commag-dataset/slice_mixed/rome_slow_close/tr0/exp1/bs1/bs1.csv,1667680.0
1602351903223,9.0,1254176.0,49120.0,slice_mixed,rome_slow_close,tr0,exp1,bs1,data/colosseum-oran-commag-dataset/slice_mixed/rome_slow_close/tr0/exp1/bs1/bs1.csv,1303296.0
1602351903473,9.0,745824.0,75296.0,slice_mixed,rome_slow_close,tr0,exp1,bs1,data/colosseum-oran-commag-dataset/slice_mixed/rome_slow_close/tr0/exp1/bs1/bs1.csv,821120.0
1602351903723,9.0,1256320.0,34112.0,slice_mixed,rome_slow_close,tr0,exp1,bs1,data/colosseum-oran-commag-dataset/slice_mixed/rome_slow_close/tr0/exp1/bs1/bs1.csv,1290432.0
1602351903973,9.0,961664.0,61952.0,slice_mixed,rome_slow_close,tr0,exp1,bs1,data/colosseum-oran-commag-dataset/slice_mixed/rome_slow_close/tr0/exp1/bs1/bs1.csv,1023616.0
1602351904223,9.0,1430528.0,48480.0,slice_mixed,rome_slow_close,tr0,exp1,bs1,data/colosseum-oran-commag-dataset/slice_mixed/rome_slow_close/tr0/exp1/bs1/bs1.csv,1479008.0
1602351904473,9.0,1924640.0,34976.0,slice_mixed,rome_slow_close,tr0,exp1,bs1,data/colosseum-oran-commag-dataset/slice_mixed/rome_slow_close/tr0/exp1/bs1/bs1.csv,1959616.0
1602351904723,9.0,1385024.0,27840.0,slice_mixed,rome_slow_close,tr0,exp1,bs1,data/colosseum-oran-commag-dataset/slice_mixed/rome_slow_close/tr0/exp1/bs1/bs1.csv,1412864.0
1602351904973,9.0,1693152.0,46080.0,slice_mixed,rome_slow_close,tr0,exp1,bs1,data/colosseum-oran-commag-dataset/slice_mixed/rome_slow_close/tr0/exp1/bs1/bs1.csv,1739232.0
1602351905224,9.0,1636672.0,50624.0,slice_mixed,rome_slow_close,tr0,exp1,bs1,data/colosseum-oran-commag-dataset/slice_mixed/rome_slow_close/tr0/exp1/bs1/bs1.csv,1687296.0
1602351905473,9.0,1352672.0,0.0,slice_mixed,rome_slow_close,tr0,exp1,bs1,data/colosseum-oran-commag-dataset/slice_mixed/rome_slow_close/tr0/exp1/bs1/bs1.csv,1352672.0
1602351905723,9.0,1703200.0,22112.0,slice_mixed,rome_slow_close,tr0,exp1,bs1,data/colosseum-oran-commag-dataset/slice_mixed/rome_slow_close/tr0/exp1/bs1/bs1.csv,1725312.0
1602351905973,9.0,1421792.0,51296.0,slice_mixed,rome_slow_close,tr0,exp1,bs1,data/colosseum-oran-commag-dataset/slice_mixed/rome_slow_close/tr0/exp1/bs1/bs1.csv,1473088.0
1602351906224,9.0,1566695.125,45667.597656,slice_mixed,rome_slow_close,tr0,exp1,bs1,data/colosseum-oran-commag-dataset/slice_mixed/rome_slow_close/tr0/exp1/bs1/bs1.csv,1612362.722656
1602351906473,9.0,1392482.25,7840.0,slice_mixed,rome_slow_close,tr0,exp1,bs1,data/colosseum-oran-commag-dataset/slice_mixed/rome_slow_close/tr0/exp1/bs1/bs1.csv,1400322.25
1602351906723,9.0,1688736.0,3744.0,slice_mixed,rome_slow_close,tr0,exp1,bs1,data/colosseum-oran-commag-dataset/slice_mixed/rome_slow_close/tr0/exp1/bs1/bs1.csv,1692480.0
1602351906973,8.0,2302976.0,36096.0,slice_mixed,rome_slow_close,tr0,exp1,bs1,data/colosseum-oran-commag-dataset/slice_mixed/rome_slow_close/tr0/exp1/bs1/bs1.csv,2339072.0
1602351907223,8.0,3505440.0,65312.0,slice_mixed,rome_slow_close,tr0,exp1,bs1,data/colosseum-oran-commag-dataset/slice_mixed/rome_slow_close/tr0/exp1/bs1/bs1.csv,3570752.0
1602351907474,8.0,2169152.0,90784.0,slice_mixed,rome_slow_close,tr0,exp1,bs1,data/colosseum-oran-commag-dataset/slice_mixed/rome_slow_close/tr0/exp1/bs1/bs1.csv,2259936.0
1602351907724,8.0,2133472.0,0.0,slice_mixed,rome_slow_close,tr0,exp1,bs1,data/colosseum-oran-commag-dataset/slice_mixed/rome_slow_close/tr0/exp1/bs1/bs1.csv,2133472.0
1602351907974,8.0,3228352.0,15968.0,slice_mixed,rome_slow_close,tr0,exp1,bs1,data/colosseum-oran-commag-dataset/slice_mixed/rome_slow_close/tr0/exp1/bs1/bs1.csv,3244320.0
1602351908223,8.0,1651264.0,54560.0,slice_mixed,rome_slow_close,tr0,exp1,bs1,data/colosseum-oran-commag-dataset/slice_mixed/rome_slow_close/tr0/exp1/bs1/bs1.csv,1705824.0
1602351908473,8.0,2233440.0,59712.0,slice_mixed,rome_slow_close,tr0,exp1,bs1,data/colosseum-oran-commag-dataset/slice_mixed/rome_slow_close/tr0/exp1/bs1/bs1.csv,2293152.0
1602351908723,8.0,2209344.0,14112.0,slice_mixed,rome_slow_close,tr0,exp1,bs1,data/colosseum-oran-commag-dataset/slice_mixed/rome_slow_close/tr0/exp1/bs1/bs1.csv,2223456.0
1602351908973,8.0,1469184.0,53952.0,slice_mixed,rome_slow_close,tr0,exp1,bs1,data/colosseum-oran-commag-dataset/slice_mixed/rome_slow_close/tr0/exp1/bs1/bs1.csv,1523136.0
1602351909223,8.0,1426496.0,72512.0,slice_mixed,rome_slow_close,tr0,exp1,bs1,data/colosseum-oran-commag-dataset/slice_mixed/rome_slow_close/tr0/exp1/bs1/bs1.csv,1499008.0
1602351909473,8.0,2405856.0,45408.0,slice_mixed,rome_slow_close,tr0,exp1,bs1,data/colosseum-oran-commag-dataset/slice_mixed/rome_slow_close/tr0/exp1/bs1/bs1.csv,2451264.0
1602351909724,8.0,2172704.0,14112.0,slice_mixed,rome_slow_close,tr0,exp1,bs1,data/colosseum-oran-commag-dataset/slice_mixed/rome_slow_close/tr0/exp1/bs1/bs1.csv,2186816.0
1602351909973,8.0,1842080.0,50144.0,slice_mixed,rome_slow_close,tr0,exp1,bs1,data/colosseum-oran-commag-dataset/slice_mixed/rome_slow_close/tr0/exp1/bs1/bs1.csv,1892224.0
1602351910223,8.0,1715168.0,102688.0,slice_mixed,rome_slow_close,tr0,exp1,bs1,data/colosseum-oran-commag-dataset/slice_mixed/rome_slow_close/tr0/exp1/bs1/bs1.csv,1817856.0
1602351910473,8.0,1008576.0,0.0,slice_mixed,rome_slow_close,tr0,exp1,bs1,data/colosseum-oran-commag-dataset/slice_mixed/rome_slow_close/tr0/exp1/bs1/bs1.csv,1008576.0
1602351910723,8.0,2476480.0,47072.0,slice_mixed,rome_slow_close,tr0,exp1,bs1,data/colosseum-oran-commag-dataset/slice_mixed/rome_slow_close/tr0/exp1/bs1/bs1.csv,2523552.0
1602351910973,8.0,1798592.0,87424.0,slice_mixed,rome_slow_close,tr0,exp1,bs1,data/colosseum-oran-commag-dataset/slice_mixed/rome_slow_close/tr0/exp1/bs1/bs1.csv,1886016.0
1602351911223,8.0,2040352.0,36960.0,slice_mixed,rome_slow_close,tr0,exp1,bs1,data/colosseum-oran-commag-dataset/slice_mixed/rome_slow_close/tr0/exp1/bs1/bs1.csv,2077312.0
1602351911473,,,,slice_mixed,rome_slow_close,tr0,exp1,bs1,data/colosseum-oran-commag-dataset/slice_mixed/rome_slow_close/tr0/exp1/bs1/bs1.csv,0.0
1602351477403,0,0.0,0.0,slice_mixed,rome_slow_close,tr0,exp1,bs2,data/colosseum-oran-commag-dataset/slice_mixed/rome_slow_close/tr0/exp1/bs2/bs2.csv,0.0
1602351477652,0,0.0,0.0,slice_mixed,rome_slow_close,tr0,exp1,bs2,data/colosseum-oran-commag-dataset/slice_mixed/rome_slow_close/tr0/exp1/bs2/bs2.csv,0.0
1602351477902,0,0.0,0.0,slice_mixed,rome_slow_close,tr0,exp1,bs2,data/colosseum-oran-commag-dataset/slice_mixed/rome_slow_close/tr0/exp1/bs2/bs2.csv,0.0
1602351478152,0,0.0,0.0,slice_mixed,rome_slow_close,tr0,exp1,bs2,data/colosseum-oran-commag-dataset/slice_mixed/rome_slow_close/tr0/exp1/bs2/bs2.csv,0.0
1602351478402,0,0.0,0.0,slice_mixed,rome_slow_close,tr0,exp1,bs2,data/colosseum-oran-commag-dataset/slice_mixed/rome_slow_close/tr0/exp1/bs2/bs2.csv,0.0
1602351478652,0,0.0,0.0,slice_mixed,rome_slow_close,tr0,exp1,bs2,data/colosseum-oran-commag-dataset/slice_mixed/rome_slow_close/tr0/exp1/bs2/bs2.csv,0.0
1602351478902,0,0.0,0.0,slice_mixed,rome_slow_close,tr0,exp1,bs2,data/colosseum-oran-commag-dataset/slice_mixed/rome_slow_close/tr0/exp1/bs2/bs2.csv,0.0
1602351479152,0,0.0,0.0,slice_mixed,rome_slow_close,tr0,exp1,bs2,data/colosseum-oran-commag-dataset/slice_mixed/rome_slow_close/tr0/exp1/bs2/bs2.csv,0.0
1602351479402,0,0.0,0.0,slice_mixed,rome_slow_close,tr0,exp1,bs2,data/colosseum-oran-commag-dataset/slice_mixed/rome_slow_close/tr0/exp1/bs2/bs2.csv,0.0
1602351479652,0,0.0,0.0,slice_mixed,rome_slow_close,tr0,exp1,bs2,data/colosseum-oran-commag-dataset/slice_mixed/rome_slow_close/tr0/exp1/bs2/bs2.csv,0.0
1602351479902,0,0.0,0.0,slice_mixed,rome_slow_close,tr0,exp1,bs2,data/colosseum-oran-commag-dataset/slice_mixed/rome_slow_close/tr0/exp1/bs2/bs2.csv,0.0
1602351480152,0,0.0,0.0,slice_mixed,rome_slow_close,tr0,exp1,bs2,data/colosseum-oran-commag-dataset/slice_mixed/rome_slow_close/tr0/exp1/bs2/bs2.csv,0.0
1602351480402,0,0.0,0.0,slice_mixed,rome_slow_close,tr0,exp1,bs2,data/colosseum-oran-commag-dataset/slice_mixed/rome_slow_close/tr0/exp1/bs2/bs2.csv,0.0
1602351480652,0,0.0,0.0,slice_mixed,rome_slow_close,tr0,exp1,bs2,data/colosseum-oran-commag-dataset/slice_mixed/rome_slow_close/tr0/exp1/bs2/bs2.csv,0.0
1602351480902,0,0.0,0.0,slice_mixed,rome_slow_close,tr0,exp1,bs2,data/colosseum-oran-commag-dataset/slice_mixed/rome_slow_close/tr0/exp1/bs2/bs2.csv,0.0
1602351481152,0,0.0,0.0,slice_mixed,rome_slow_close,tr0,exp1,bs2,data/colosseum-oran-commag-dataset/slice_mixed/rome_slow_close/tr0/exp1/bs2/bs2.csv,0.0
1602351481402,0,0.0,0.0,slice_mixed,rome_slow_close,tr0,exp1,bs2,data/colosseum-oran-commag-dataset/slice_mixed/rome_slow_close/tr0/exp1/bs2/bs2.csv,0.0
1602351481652,0,0.0,0.0,slice_mixed,rome_slow_close,tr0,exp1,bs2,data/colosseum-oran-commag-dataset/slice_mixed/rome_slow_close/tr0/exp1/bs2/bs2.csv,0.0
1602351481902,0,0.0,0.0,slice_mixed,rome_slow_close,tr0,exp1,bs2,data/colosseum-oran-commag-dataset/slice_mixed/rome_slow_close/tr0/exp1/bs2/bs2.csv,0.0
1602351482152,0,0.0,0.0,slice_mixed,rome_slow_close,tr0,exp1,bs2,data/colosseum-oran-commag-dataset/slice_mixed/rome_slow_close/tr0/exp1/bs2/bs2.csv,0.0
1602351482402,0,0.0,0.0,slice_mixed,rome_slow_close,tr0,exp1,bs2,data/colosseum-oran-commag-dataset/slice_mixed/rome_slow_close/tr0/exp1/bs2/bs2.csv,0.0
1602351482652,0,0.0,0.0,slice_mixed,rome_slow_close,tr0,exp1,bs2,data/colosseum-oran-commag-dataset/slice_mixed/rome_slow_close/tr0/exp1/bs2/bs2.csv,0.0
1602351482902,0,0.0,0.0,slice_mixed,rome_slow_close,tr0,exp1,bs2,data/colosseum-oran-commag-dataset/slice_mixed/rome_slow_close/tr0/exp1/bs2/bs2.csv,0.0
1602351483152,0,0.0,0.0,slice_mixed,rome_slow_close,tr0,exp1,bs2,data/colosseum-oran-commag-dataset/slice_mixed/rome_slow_close/tr0/exp1/bs2/bs2.csv,0.0
1602351483402,0,0.0,0.0,slice_mixed,rome_slow_close,tr0,exp1,bs2,data/colosseum-oran-commag-dataset/slice_mixed/rome_slow_close/tr0/exp1/bs2/bs2.csv,0.0
1602351483652,0,0.0,0.0,slice_mixed,rome_slow_close,tr0,exp1,bs2,data/colosseum-oran-commag-dataset/slice_mixed/rome_slow_close/tr0/exp1/bs2/bs2.csv,0.0
1602351483902,0,0.0,0.0,slice_mixed,rome_slow_close,tr0,exp1,bs2,data/colosseum-oran-commag-dataset/slice_mixed/rome_slow_close/tr0/exp1/bs2/bs2.csv,0.0
1602351484152,0,0.0,0.0,slice_mixed,rome_slow_close,tr0,exp1,bs2,data/colosseum-oran-commag-dataset/slice_mixed/rome_slow_close/tr0/exp1/bs2/bs2.csv,0.0
1602351484402,0,0.0,0.0,slice_mixed,rome_slow_close,tr0,exp1,bs2,data/colosseum-oran-commag-dataset/slice_mixed/rome_slow_close/tr0/exp1/bs2/bs2.csv,0.0
1602351484652,0,0.0,0.0,slice_mixed,rome_slow_close,tr0,exp1,bs2,data/colosseum-oran-commag-dataset/slice_mixed/rome_slow_close/tr0/exp1/bs2/bs2.csv,0.0
1602351484902,0,0.0,0.0,slice_mixed,rome_slow_close,tr0,exp1,bs2,data/colosseum-oran-commag-dataset/slice_mixed/rome_slow_close/tr0/exp1/bs2/bs2.csv,0.0
1602351485152,0,0.0,0.0,slice_mixed,rome_slow_close,tr0,exp1,bs2,data/colosseum-oran-commag-dataset/slice_mixed/rome_slow_close/tr0/exp1/bs2/bs2.csv,0.0
1602351485402,0,0.0,0.0,slice_mixed,rome_slow_close,tr0,exp1,bs2,data/colosseum-oran-commag-dataset/slice_mixed/rome_slow_close/tr0/exp1/bs2/bs2.csv,0.0
1602351485652,0,0.0,0.0,slice_mixed,rome_slow_close,tr0,exp1,bs2,data/colosseum-oran-commag-dataset/slice_mixed/rome_slow_close/tr0/exp1/bs2/bs2.csv,0.0
1602351485902,0,0.0,0.0,slice_mixed,rome_slow_close,tr0,exp1,bs2,data/colosseum-oran-commag-dataset/slice_mixed/rome_slow_close/tr0/exp1/bs2/bs2.csv,0.0
1602351486152,0,0.0,0.0,slice_mixed,rome_slow_close,tr0,exp1,bs2,data/colosseum-oran-commag-dataset/slice_mixed/rome_slow_close/tr0/exp1/bs2/bs2.csv,0.0
1602351486402,0,0.0,0.0,slice_mixed,rome_slow_close,tr0,exp1,bs2,data/colosseum-oran-commag-dataset/slice_mixed/rome_slow_close/tr0/exp1/bs2/bs2.csv,0.0
1602351486652,0,0.0,0.0,slice_mixed,rome_slow_close,tr0,exp1,bs2,data/colosseum-oran-commag-dataset/slice_mixed/rome_slow_close/tr0/exp1/bs2/bs2.csv,0.0
1602351486902,0,0.0,0.0,slice_mixed,rome_slow_close,tr0,exp1,bs2,data/colosseum-oran-commag-dataset/slice_mixed/rome_slow_close/tr0/exp1/bs2/bs2.csv,0.0
1602351487152,0,0.0,0.0,slice_mixed,rome_slow_close,tr0,exp1,bs2,data/colosseum-oran-commag-dataset/slice_mixed/rome_slow_close/tr0/exp1/bs2/bs2.csv,0.0
1602351487402,0,0.0,0.0,slice_mixed,rome_slow_close,tr0,exp1,bs2,data/colosseum-oran-commag-dataset/slice_mixed/rome_slow_close/tr0/exp1/bs2/bs2.csv,0.0
1602351487652,0,0.0,0.0,slice_mixed,rome_slow_close,tr0,exp1,bs2,data/colosseum-oran-commag-dataset/slice_mixed/rome_slow_close/tr0/exp1/bs2/bs2.csv,0.0
1602351487902,0,0.0,0.0,slice_mixed,rome_slow_close,tr0,exp1,bs2,data/colosseum-oran-commag-dataset/slice_mixed/rome_slow_close/tr0/exp1/bs2/bs2.csv,0.0
1602351488152,0,0.0,0.0,slice_mixed,rome_slow_close,tr0,exp1,bs2,data/colosseum-oran-commag-dataset/slice_mixed/rome_slow_close/tr0/exp1/bs2/bs2.csv,0.0
1602351488402,0,0.0,0.0,slice_mixed,rome_slow_close,tr0,exp1,bs2,data/colosseum-oran-commag-dataset/slice_mixed/rome_slow_close/tr0/exp1/bs2/bs2.csv,0.0
1602351488652,0,0.0,0.0,slice_mixed,rome_slow_close,tr0,exp1,bs2,data/colosseum-oran-commag-dataset/slice_mixed/rome_slow_close/tr0/exp1/bs2/bs2.csv,0.0
1602351488902,0,0.0,0.0,slice_mixed,rome_slow_close,tr0,exp1,bs2,data/colosseum-oran-commag-dataset/slice_mixed/rome_slow_close/tr0/exp1/bs2/bs2.csv,0.0
1602351489152,0,0.0,0.0,slice_mixed,rome_slow_close,tr0,exp1,bs2,data/colosseum-oran-commag-dataset/slice_mixed/rome_slow_close/tr0/exp1/bs2/bs2.csv,0.0
1602351489402,0,0.0,0.0,slice_mixed,rome_slow_close,tr0,exp1,bs2,data/colosseum-oran-commag-dataset/slice_mixed/rome_slow_close/tr0/exp1/bs2/bs2.csv,0.0
1602351489652,0,0.0,0.0,slice_mixed,rome_slow_close,tr0,exp1,bs2,data/colosseum-oran-commag-dataset/slice_mixed/rome_slow_close/tr0/exp1/bs2/bs2.csv,0.0
1602351489902,0,0.0,0.0,slice_mixed,rome_slow_close,tr0,exp1,bs2,data/colosseum-oran-commag-dataset/slice_mixed/rome_slow_close/tr0/exp1/bs2/bs2.csv,0.0
1602351490152,0,0.0,0.0,slice_mixed,rome_slow_close,tr0,exp1,bs2,data/colosseum-oran-commag-dataset/slice_mixed/rome_slow_close/tr0/exp1/bs2/bs2.csv,0.0
1602351490402,0,0.0,0.0,slice_mixed,rome_slow_close,tr0,exp1,bs2,data/colosseum-oran-commag-dataset/slice_mixed/rome_slow_close/tr0/exp1/bs2/bs2.csv,0.0
1602351490652,0,0.0,0.0,slice_mixed,rome_slow_close,tr0,exp1,bs2,data/colosseum-oran-commag-dataset/slice_mixed/rome_slow_close/tr0/exp1/bs2/bs2.csv,0.0
1602351490902,0,0.0,0.0,slice_mixed,rome_slow_close,tr0,exp1,bs2,data/colosseum-oran-commag-dataset/slice_mixed/rome_slow_close/tr0/exp1/bs2/bs2.csv,0.0
1602351491152,0,0.0,0.0,slice_mixed,rome_slow_close,tr0,exp1,bs2,data/colosseum-oran-commag-dataset/slice_mixed/rome_slow_close/tr0/exp1/bs2/bs2.csv,0.0
1602351491402,0,0.0,0.0,slice_mixed,rome_slow_close,tr0,exp1,bs2,data/colosseum-oran-commag-dataset/slice_mixed/rome_slow_close/tr0/exp1/bs2/bs2.csv,0.0
1602351491652,0,0.0,0.0,slice_mixed,rome_slow_close,tr0,exp1,bs2,data/colosseum-oran-commag-dataset/slice_mixed/rome_slow_close/tr0/exp1/bs2/bs2.csv,0.0
1602351491902,0,0.0,0.0,slice_mixed,rome_slow_close,tr0,exp1,bs2,data/colosseum-oran-commag-dataset/slice_mixed/rome_slow_close/tr0/exp1/bs2/bs2.csv,0.0
1602351492152,0,0.0,0.0,slice_mixed,rome_slow_close,tr0,exp1,bs2,data/colosseum-oran-commag-dataset/slice_mixed/rome_slow_close/tr0/exp1/bs2/bs2.csv,0.0
1602351492402,0,0.0,0.0,slice_mixed,rome_slow_close,tr0,exp1,bs2,data/colosseum-oran-commag-dataset/slice_mixed/rome_slow_close/tr0/exp1/bs2/bs2.csv,0.0
1602351492652,0,0.0,0.0,slice_mixed,rome_slow_close,tr0,exp1,bs2,data/colosseum-oran-commag-dataset/slice_mixed/rome_slow_close/tr0/exp1/bs2/bs2.csv,0.0
1602351492902,0,0.0,0.0,slice_mixed,rome_slow_close,tr0,exp1,bs2,data/colosseum-oran-commag-dataset/slice_mixed/rome_slow_close/tr0/exp1/bs2/bs2.csv,0.0
1602351493152,0,0.0,0.0,slice_mixed,rome_slow_close,tr0,exp1,bs2,data/colosseum-oran-commag-dataset/slice_mixed/rome_slow_close/tr0/exp1/bs2/bs2.csv,0.0
1602351493402,0,0.0,0.0,slice_mixed,rome_slow_close,tr0,exp1,bs2,data/colosseum-oran-commag-dataset/slice_mixed/rome_slow_close/tr0/exp1/bs2/bs2.csv,0.0
1602351493652,0,0.0,0.0,slice_mixed,rome_slow_close,tr0,exp1,bs2,data/colosseum-oran-commag-dataset/slice_mixed/rome_slow_close/tr0/exp1/bs2/bs2.csv,0.0
1602351493902,0,0.0,0.0,slice_mixed,rome_slow_close,tr0,exp1,bs2,data/colosseum-oran-commag-dataset/slice_mixed/rome_slow_close/tr0/exp1/bs2/bs2.csv,0.0
1602351494152,0,0.0,0.0,slice_mixed,rome_slow_close,tr0,exp1,bs2,data/colosseum-oran-commag-dataset/slice_mixed/rome_slow_close/tr0/exp1/bs2/bs2.csv,0.0
1602351494402,0,0.0,0.0,slice_mixed,rome_slow_close,tr0,exp1,bs2,data/colosseum-oran-commag-dataset/slice_mixed/rome_slow_close/tr0/exp1/bs2/bs2.csv,0.0
1602351494652,0,0.0,0.0,slice_mixed,rome_slow_close,tr0,exp1,bs2,data/colosseum-oran-commag-dataset/slice_mixed/rome_slow_close/tr0/exp1/bs2/bs2.csv,0.0
1602351494902,0,0.0,0.0,slice_mixed,rome_slow_close,tr0,exp1,bs2,data/colosseum-oran-commag-dataset/slice_mixed/rome_slow_close/tr0/exp1/bs2/bs2.csv,0.0
1602351495152,0,0.0,0.0,slice_mixed,rome_slow_close,tr0,exp1,bs2,data/colosseum-oran-commag-dataset/slice_mixed/rome_slow_close/tr0/exp1/bs2/bs2.csv,0.0
1602351495402,0,0.0,0.0,slice_mixed,rome_slow_close,tr0,exp1,bs2,data/colosseum-oran-commag-dataset/slice_mixed/rome_slow_close/tr0/exp1/bs2/bs2.csv,0.0
1602351495652,0,0.0,0.0,slice_mixed,rome_slow_close,tr0,exp1,bs2,data/colosseum-oran-commag-dataset/slice_mixed/rome_slow_close/tr0/exp1/bs2/bs2.csv,0.0
1602351495902,0,0.0,0.0,slice_mixed,rome_slow_close,tr0,exp1,bs2,data/colosseum-oran-commag-dataset/slice_mixed/rome_slow_close/tr0/exp1/bs2/bs2.csv,0.0
1602351496152,0,0.0,0.0,slice_mixed,rome_slow_close,tr0,exp1,bs2,data/colosseum-oran-commag-dataset/slice_mixed/rome_slow_close/tr0/exp1/bs2/bs2.csv,0.0
1602351496402,0,0.0,0.0,slice_mixed,rome_slow_close,tr0,exp1,bs2,data/colosseum-oran-commag-dataset/slice_mixed/rome_slow_close/tr0/exp1/bs2/bs2.csv,0.0
1602351496652,0,0.0,0.0,slice_mixed,rome_slow_close,tr0,exp1,bs2,data/colosseum-oran-commag-dataset/slice_mixed/rome_slow_close/tr0/exp1/bs2/bs2.csv,0.0
1602351496902,0,0.0,0.0,slice_mixed,rome_slow_close,tr0,exp1,bs2,data/colosseum-oran-commag-dataset/slice_mixed/rome_slow_close/tr0/exp1/bs2/bs2.csv,0.0
1602351497152,0,0.0,0.0,slice_mixed,rome_slow_close,tr0,exp1,bs2,data/colosseum-oran-commag-dataset/slice_mixed/rome_slow_close/tr0/exp1/bs2/bs2.csv,0.0
1602351497402,0,0.0,0.0,slice_mixed,rome_slow_close,tr0,exp1,bs2,data/colosseum-oran-commag-dataset/slice_mixed/rome_slow_close/tr0/exp1/bs2/bs2.csv,0.0
1602351497652,0,0.0,0.0,slice_mixed,rome_slow_close,tr0,exp1,bs2,data/colosseum-oran-commag-dataset/slice_mixed/rome_slow_close/tr0/exp1/bs2/bs2.csv,0.0
1602351497902,0,0.0,0.0,slice_mixed,rome_slow_close,tr0,exp1,bs2,data/colosseum-oran-commag-dataset/slice_mixed/rome_slow_close/tr0/exp1/bs2/bs2.csv,0.0
1602351498152,0,0.0,0.0,slice_mixed,rome_slow_close,tr0,exp1,bs2,data/colosseum-oran-commag-dataset/slice_mixed/rome_slow_close/tr0/exp1/bs2/bs2.csv,0.0
1602351498402,0,0.0,0.0,slice_mixed,rome_slow_close,tr0,exp1,bs2,data/colosseum-oran-commag-dataset/slice_mixed/rome_slow_close/tr0/exp1/bs2/bs2.csv,0.0
1602351498652,0,0.0,0.0,slice_mixed,rome_slow_close,tr0,exp1,bs2,data/colosseum-oran-commag-dataset/slice_mixed/rome_slow_close/tr0/exp1/bs2/bs2.csv,0.0
1602351498902,0,0.0,0.0,slice_mixed,rome_slow_close,tr0,exp1,bs2,data/colosseum-oran-commag-dataset/slice_mixed/rome_slow_close/tr0/exp1/bs2/bs2.csv,0.0
1602351499152,0,0.0,0.0,slice_mixed,rome_slow_close,tr0,exp1,bs2,data/colosseum-oran-commag-dataset/slice_mixed/rome_slow_close/tr0/exp1/bs2/bs2.csv,0.0
1602351499402,0,0.0,0.0,slice_mixed,rome_slow_close,tr0,exp1,bs2,data/colosseum-oran-commag-dataset/slice_mixed/rome_slow_close/tr0/exp1/bs2/bs2.csv,0.0
1602351499652,0,0.0,0.0,slice_mixed,rome_slow_close,tr0,exp1,bs2,data/colosseum-oran-commag-dataset/slice_mixed/rome_slow_close/tr0/exp1/bs2/bs2.csv,0.0
1602351499902,0,0.0,0.0,slice_mixed,rome_slow_close,tr0,exp1,bs2,data/colosseum-oran-commag-dataset/slice_mixed/rome_slow_close/tr0/exp1/bs2/bs2.csv,0.0
1602351500152,0,0.0,0.0,slice_mixed,rome_slow_close,tr0,exp1,bs2,data/colosseum-oran-commag-dataset/slice_mixed/rome_slow_close/tr0/exp1/bs2/bs2.csv,0.0
1602351500402,0,0.0,0.0,slice_mixed,rome_slow_close,tr0,exp1,bs2,data/colosseum-oran-commag-dataset/slice_mixed/rome_slow_close/tr0/exp1/bs2/bs2.csv,0.0
1602351500652,0,0.0,0.0,slice_mixed,rome_slow_close,tr0,exp1,bs2,data/colosseum-oran-commag-dataset/slice_mixed/rome_slow_close/tr0/exp1/bs2/bs2.csv,0.0
1602351500902,0,0.0,0.0,slice_mixed,rome_slow_close,tr0,exp1,bs2,data/colosseum-oran-commag-dataset/slice_mixed/rome_slow_close/tr0/exp1/bs2/bs2.csv,0.0
1602351501152,0,0.0,0.0,slice_mixed,rome_slow_close,tr0,exp1,bs2,data/colosseum-oran-commag-dataset/slice_mixed/rome_slow_close/tr0/exp1/bs2/bs2.csv,0.0
1602351501402,0,0.0,0.0,slice_mixed,rome_slow_close,tr0,exp1,bs2,data/colosseum-oran-commag-dataset/slice_mixed/rome_slow_close/tr0/exp1/bs2/bs2.csv,0.0
1602351501652,0,0.0,0.0,slice_mixed,rome_slow_close,tr0,exp1,bs2,data/colosseum-oran-commag-dataset/slice_mixed/rome_slow_close/tr0/exp1/bs2/bs2.csv,0.0
1602351501902,0,0.0,0.0,slice_mixed,rome_slow_close,tr0,exp1,bs2,data/colosseum-oran-commag-dataset/slice_mixed/rome_slow_close/tr0/exp1/bs2/bs2.csv,0.0
1602351502152,0,0.0,0.0,slice_mixed,rome_slow_close,tr0,exp1,bs2,data/colosseum-oran-commag-dataset/slice_mixed/rome_slow_close/tr0/exp1/bs2/bs2.csv,0.0
1602351502402,0,0.0,0.0,slice_mixed,rome_slow_close,tr0,exp1,bs2,data/colosseum-oran-commag-dataset/slice_mixed/rome_slow_close/tr0/exp1/bs2/bs2.csv,0.0
1602351502652,1,1049.180298,230.0,slice_mixed,rome_slow_close,tr0,exp1,bs2,data/colosseum-oran-commag-dataset/slice_mixed/rome_slow_close/tr0/exp1/bs2/bs2.csv,1279.180298
1602351502902,1,3776.0,57024.0,slice_mixed,rome_slow_close,tr0,exp1,bs2,data/colosseum-oran-commag-dataset/slice_mixed/rome_slow_close/tr0/exp1/bs2/bs2.csv,60800.0
1602351503152,1,5664.0,76128.0,slice_mixed,rome_slow_close,tr0,exp1,bs2,data/colosseum-oran-commag-dataset/slice_mixed/rome_slow_close/tr0/exp1/bs2/bs2.csv,81792.0
1602351503402,4,396639.8125,325110.4375,slice_mixed,rome_slow_close,tr0,exp1,bs2,data/colosseum-oran-commag-dataset/slice_mixed/rome_slow_close/tr0/exp1/bs2/bs2.csv,721750.25
1602351503653,7,558859.75,1290.575928,slice_mixed,rome_slow_close,tr0,exp1,bs2,data/colosseum-oran-commag-dataset/slice_mixed/rome_slow_close/tr0/exp1/bs2/bs2.csv,560150.325928
1602351503903,10,578955.0625,81232.429688,slice_mixed,rome_slow_close,tr0,exp1,bs2,data/colosseum-oran-commag-dataset/slice_mixed/rome_slow_close/tr0/exp1/bs2/bs2.csv,660187.492188
1602351504153,11,571987.625,126441.289062,slice_mixed,rome_slow_close,tr0,exp1,bs2,data/colosseum-oran-commag-dataset/slice_mixed/rome_slow_close/tr0/exp1/bs2/bs2.csv,698428.914062
1602351504403,10,667072.0,403488.0,slice_mixed,rome_slow_close,tr0,exp1,bs2,data/colosseum-oran-commag-dataset/slice_mixed/rome_slow_close/tr0/exp1/bs2/bs2.csv,1070560.0
1602351504653,10,790336.0,65248.0,slice_mixed,rome_slow_close,tr0,exp1,bs2,data/colosseum-oran-commag-dataset/slice_mixed/rome_slow_close/tr0/exp1/bs2/bs2.csv,855584.0
1602351504903,10,974144.0,422784.0,slice_mixed,rome_slow_close,tr0,exp1,bs2,data/colosseum-oran-commag-dataset/slice_mixed/rome_slow_close/tr0/exp1/bs2/bs2.csv,1396928.0
1602351505153,10,1111648.0,52896.0,slice_mixed,rome_slow_close,tr0,exp1,bs2,data/colosseum-oran-commag-dataset/slice_mixed/rome_slow_close/tr0/exp1/bs2/bs2.csv,1164544.0
1602351505403,10,943168.0,184480.0,slice_mixed,rome_slow_close,tr0,exp1,bs2,data/colosseum-oran-commag-dataset/slice_mixed/rome_slow_close/tr0/exp1/bs2/bs2.csv,1127648.0
1602351505652,10,864640.0,195840.0,slice_mixed,rome_slow_close,tr0,exp1,bs2,data/colosseum-oran-commag-dataset/slice_mixed/rome_slow_close/tr0/exp1/bs2/bs2.csv,1060480.0
1602351505902,10,872960.0,157600.0,slice_mixed,rome_slow_close,tr0,exp1,bs2,data/colosseum-oran-commag-dataset/slice_mixed/rome_slow_close/tr0/exp1/bs2/bs2.csv,1030560.0
1602351506152,10,950624.0,97888.0,slice_mixed,rome_slow_close,tr0,exp1,bs2,data/colosseum-oran-commag-dataset/slice_mixed/rome_slow_close/tr0/exp1/bs2/bs2.csv,1048512.0
1602351506402,10,795264.0,99712.0,slice_mixed,rome_slow_close,tr0,exp1,bs2,data/colosseum-oran-commag-dataset/slice_mixed/rome_slow_close/tr0/exp1/bs2/bs2.csv,894976.0
1602351506653,10,899488.0,74784.0,slice_mixed,rome_slow_close,tr0,exp1,bs2,data/colosseum-oran-commag-dataset/slice_mixed/rome_slow_close/tr0/exp1/bs2/bs2.csv,974272.0
1602351506903,10,869056.0,45248.0,slice_mixed,rome_slow_close,tr0,exp1,bs2,data/colosseum-oran-commag-dataset/slice_mixed/rome_slow_close/tr0/exp1/bs2/bs2.csv,914304.0
1602351507152,10,752800.0,0.0,slice_mixed,rome_slow_close,tr0,exp1,bs2,data/colosseum-oran-commag-dataset/slice_mixed/rome_slow_close/tr0/exp1/bs2/bs2.csv,752800.0
1602351507403,10,880320.0,96480.0,slice_mixed,rome_slow_close,tr0,exp1,bs2,data/colosseum-oran-commag-dataset/slice_mixed/rome_slow_close/tr0/exp1/bs2/bs2.csv,976800.0
1602351507652,10,813056.0,7840.0,slice_mixed,rome_slow_close,tr0,exp1,bs2,data/colosseum-oran-commag-dataset/slice_mixed/rome_slow_close/tr0/exp1/bs2/bs2.csv,820896.0
1602351507902,10,989216.0,79840.0,slice_mixed,rome_slow_close,tr0,exp1,bs2,data/colosseum-oran-commag-dataset/slice_mixed/rome_slow_close/tr0/exp1/bs2/bs2.csv,1069056.0
1602351508153,10,819840.0,13632.0,slice_mixed,rome_slow_close,tr0,exp1,bs2,data/colosseum-oran-commag-dataset/slice_mixed/rome_slow_close/tr0/exp1/bs2/bs2.csv,833472.0
1602351508403,10,720480.0,125312.0,slice_mixed,rome_slow_close,tr0,exp1,bs2,data/colosseum-oran-commag-dataset/slice_mixed/rome_slow_close/tr0/exp1/bs2/bs2.csv,845792.0
1602351508653,10,661216.0,4160.0,slice_mixed,rome_slow_close,tr0,exp1,bs2,data/colosseum-oran-commag-dataset/slice_mixed/rome_slow_close/tr0/exp1/bs2/bs2.csv,665376.0
1602351508902,10,1393984.0,65600.0,slice_mixed,rome_slow_close,tr0,exp1,bs2,data/colosseum-oran-commag-dataset/slice_mixed/rome_slow_close/tr0/exp1/bs2/bs2.csv,1459584.0
1602351509153,10,1205840.25,0.0,slice_mixed,rome_slow_close,tr0,exp1,bs2,data/colosseum-oran-commag-dataset/slice_mixed/rome_slow_close/tr0/exp1/bs2/bs2.csv,1205840.25
1602351509402,10,931847.125,100142.789062,slice_mixed,rome_slow_close,tr0,exp1,bs2,data/colosseum-oran-commag-dataset/slice_mixed/rome_slow_close/tr0/exp1/bs2/bs2.csv,1031989.914062
1602351509653,10,806208.0,18624.0,slice_mixed,rome_slow_close,tr0,exp1,bs2,data/colosseum-oran-commag-dataset/slice_mixed/rome_slow_close/tr0/exp1/bs2/bs2.csv,824832.0
1602351509903,10,666912.0,64864.0,slice_mixed,rome_slow_close,tr0,exp1,bs2,data/colosseum-oran-commag-dataset/slice_mixed/rome_slow_close/tr0/exp1/bs2/bs2.csv,731776.0
1602351510153,10,657632.0,0.0,slice_mixed,rome_slow_close,tr0,exp1,bs2,data/colosseum-oran-commag-dataset/slice_mixed/rome_slow_close/tr0/exp1/bs2/bs2.csv,657632.0
1602351510403,10,729536.0,105856.0,slice_mixed,rome_slow_close,tr0,exp1,bs2,data/colosseum-oran-commag-dataset/slice_mixed/rome_slow_close/tr0/exp1/bs2/bs2.csv,835392.0
1602351510653,10,727296.0,0.0,slice_mixed,rome_slow_close,tr0,exp1,bs2,data/colosseum-oran-commag-dataset/slice_mixed/rome_slow_close/tr0/exp1/bs2/bs2.csv,727296.0
1602351510903,10,876160.0,50528.0,slice_mixed,rome_slow_close,tr0,exp1,bs2,data/colosseum-oran-commag-dataset/slice_mixed/rome_slow_close/tr0/exp1/bs2/bs2.csv,926688.0
1602351511153,10,689504.0,0.0,slice_mixed,rome_slow_close,tr0,exp1,bs2,data/colosseum-oran-commag-dataset/slice_mixed/rome_slow_close/tr0/exp1/bs2/bs2.csv,689504.0
1602351511403,10,734208.0,90208.0,slice_mixed,rome_slow_close,tr0,exp1,bs2,data/colosseum-oran-commag-dataset/slice_mixed/rome_slow_close/tr0/exp1/bs2/bs2.csv,824416.0
1602351511653,10,709600.0,14528.0,slice_mixed,rome_slow_close,tr0,exp1,bs2,data/colosseum-oran-commag-dataset/slice_mixed/rome_slow_close/tr0/exp1/bs2/bs2.csv,724128.0
1602351511902,10,1099648.0,75456.0,slice_mixed,rome_slow_close,tr0,exp1,bs2,data/colosseum-oran-commag-dataset/slice_mixed/rome_slow_close/tr0/exp1/bs2/bs2.csv,1175104.0
1602351512152,10,744832.0,18752.0,slice_mixed,rome_slow_close,tr0,exp1,bs2,data/colosseum-oran-commag-dataset/slice_mixed/rome_slow_close/tr0/exp1/bs2/bs2.csv,763584.0
1602351512403,10,750112.0,112480.0,slice_mixed,rome_slow_close,tr0,exp1,bs2,data/colosseum-oran-commag-dataset/slice_mixed/rome_slow_close/tr0/exp1/bs2/bs2.csv,862592.0
1602351512652,10,622816.0,22176.0,slice_mixed,rome_slow_close,tr0,exp1,bs2,data/colosseum-oran-commag-dataset/slice_mixed/rome_slow_close/tr0/exp1/bs2/bs2.csv,644992.0
1602351512902,10,758784.0,64544.0,slice_mixed,rome_slow_close,tr0,exp1,bs2,data/colosseum-oran-commag-dataset/slice_mixed/rome_slow_close/tr0/exp1/bs2/bs2.csv,823328.0
1602351513152,10,712160.0,30688.0,slice_mixed,rome_slow_close,tr0,exp1,bs2,data/colosseum-oran-commag-dataset/slice_mixed/rome_slow_close/tr0/exp1/bs2/bs2.csv,742848.0
1602351513402,10,786752.0,129632.0,slice_mixed,rome_slow_close,tr0,exp1,bs2,data/colosseum-oran-commag-dataset/slice_mixed/rome_slow_close/tr0/exp1/bs2/bs2.csv,916384.0
1602351513671,9,593641.8125,30477.613281,slice_mixed,rome_slow_close,tr0,exp1,bs2,data/colosseum-oran-commag-dataset/slice_mixed/rome_slow_close/tr0/exp1/bs2/bs2.csv,624119.425781
1602351513902,9,841724.125,50586.207031,slice_mixed,rome_slow_close,tr0,exp1,bs2,data/colosseum-oran-commag-dataset/slice_mixed/rome_slow_close/tr0/exp1/bs2/bs2.csv,892310.3320309999
1602351514152,9,689184.0,25952.0,slice_mixed,rome_slow_close,tr0,exp1,bs2,data/colosseum-oran-commag-dataset/slice_mixed/rome_slow_close/tr0/exp1/bs2/bs2.csv,715136.0
1602351514403,9,679232.0,57280.0,slice_mixed,rome_slow_close,tr0,exp1,bs2,data/colosseum-oran-commag-dataset/slice_mixed/rome_slow_close/tr0/exp1/bs2/bs2.csv,736512.0
1602351514652,9,646560.0,39712.0,slice_mixed,rome_slow_close,tr0,exp1,bs2,data/colosseum-oran-commag-dataset/slice_mixed/rome_slow_close/tr0/exp1/bs2/bs2.csv,686272.0
1602351514903,9,671936.0,10784.0,slice_mixed,rome_slow_close,tr0,exp1,bs2,data/colosseum-oran-commag-dataset/slice_mixed/rome_slow_close/tr0/exp1/bs2/bs2.csv,682720.0
1602351515153,9,754432.0,40864.0,slice_mixed,rome_slow_close,tr0,exp1,bs2,data/colosseum-oran-commag-dataset/slice_mixed/rome_slow_close/tr0/exp1/bs2/bs2.csv,795296.0
1602351515402,9,578272.0,100000.0,slice_mixed,rome_slow_close,tr0,exp1,bs2,data/colosseum-oran-commag-dataset/slice_mixed/rome_slow_close/tr0/exp1/bs2/bs2.csv,678272.0
1602351515653,9,772256.0,8512.0,slice_mixed,rome_slow_close,tr0,exp1,bs2,data/colosseum-oran-commag-dataset/slice_mixed/rome_slow_close/tr0/exp1/bs2/bs2.csv,780768.0
1602351515903,9,655552.0,64736.0,slice_mixed,rome_slow_close,tr0,exp1,bs2,data/colosseum-oran-commag-dataset/slice_mixed/rome_slow_close/tr0/exp1/bs2/bs2.csv,720288.0
1602351516153,9,712704.0,0.0,slice_mixed,rome_slow_close,tr0,exp1,bs2,data/colosseum-oran-commag-dataset/slice_mixed/rome_slow_close/tr0/exp1/bs2/bs2.csv,712704.0
1602351516402,9,754088.375,111742.96875,slice_mixed,rome_slow_close,tr0,exp1,bs2,data/colosseum-oran-commag-dataset/slice_mixed/rome_slow_close/tr0/exp1/bs2/bs2.csv,865831.34375
1602351516652,9,680988.0625,0.0,slice_mixed,rome_slow_close,tr0,exp1,bs2,data/colosseum-oran-commag-dataset/slice_mixed/rome_slow_close/tr0/exp1/bs2/bs2.csv,680988.0625
1602351516902,9,676832.0,66880.0,slice_mixed,rome_slow_close,tr0,exp1,bs2,data/colosseum-oran-commag-dataset/slice_mixed/rome_slow_close/tr0/exp1/bs2/bs2.csv,743712.0
1602351517153,9,825344.0,6848.0,slice_mixed,rome_slow_close,tr0,exp1,bs2,data/colosseum-oran-commag-dataset/slice_mixed/rome_slow_close/tr0/exp1/bs2/bs2.csv,832192.0
1602351517403,9,763424.0,75808.0,slice_mixed,rome_slow_close,tr0,exp1,bs2,data/colosseum-oran-commag-dataset/slice_mixed/rome_slow_close/tr0/exp1/bs2/bs2.csv,839232.0
1602351517653,9,816224.0,52128.0,slice_mixed,rome_slow_close,tr0,exp1,bs2,data/colosseum-oran-commag-dataset/slice_mixed/rome_slow_close/tr0/exp1/bs2/bs2.csv,868352.0
1602351517903,9,780832.0,87840.0,slice_mixed,rome_slow_close,tr0,exp1,bs2,data/colosseum-oran-commag-dataset/slice_mixed/rome_slow_close/tr0/exp1/bs2/bs2.csv,868672.0
1602351518153,9,725248.0,9376.0,slice_mixed,rome_slow_close,tr0,exp1,bs2,data/colosseum-oran-commag-dataset/slice_mixed/rome_slow_close/tr0/exp1/bs2/bs2.csv,734624.0
1602351518402,9,518912.0,89888.0,slice_mixed,rome_slow_close,tr0,exp1,bs2,data/colosseum-oran-commag-dataset/slice_mixed/rome_slow_close/tr0/exp1/bs2/bs2.csv,608800.0
1602351518652,9,672832.0,0.0,slice_mixed,rome_slow_close,tr0,exp1,bs2,data/colosseum-oran-commag-dataset/slice_mixed/rome_slow_close/tr0/exp1/bs2/bs2.csv,672832.0
1602351518902,9,650496.0,59552.0,slice_mixed,rome_slow_close,tr0,exp1,bs2,data/colosseum-oran-commag-dataset/slice_mixed/rome_slow_close/tr0/exp1/bs2/bs2.csv,710048.0
1602351519152,9,825728.0,7200.0,slice_mixed,rome_slow_close,tr0,exp1,bs2,data/colosseum-oran-commag-dataset/slice_mixed/rome_slow_close/tr0/exp1/bs2/bs2.csv,832928.0
1602351519402,8,712032.0,259584.0,slice_mixed,rome_slow_close,tr0,exp1,bs2,data/colosseum-oran-commag-dataset/slice_mixed/rome_slow_close/tr0/exp1/bs2/bs2.csv,971616.0
1602351519652,8,1012512.0,35872.0,slice_mixed,rome_slow_close,tr0,exp1,bs2,data/colosseum-oran-commag-dataset/slice_mixed/rome_slow_close/tr0/exp1/bs2/bs2.csv,1048384.0
1602351519902,8,1011744.0,51040.0,slice_mixed,rome_slow_close,tr0,exp1,bs2,data/colosseum-oran-commag-dataset/slice_mixed/rome_slow_close/tr0/exp1/bs2/bs2.csv,1062784.0
1602351520153,8,732800.0,4704.0,slice_mixed,rome_slow_close,tr0,exp1,bs2,data/colosseum-oran-commag-dataset/slice_mixed/rome_slow_close/tr0/exp1/bs2/bs2.csv,737504.0
1602351520402,8,930560.0,153088.0,slice_mixed,rome_slow_close,tr0,exp1,bs2,data/colosseum-oran-commag-dataset/slice_mixed/rome_slow_close/tr0/exp1/bs2/bs2.csv,1083648.0
1602351520652,8,927232.0,14048.0,slice_mixed,rome_slow_close,tr0,exp1,bs2,data/colosseum-oran-commag-dataset/slice_mixed/rome_slow_close/tr0/exp1/bs2/bs2.csv,941280.0
1602351520902,8,797728.0,100704.0,slice_mixed,rome_slow_close,tr0,exp1,bs2,data/colosseum-oran-commag-dataset/slice_mixed/rome_slow_close/tr0/exp1/bs2/bs2.csv,898432.0
1602351521153,8,708512.0,10944.0,slice_mixed,rome_slow_close,tr0,exp1,bs2,data/colosseum-oran-commag-dataset/slice_mixed/rome_slow_close/tr0/exp1/bs2/bs2.csv,719456.0
1602351521403,8,890048.0,152992.0,slice_mixed,rome_slow_close,tr0,exp1,bs2,data/colosseum-oran-commag-dataset/slice_mixed/rome_slow_close/tr0/exp1/bs2/bs2.csv,1043040.0
1602351521653,10,781208.75,11819.420898,slice_mixed,rome_slow_close,tr0,exp1,bs2,data/colosseum-oran-commag-dataset/slice_mixed/rome_slow_close/tr0/exp1/bs2/bs2.csv,793028.170898
1602351521902,10,894880.0,59904.0,slice_mixed,rome_slow_close,tr0,exp1,bs2,data/colosseum-oran-commag-dataset/slice_mixed/rome_slow_close/tr0/exp1/bs2/bs2.csv,954784.0
1602351522153,10,816800.0,0.0,slice_mixed,rome_slow_close,tr0,exp1,bs2,data/colosseum-oran-commag-dataset/slice_mixed/rome_slow_close/tr0/exp1/bs2/bs2.csv,816800.0
1602351522403,10,908768.0,132448.0,slice_mixed,rome_slow_close,tr0,exp1,bs2,data/colosseum-oran-commag-dataset/slice_mixed/rome_slow_close/tr0/exp1/bs2/bs2.csv,1041216.0
1602351522652,8,764896.0,10784.0,slice_mixed,rome_slow_close,tr0,exp1,bs2,data/colosseum-oran-commag-dataset/slice_mixed/rome_slow_close/tr0/exp1/bs2/bs2.csv,775680.0
1602351522902,8,827264.0,112096.0,slice_mixed,rome_slow_close,tr0,exp1,bs2,data/colosseum-oran-commag-dataset/slice_mixed/rome_slow_close/tr0/exp1/bs2/bs2.csv,939360.0
1602351523153,8,926720.0,0.0,slice_mixed,rome_slow_close,tr0,exp1,bs2,data/colosseum-oran-commag-dataset/slice_mixed/rome_slow_close/tr0/exp1/bs2/bs2.csv,926720.0
1602351523403,8,872256.0,195232.0,slice_mixed,rome_slow_close,tr0,exp1,bs2,data/colosseum-oran-commag-dataset/slice_mixed/rome_slow_close/tr0/exp1/bs2/bs2.csv,1067488.0
1602351523652,8,943232.0,23552.0,slice_mixed,rome_slow_close,tr0,exp1,bs2,data/colosseum-oran-commag-dataset/slice_mixed/rome_slow_close/tr0/exp1/bs2/bs2.csv,966784.0
1602351523903,8,1517632.0,61024.0,slice_mixed,rome_slow_close,tr0,exp1,bs2,data/colosseum-oran-commag-dataset/slice_mixed/rome_slow_close/tr0/exp1/bs2/bs2.csv,1578656.0
1602351524153,8,1072864.0,0.0,slice_mixed,rome_slow_close,tr0,exp1,bs2,data/colosseum-oran-commag-dataset/slice_mixed/rome_slow_close/tr0/exp1/bs2/bs2.csv,1072864.0
1602351524403,8,763936.0,158688.0,slice_mixed,rome_slow_close,tr0,exp1,bs2,data/colosseum-oran-commag-dataset/slice_mixed/rome_slow_close/tr0/exp1/bs2/bs2.csv,922624.0
1602351524653,10,860672.0,0.0,slice_mixed,rome_slow_close,tr0,exp1,bs2,data/colosseum-oran-commag-dataset/slice_mixed/rome_slow_close/tr0/exp1/bs2/bs2.csv,860672.0
1602351524903,9,852690.75,50088.351562,slice_mixed,rome_slow_close,tr0,exp1,bs2,data/colosseum-oran-commag-dataset/slice_mixed/rome_slow_close/tr0/exp1/bs2/bs2.csv,902779.101562
1602351525153,8,805864.5625,2581.67334,slice_mixed,rome_slow_close,tr0,exp1,bs2,data/colosseum-oran-commag-dataset/slice_mixed/rome_slow_close/tr0/exp1/bs2/bs2.csv,808446.23584
1602351525402,8,794400.0,72576.0,slice_mixed,rome_slow_close,tr0,exp1,bs2,data/colosseum-oran-commag-dataset/slice_mixed/rome_slow_close/tr0/exp1/bs2/bs2.csv,866976.0
1602351525652,8,787008.0,145376.0,slice_mixed,rome_slow_close,tr0,exp1,bs2,data/colosseum-oran-commag-dataset/slice_mixed/rome_slow_close/tr0/exp1/bs2/bs2.csv,932384.0
1602351525902,8,695744.0,53920.0,slice_mixed,rome_slow_close,tr0,exp1,bs2,data/colosseum-oran-commag-dataset/slice_mixed/rome_slow_close/tr0/exp1/bs2/bs2.csv,749664.0
1602351526152,8,879296.0,0.0,slice_mixed,rome_slow_close,tr0,exp1,bs2,data/colosseum-oran-commag-dataset/slice_mixed/rome_slow_close/tr0/exp1/bs2/bs2.csv,879296.0
1602351526403,8,829568.0,95136.0,slice_mixed,rome_slow_close,tr0,exp1,bs2,data/colosseum-oran-commag-dataset/slice_mixed/rome_slow_close/tr0/exp1/bs2/bs2.csv,924704.0
1602351526652,8,842560.0,35072.0,slice_mixed,rome_slow_close,tr0,exp1,bs2,data/colosseum-oran-commag-dataset/slice_mixed/rome_slow_close/tr0/exp1/bs2/bs2.csv,877632.0
1602351526902,8,760192.0,88832.0,slice_mixed,rome_slow_close,tr0,exp1,bs2,data/colosseum-oran-commag-dataset/slice_mixed/rome_slow_close/tr0/exp1/bs2/bs2.csv,849024.0
1602351527152,8,1001824.0,27520.0,slice_mixed,rome_slow_close,tr0,exp1,bs2,data/colosseum-oran-commag-dataset/slice_mixed/rome_slow_close/tr0/exp1/bs2/bs2.csv,1029344.0
1602351527402,8,855104.0,139392.0,slice_mixed,rome_slow_close,tr0,exp1,bs2,data/colosseum-oran-commag-dataset/slice_mixed/rome_slow_close/tr0/exp1/bs2/bs2.csv,994496.0
1602351527652,8,832736.0,1568.0,slice_mixed,rome_slow_close,tr0,exp1,bs2,data/colosseum-oran-commag-dataset/slice_mixed/rome_slow_close/tr0/exp1/bs2/bs2.csv,834304.0
1602351527903,8,776928.0,76384.0,slice_mixed,rome_slow_close,tr0,exp1,bs2,data/colosseum-oran-commag-dataset/slice_mixed/rome_slow_close/tr0/exp1/bs2/bs2.csv,853312.0
1602351528152,8,853312.0,11936.0,slice_mixed,rome_slow_close,tr0,exp1,bs2,data/colosseum-oran-commag-dataset/slice_mixed/rome_slow_close/tr0/exp1/bs2/bs2.csv,865248.0
1602351528402,8,854592.0,165120.0,slice_mixed,rome_slow_close,tr0,exp1,bs2,data/colosseum-oran-commag-dataset/slice_mixed/rome_slow_close/tr0/exp1/bs2/bs2.csv,1019712.0
1602351528653,8,901056.0,0.0,slice_mixed,rome_slow_close,tr0,exp1,bs2,data/colosseum-oran-commag-dataset/slice_mixed/rome_slow_close/tr0/exp1/bs2/bs2.csv,901056.0
1602351528903,8,818784.0,93056.0,slice_mixed,rome_slow_close,tr0,exp1,bs2,data/colosseum-oran-commag-dataset/slice_mixed/rome_slow_close/tr0/exp1/bs2/bs2.csv,911840.0
1602351529153,9,793920.0,1568.0,slice_mixed,rome_slow_close,tr0,exp1,bs2,data/colosseum-oran-commag-dataset/slice_mixed/rome_slow_close/tr0/exp1/bs2/bs2.csv,795488.0
1602351529403,10,713280.0,119042.203125,slice_mixed,rome_slow_close,tr0,exp1,bs2,data/colosseum-oran-commag-dataset/slice_mixed/rome_slow_close/tr0/exp1/bs2/bs2.csv,832322.203125
1602351529653,10,782420.875,229.0,slice_mixed,rome_slow_close,tr0,exp1,bs2,data/colosseum-oran-commag-dataset/slice_mixed/rome_slow_close/tr0/exp1/bs2/bs2.csv,782649.875
1602351529903,10,655560.0,70953.25,slice_mixed,rome_slow_close,tr0,exp1,bs2,data/colosseum-oran-commag-dataset/slice_mixed/rome_slow_close/tr0/exp1/bs2/bs2.csv,726513.25
1602351530153,10,647831.0625,7200.0,slice_mixed,rome_slow_close,tr0,exp1,bs2,data/colosseum-oran-commag-dataset/slice_mixed/rome_slow_close/tr0/exp1/bs2/bs2.csv,655031.0625
1602351530403,9,832608.0,170144.0,slice_mixed,rome_slow_close,tr0,exp1,bs2,data/colosseum-oran-commag-dataset/slice_mixed/rome_slow_close/tr0/exp1/bs2/bs2.csv,1002752.0
1602351530653,8,804058.875,14400.0,slice_mixed,rome_slow_close,tr0,exp1,bs2,data/colosseum-oran-commag-dataset/slice_mixed/rome_slow_close/tr0/exp1/bs2/bs2.csv,818458.875
1602351530903,8,984072.25,63712.0,slice_mixed,rome_slow_close,tr0,exp1,bs2,data/colosseum-oran-commag-dataset/slice_mixed/rome_slow_close/tr0/exp1/bs2/bs2.csv,1047784.25
1602351531153,8,894368.0,5824.0,slice_mixed,rome_slow_close,tr0,exp1,bs2,data/colosseum-oran-commag-dataset/slice_mixed/rome_slow_close/tr0/exp1/bs2/bs2.csv,900192.0
1602351531403,8,631862.125,150038.5,slice_mixed,rome_slow_close,tr0,exp1,bs2,data/colosseum-oran-commag-dataset/slice_mixed/rome_slow_close/tr0/exp1/bs2/bs2.csv,781900.625
1602351531653,8,851303.625,34553.753906,slice_mixed,rome_slow_close,tr0,exp1,bs2,data/colosseum-oran-commag-dataset/slice_mixed/rome_slow_close/tr0/exp1/bs2/bs2.csv,885857.3789059999
1602351531902,8,707264.0,83328.0,slice_mixed,rome_slow_close,tr0,exp1,bs2,data/colosseum-oran-commag-dataset/slice_mixed/rome_slow_close/tr0/exp1/bs2/bs2.csv,790592.0
1602351532152,8,776320.0,0.0,slice_mixed,rome_slow_close,tr0,exp1,bs2,data/colosseum-oran-commag-dataset/slice_mixed/rome_slow_close/tr0/exp1/bs2/bs2.csv,776320.0
1602351532402,8,782912.0,154688.0,slice_mixed,rome_slow_close,tr0,exp1,bs2,data/colosseum-oran-commag-dataset/slice_mixed/rome_slow_close/tr0/exp1/bs2/bs2.csv,937600.0
1602351532652,8,856992.0,30720.0,slice_mixed,rome_slow_close,tr0,exp1,bs2,data/colosseum-oran-commag-dataset/slice_mixed/rome_slow_close/tr0/exp1/bs2/bs2.csv,887712.0
1602351532902,8,1941120.0,80704.0,slice_mixed,rome_slow_close,tr0,exp1,bs2,data/colosseum-oran-commag-dataset/slice_mixed/rome_slow_close/tr0/exp1/bs2/bs2.csv,2021824.0
1602351533153,9,1429088.0,8410.181641,slice_mixed,rome_slow_close,tr0,exp1,bs2,data/colosseum-oran-commag-dataset/slice_mixed/rome_slow_close/tr0/exp1/bs2/bs2.csv,1437498.181641
1602351533402,9,780704.0,86528.0,slice_mixed,rome_slow_close,tr0,exp1,bs2,data/colosseum-oran-commag-dataset/slice_mixed/rome_slow_close/tr0/exp1/bs2/bs2.csv,867232.0
1602351533653,8,830057.625,0.0,slice_mixed,rome_slow_close,tr0,exp1,bs2,data/colosseum-oran-commag-dataset/slice_mixed/rome_slow_close/tr0/exp1/bs2/bs2.csv,830057.625
1602351533902,8,1007429.375,107649.65625,slice_mixed,rome_slow_close,tr0,exp1,bs2,data/colosseum-oran-commag-dataset/slice_mixed/rome_slow_close/tr0/exp1/bs2/bs2.csv,1115079.03125
1602351534153,8,962400.0,0.0,slice_mixed,rome_slow_close,tr0,exp1,bs2,data/colosseum-oran-commag-dataset/slice_mixed/rome_slow_close/tr0/exp1/bs2/bs2.csv,962400.0
1602351534402,8,708800.0,176448.0,slice_mixed,rome_slow_close,tr0,exp1,bs2,data/colosseum-oran-commag-dataset/slice_mixed/rome_slow_close/tr0/exp1/bs2/bs2.csv,885248.0
1602351534652,8,839840.0,37056.0,slice_mixed,rome_slow_close,tr0,exp1,bs2,data/colosseum-oran-commag-dataset/slice_mixed/rome_slow_close/tr0/exp1/bs2/bs2.csv,876896.0
1602351534902,8,817120.0,60512.0,slice_mixed,rome_slow_close,tr0,exp1,bs2,data/colosseum-oran-commag-dataset/slice_mixed/rome_slow_close/tr0/exp1/bs2/bs2.csv,877632.0
1602351535152,8,774971.9375,0.0,slice_mixed,rome_slow_close,tr0,exp1,bs2,data/colosseum-oran-commag-dataset/slice_mixed/rome_slow_close/tr0/exp1/bs2/bs2.csv,774971.9375
1602351535403,8,737832.25,109183.875,slice_mixed,rome_slow_close,tr0,exp1,bs2,data/colosseum-oran-commag-dataset/slice_mixed/rome_slow_close/tr0/exp1/bs2/bs2.csv,847016.125
1602351535653,8,686368.0,99776.0,slice_mixed,rome_slow_close,tr0,exp1,bs2,data/colosseum-oran-commag-dataset/slice_mixed/rome_slow_close/tr0/exp1/bs2/bs2.csv,786144.0
1602351535902,8,904704.0,57408.0,slice_mixed,rome_slow_close,tr0,exp1,bs2,data/colosseum-oran-commag-dataset/slice_mixed/rome_slow_close/tr0/exp1/bs2/bs2.csv,962112.0
1602351536152,8,723136.0,0.0,slice_mixed,rome_slow_close,tr0,exp1,bs2,data/colosseum-oran-commag-dataset/slice_mixed/rome_slow_close/tr0/exp1/bs2/bs2.csv,723136.0
1602351536403,8,1045376.0,58016.0,slice_mixed,rome_slow_close,tr0,exp1,bs2,data/colosseum-oran-commag-dataset/slice_mixed/rome_slow_close/tr0/exp1/bs2/bs2.csv,1103392.0
1602351536653,8,563264.0,56000.0,slice_mixed,rome_slow_close,tr0,exp1,bs2,data/colosseum-oran-commag-dataset/slice_mixed/rome_slow_close/tr0/exp1/bs2/bs2.csv,619264.0
1602351536903,8,754368.0,122336.0,slice_mixed,rome_slow_close,tr0,exp1,bs2,data/colosseum-oran-commag-dataset/slice_mixed/rome_slow_close/tr0/exp1/bs2/bs2.csv,876704.0
1602351537153,8,804768.0,0.0,slice_mixed,rome_slow_close,tr0,exp1,bs2,data/colosseum-oran-commag-dataset/slice_mixed/rome_slow_close/tr0/exp1/bs2/bs2.csv,804768.0
1602351537403,8,967228.9375,126040.164062,slice_mixed,rome_slow_close,tr0,exp1,bs2,data/colosseum-oran-commag-dataset/slice_mixed/rome_slow_close/tr0/exp1/bs2/bs2.csv,1093269.1015619999
1602351537653,8,1006291.375,23488.0,slice_mixed,rome_slow_close,tr0,exp1,bs2,data/colosseum-oran-commag-dataset/slice_mixed/rome_slow_close/tr0/exp1/bs2/bs2.csv,1029779.375
1602351537902,8,937402.625,48273.09375,slice_mixed,rome_slow_close,tr0,exp1,bs2,data/colosseum-oran-commag-dataset/slice_mixed/rome_slow_close/tr0/exp1/bs2/bs2.csv,985675.71875
1602351538152,8,778932.25,0.0,slice_mixed,rome_slow_close,tr0,exp1,bs2,data/colosseum-oran-commag-dataset/slice_mixed/rome_slow_close/tr0/exp1/bs2/bs2.csv,778932.25
1602351538402,8,695008.0,145312.0,slice_mixed,rome_slow_close,tr0,exp1,bs2,data/colosseum-oran-commag-dataset/slice_mixed/rome_slow_close/tr0/exp1/bs2/bs2.csv,840320.0
1602351538652,8,739776.0,32672.0,slice_mixed,rome_slow_close,tr0,exp1,bs2,data/colosseum-oran-commag-dataset/slice_mixed/rome_slow_close/tr0/exp1/bs2/bs2.csv,772448.0
1602351538902,8,722848.0,78624.0,slice_mixed,rome_slow_close,tr0,exp1,bs2,data/colosseum-oran-commag-dataset/slice_mixed/rome_slow_close/tr0/exp1/bs2/bs2.csv,801472.0
1602351539152,8,732672.0,4256.0,slice_mixed,rome_slow_close,tr0,exp1,bs2,data/colosseum-oran-commag-dataset/slice_mixed/rome_slow_close/tr0/exp1/bs2/bs2.csv,736928.0
1602351539403,8,507296.0,94720.0,slice_mixed,rome_slow_close,tr0,exp1,bs2,data/colosseum-oran-commag-dataset/slice_mixed/rome_slow_close/tr0/exp1/bs2/bs2.csv,602016.0
1602351539652,8,732512.0,45408.0,slice_mixed,rome_slow_close,tr0,exp1,bs2,data/colosseum-oran-commag-dataset/slice_mixed/rome_slow_close/tr0/exp1/bs2/bs2.csv,777920.0
1602351539902,8,941088.0,93760.0,slice_mixed,rome_slow_close,tr0,exp1,bs2,data/colosseum-oran-commag-dataset/slice_mixed/rome_slow_close/tr0/exp1/bs2/bs2.csv,1034848.0
1602351540152,8,1157600.0,0.0,slice_mixed,rome_slow_close,tr0,exp1,bs2,data/colosseum-oran-commag-dataset/slice_mixed/rome_slow_close/tr0/exp1/bs2/bs2.csv,1157600.0
1602351540402,8,723744.0,182656.0,slice_mixed,rome_slow_close,tr0,exp1,bs2,data/colosseum-oran-commag-dataset/slice_mixed/rome_slow_close/tr0/exp1/bs2/bs2.csv,906400.0
1602351540652,8,750176.0,6560.0,slice_mixed,rome_slow_close,tr0,exp1,bs2,data/colosseum-oran-commag-dataset/slice_mixed/rome_slow_close/tr0/exp1/bs2/bs2.csv,756736.0
1602351540902,8,765408.0,72352.0,slice_mixed,rome_slow_close,tr0,exp1,bs2,data/colosseum-oran-commag-dataset/slice_mixed/rome_slow_close/tr0/exp1/bs2/bs2.csv,837760.0
1602351541153,8,721568.0,18112.0,slice_mixed,rome_slow_close,tr0,exp1,bs2,data/colosseum-oran-commag-dataset/slice_mixed/rome_slow_close/tr0/exp1/bs2/bs2.csv,739680.0
1602351541402,8,630912.0,64224.0,slice_mixed,rome_slow_close,tr0,exp1,bs2,data/colosseum-oran-commag-dataset/slice_mixed/rome_slow_close/tr0/exp1/bs2/bs2.csv,695136.0
1602351541652,8,684240.9375,30232.931641,slice_mixed,rome_slow_close,tr0,exp1,bs2,data/colosseum-oran-commag-dataset/slice_mixed/rome_slow_close/tr0/exp1/bs2/bs2.csv,714473.869141
1602351541903,8,706240.0,73472.0,slice_mixed,rome_slow_close,tr0,exp1,bs2,data/colosseum-oran-commag-dataset/slice_mixed/rome_slow_close/tr0/exp1/bs2/bs2.csv,779712.0
1602351542152,8,826144.0,0.0,slice_mixed,rome_slow_close,tr0,exp1,bs2,data/colosseum-oran-commag-dataset/slice_mixed/rome_slow_close/tr0/exp1/bs2/bs2.csv,826144.0
1602351542402,8,700416.0,131584.0,slice_mixed,rome_slow_close,tr0,exp1,bs2,data/colosseum-oran-commag-dataset/slice_mixed/rome_slow_close/tr0/exp1/bs2/bs2.csv,832000.0
1602351542653,8,965131.5,20621.513672,slice_mixed,rome_slow_close,tr0,exp1,bs2,data/colosseum-oran-commag-dataset/slice_mixed/rome_slow_close/tr0/exp1/bs2/bs2.csv,985753.013672
1602351542902,8,852176.75,85783.132812,slice_mixed,rome_slow_close,tr0,exp1,bs2,data/colosseum-oran-commag-dataset/slice_mixed/rome_slow_close/tr0/exp1/bs2/bs2.csv,937959.882812
1602351543152,8,762804.75,7171.314941,slice_mixed,rome_slow_close,tr0,exp1,bs2,data/colosseum-oran-commag-dataset/slice_mixed/rome_slow_close/tr0/exp1/bs2/bs2.csv,769976.064941
1602351543403,10,705888.0,208131.3125,slice_mixed,rome_slow_close,tr0,exp1,bs2,data/colosseum-oran-commag-dataset/slice_mixed/rome_slow_close/tr0/exp1/bs2/bs2.csv,914019.3125
1602351543653,10,712160.0,35872.0,slice_mixed,rome_slow_close,tr0,exp1,bs2,data/colosseum-oran-commag-dataset/slice_mixed/rome_slow_close/tr0/exp1/bs2/bs2.csv,748032.0
1602351543903,10,485696.0,78880.0,slice_mixed,rome_slow_close,tr0,exp1,bs2,data/colosseum-oran-commag-dataset/slice_mixed/rome_slow_close/tr0/exp1/bs2/bs2.csv,564576.0
1602351544153,10,492561.71875,4143.42627,slice_mixed,rome_slow_close,tr0,exp1,bs2,data/colosseum-oran-commag-dataset/slice_mixed/rome_slow_close/tr0/exp1/bs2/bs2.csv,496705.14502
1602351544403,9,708256.0,179872.0,slice_mixed,rome_slow_close,tr0,exp1,bs2,data/colosseum-oran-commag-dataset/slice_mixed/rome_slow_close/tr0/exp1/bs2/bs2.csv,888128.0
1602351544652,9,755506.0,13896.414062,slice_mixed,rome_slow_close,tr0,exp1,bs2,data/colosseum-oran-commag-dataset/slice_mixed/rome_slow_close/tr0/exp1/bs2/bs2.csv,769402.414062
1602351544902,9,1365664.0,34624.0,slice_mixed,rome_slow_close,tr0,exp1,bs2,data/colosseum-oran-commag-dataset/slice_mixed/rome_slow_close/tr0/exp1/bs2/bs2.csv,1400288.0
1602351545152,9,1268128.0,7200.0,slice_mixed,rome_slow_close,tr0,exp1,bs2,data/colosseum-oran-commag-dataset/slice_mixed/rome_slow_close/tr0/exp1/bs2/bs2.csv,1275328.0
1602351545402,9,1077312.0,108160.0,slice_mixed,rome_slow_close,tr0,exp1,bs2,data/colosseum-oran-commag-dataset/slice_mixed/rome_slow_close/tr0/exp1/bs2/bs2.csv,1185472.0
1602351545652,9,698432.0,97696.0,slice_mixed,rome_slow_close,tr0,exp1,bs2,data/colosseum-oran-commag-dataset/slice_mixed/rome_slow_close/tr0/exp1/bs2/bs2.csv,796128.0
1602351545902,9,705760.0,52288.0,slice_mixed,rome_slow_close,tr0,exp1,bs2,data/colosseum-oran-commag-dataset/slice_mixed/rome_slow_close/tr0/exp1/bs2/bs2.csv,758048.0
1602351546152,9,621312.0,9376.0,slice_mixed,rome_slow_close,tr0,exp1,bs2,data/colosseum-oran-commag-dataset/slice_mixed/rome_slow_close/tr0/exp1/bs2/bs2.csv,630688.0
1602351546402,9,631643.0,50548.304688,slice_mixed,rome_slow_close,tr0,exp1,bs2,data/colosseum-oran-commag-dataset/slice_mixed/rome_slow_close/tr0/exp1/bs2/bs2.csv,682191.304688
1602351546652,9,572035.75,102809.242188,slice_mixed,rome_slow_close,tr0,exp1,bs2,data/colosseum-oran-commag-dataset/slice_mixed/rome_slow_close/tr0/exp1/bs2/bs2.csv,674844.992188
1602351546902,9,574554.1875,54361.445312,slice_mixed,rome_slow_close,tr0,exp1,bs2,data/colosseum-oran-commag-dataset/slice_mixed/rome_slow_close/tr0/exp1/bs2/bs2.csv,628915.632812
1602351547152,9,594112.0,1568.0,slice_mixed,rome_slow_close,tr0,exp1,bs2,data/colosseum-oran-commag-dataset/slice_mixed/rome_slow_close/tr0/exp1/bs2/bs2.csv,595680.0
1602351547402,9,502756.9375,131027.890625,slice_mixed,rome_slow_close,tr0,exp1,bs2,data/colosseum-oran-commag-dataset/slice_mixed/rome_slow_close/tr0/exp1/bs2/bs2.csv,633784.828125
1602351547652,9,533344.0,20960.0,slice_mixed,rome_slow_close,tr0,exp1,bs2,data/colosseum-oran-commag-dataset/slice_mixed/rome_slow_close/tr0/exp1/bs2/bs2.csv,554304.0
1602351547902,9,542782.1875,67502.007812,slice_mixed,rome_slow_close,tr0,exp1,bs2,data/colosseum-oran-commag-dataset/slice_mixed/rome_slow_close/tr0/exp1/bs2/bs2.csv,610284.195312
1602351548152,8,674228.6875,14342.629883,slice_mixed,rome_slow_close,tr0,exp1,bs2,data/colosseum-oran-commag-dataset/slice_mixed/rome_slow_close/tr0/exp1/bs2/bs2.csv,688571.317383
1602351548402,8,722983.0625,121223.710938,slice_mixed,rome_slow_close,tr0,exp1,bs2,data/colosseum-oran-commag-dataset/slice_mixed/rome_slow_close/tr0/exp1/bs2/bs2.csv,844206.773438
1602351548652,8,968695.3125,9831.325195,slice_mixed,rome_slow_close,tr0,exp1,bs2,data/colosseum-oran-commag-dataset/slice_mixed/rome_slow_close/tr0/exp1/bs2/bs2.csv,978526.637695
1602351548902,8,951648.0,71584.0,slice_mixed,rome_slow_close,tr0,exp1,bs2,data/colosseum-oran-commag-dataset/slice_mixed/rome_slow_close/tr0/exp1/bs2/bs2.csv,1023232.0
1602351549152,8,1019544.0,0.0,slice_mixed,rome_slow_close,tr0,exp1,bs2,data/colosseum-oran-commag-dataset/slice_mixed/rome_slow_close/tr0/exp1/bs2/bs2.csv,1019544.0
1602351549402,8,958331.5,84469.460938,slice_mixed,rome_slow_close,tr0,exp1,bs2,data/colosseum-oran-commag-dataset/slice_mixed/rome_slow_close/tr0/exp1/bs2/bs2.csv,1042800.960938
1602351549652,8,873925.6875,22019.314453,slice_mixed,rome_slow_close,tr0,exp1,bs2,data/colosseum-oran-commag-dataset/slice_mixed/rome_slow_close/tr0/exp1/bs2/bs2.csv,895945.001953
1602351549902,8,836029.3125,63719.96875,slice_mixed,rome_slow_close,tr0,exp1,bs2,data/colosseum-oran-commag-dataset/slice_mixed/rome_slow_close/tr0/exp1/bs2/bs2.csv,899749.28125
1602351550153,8,995776.0,0.0,slice_mixed,rome_slow_close,tr0,exp1,bs2,data/colosseum-oran-commag-dataset/slice_mixed/rome_slow_close/tr0/exp1/bs2/bs2.csv,995776.0
1602351550403,8,663616.0,134464.0,slice_mixed,rome_slow_close,tr0,exp1,bs2,data/colosseum-oran-commag-dataset/slice_mixed/rome_slow_close/tr0/exp1/bs2/bs2.csv,798080.0
1602351550653,8,788896.0,22112.0,slice_mixed,rome_slow_close,tr0,exp1,bs2,data/colosseum-oran-commag-dataset/slice_mixed/rome_slow_close/tr0/exp1/bs2/bs2.csv,811008.0
1602351550902,8,990496.0,48768.0,slice_mixed,rome_slow_close,tr0,exp1,bs2,data/colosseum-oran-commag-dataset/slice_mixed/rome_slow_close/tr0/exp1/bs2/bs2.csv,1039264.0
1602351551152,8,1181504.0,0.0,slice_mixed,rome_slow_close,tr0,exp1,bs2,data/colosseum-oran-commag-dataset/slice_mixed/rome_slow_close/tr0/exp1/bs2/bs2.csv,1181504.0
1602351551403,8,1153880.375,86119.523438,slice_mixed,rome_slow_close,tr0,exp1,bs2,data/colosseum-oran-commag-dataset/slice_mixed/rome_slow_close/tr0/exp1/bs2/bs2.csv,1239999.8984380001
1602351551652,8,905216.0,0.0,slice_mixed,rome_slow_close,tr0,exp1,bs2,data/colosseum-oran-commag-dataset/slice_mixed/rome_slow_close/tr0/exp1/bs2/bs2.csv,905216.0
1602351551902,8,545984.0,136384.0,slice_mixed,rome_slow_close,tr0,exp1,bs2,data/colosseum-oran-commag-dataset/slice_mixed/rome_slow_close/tr0/exp1/bs2/bs2.csv,682368.0
1602351552152,8,549550.375,6875.501953,slice_mixed,rome_slow_close,tr0,exp1,bs2,data/colosseum-oran-commag-dataset/slice_mixed/rome_slow_close/tr0/exp1/bs2/bs2.csv,556425.876953
1602351552402,8,750637.5,115614.210938,slice_mixed,rome_slow_close,tr0,exp1,bs2,data/colosseum-oran-commag-dataset/slice_mixed/rome_slow_close/tr0/exp1/bs2/bs2.csv,866251.710938
1602351552652,8,585504.0,51808.0,slice_mixed,rome_slow_close,tr0,exp1,bs2,data/colosseum-oran-commag-dataset/slice_mixed/rome_slow_close/tr0/exp1/bs2/bs2.csv,637312.0
1602351552902,8,554056.25,55485.945312,slice_mixed,rome_slow_close,tr0,exp1,bs2,data/colosseum-oran-commag-dataset/slice_mixed/rome_slow_close/tr0/exp1/bs2/bs2.csv,609542.195312
1602351553152,8,637354.5625,0.0,slice_mixed,rome_slow_close,tr0,exp1,bs2,data/colosseum-oran-commag-dataset/slice_mixed/rome_slow_close/tr0/exp1/bs2/bs2.csv,637354.5625
1602351553402,8,464768.0,206592.0,slice_mixed,rome_slow_close,tr0,exp1,bs2,data/colosseum-oran-commag-dataset/slice_mixed/rome_slow_close/tr0/exp1/bs2/bs2.csv,671360.0
1602351553653,8,421120.0,15168.0,slice_mixed,rome_slow_close,tr0,exp1,bs2,data/colosseum-oran-commag-dataset/slice_mixed/rome_slow_close/tr0/exp1/bs2/bs2.csv,436288.0
1602351553902,8,383872.0,77056.0,slice_mixed,rome_slow_close,tr0,exp1,bs2,data/colosseum-oran-commag-dataset/slice_mixed/rome_slow_close/tr0/exp1/bs2/bs2.csv,460928.0
1602351554152,8,416257.0625,0.0,slice_mixed,rome_slow_close,tr0,exp1,bs2,data/colosseum-oran-commag-dataset/slice_mixed/rome_slow_close/tr0/exp1/bs2/bs2.csv,416257.0625
1602351554402,8,422304.0,148896.0,slice_mixed,rome_slow_close,tr0,exp1,bs2,data/colosseum-oran-commag-dataset/slice_mixed/rome_slow_close/tr0/exp1/bs2/bs2.csv,571200.0
1602351554652,8,623733.0625,7171.314941,slice_mixed,rome_slow_close,tr0,exp1,bs2,data/colosseum-oran-commag-dataset/slice_mixed/rome_slow_close/tr0/exp1/bs2/bs2.csv,630904.377441
1602351554902,8,547098.3125,82538.15625,slice_mixed,rome_slow_close,tr0,exp1,bs2,data/colosseum-oran-commag-dataset/slice_mixed/rome_slow_close/tr0/exp1/bs2/bs2.csv,629636.46875
1602351555152,8,747104.0,0.0,slice_mixed,rome_slow_close,tr0,exp1,bs2,data/colosseum-oran-commag-dataset/slice_mixed/rome_slow_close/tr0/exp1/bs2/bs2.csv,747104.0
1602351555402,8,501035.84375,117258.960938,slice_mixed,rome_slow_close,tr0,exp1,bs2,data/colosseum-oran-commag-dataset/slice_mixed/rome_slow_close/tr0/exp1/bs2/bs2.csv,618294.804688
1602351555653,8,908337.375,18698.794922,slice_mixed,rome_slow_close,tr0,exp1,bs2,data/colosseum-oran-commag-dataset/slice_mixed/rome_slow_close/tr0/exp1/bs2/bs2.csv,927036.169922
1602351555903,8,863896.0,88437.289062,slice_mixed,rome_slow_close,tr0,exp1,bs2,data/colosseum-oran-commag-dataset/slice_mixed/rome_slow_close/tr0/exp1/bs2/bs2.csv,952333.289062
1602351556153,8,646032.1875,11983.935547,slice_mixed,rome_slow_close,tr0,exp1,bs2,data/colosseum-oran-commag-dataset/slice_mixed/rome_slow_close/tr0/exp1/bs2/bs2.csv,658016.123047
1602351556403,8,486902.53125,110563.5625,slice_mixed,rome_slow_close,tr0,exp1,bs2,data/colosseum-oran-commag-dataset/slice_mixed/rome_slow_close/tr0/exp1/bs2/bs2.csv,597466.09375
1602351556653,8,666704.9375,9338.645508,slice_mixed,rome_slow_close,tr0,exp1,bs2,data/colosseum-oran-commag-dataset/slice_mixed/rome_slow_close/tr0/exp1/bs2/bs2.csv,676043.583008
1602351556903,8,619098.125,77573.140625,slice_mixed,rome_slow_close,tr0,exp1,bs2,data/colosseum-oran-commag-dataset/slice_mixed/rome_slow_close/tr0/exp1/bs2/bs2.csv,696671.265625
1602351557153,8,1011552.0,9376.0,slice_mixed,rome_slow_close,tr0,exp1,bs2,data/colosseum-oran-commag-dataset/slice_mixed/rome_slow_close/tr0/exp1/bs2/bs2.csv,1020928.0
1602351557402,8,607456.0,155712.0,slice_mixed,rome_slow_close,tr0,exp1,bs2,data/colosseum-oran-commag-dataset/slice_mixed/rome_slow_close/tr0/exp1/bs2/bs2.csv,763168.0
1602351557652,8,815712.0,31424.0,slice_mixed,rome_slow_close,tr0,exp1,bs2,data/colosseum-oran-commag-dataset/slice_mixed/rome_slow_close/tr0/exp1/bs2/bs2.csv,847136.0
1602351557902,8,1344956.125,34390.4375,slice_mixed,rome_slow_close,tr0,exp1,bs2,data/colosseum-oran-commag-dataset/slice_mixed/rome_slow_close/tr0/exp1/bs2/bs2.csv,1379346.5625
1602351558152,8,663232.0,55648.0,slice_mixed,rome_slow_close,tr0,exp1,bs2,data/colosseum-oran-commag-dataset/slice_mixed/rome_slow_close/tr0/exp1/bs2/bs2.csv,718880.0
1602351558402,8,883360.0,105856.0,slice_mixed,rome_slow_close,tr0,exp1,bs2,data/colosseum-oran-commag-dataset/slice_mixed/rome_slow_close/tr0/exp1/bs2/bs2.csv,989216.0
1602351558652,8,964928.0,22560.0,slice_mixed,rome_slow_close,tr0,exp1,bs2,data/colosseum-oran-commag-dataset/slice_mixed/rome_slow_close/tr0/exp1/bs2/bs2.csv,987488.0
1602351558902,8,1091296.0,55968.0,slice_mixed,rome_slow_close,tr0,exp1,bs2,data/colosseum-oran-commag-dataset/slice_mixed/rome_slow_close/tr0/exp1/bs2/bs2.csv,1147264.0
1602351559152,8,1136096.0,0.0,slice_mixed,rome_slow_close,tr0,exp1,bs2,data/colosseum-oran-commag-dataset/slice_mixed/rome_slow_close/tr0/exp1/bs2/bs2.csv,1136096.0
1602351559402,8,1192544.0,77632.0,slice_mixed,rome_slow_close,tr0,exp1,bs2,data/colosseum-oran-commag-dataset/slice_mixed/rome_slow_close/tr0/exp1/bs2/bs2.csv,1270176.0
1602351559652,8,1137216.0,0.0,slice_mixed,rome_slow_close,tr0,exp1,bs2,data/colosseum-oran-commag-dataset/slice_mixed/rome_slow_close/tr0/exp1/bs2/bs2.csv,1137216.0
1602351559902,8,1113504.0,63744.0,slice_mixed,rome_slow_close,tr0,exp1,bs2,data/colosseum-oran-commag-dataset/slice_mixed/rome_slow_close/tr0/exp1/bs2/bs2.csv,1177248.0
1602351560152,8,1092768.0,0.0,slice_mixed,rome_slow_close,tr0,exp1,bs2,data/colosseum-oran-commag-dataset/slice_mixed/rome_slow_close/tr0/exp1/bs2/bs2.csv,1092768.0
1602351560402,8,1246752.0,147104.0,slice_mixed,rome_slow_close,tr0,exp1,bs2,data/colosseum-oran-commag-dataset/slice_mixed/rome_slow_close/tr0/exp1/bs2/bs2.csv,1393856.0
1602351560652,8,800320.0,70624.0,slice_mixed,rome_slow_close,tr0,exp1,bs2,data/colosseum-oran-commag-dataset/slice_mixed/rome_slow_close/tr0/exp1/bs2/bs2.csv,870944.0
1602351560902,8,738441.75,84883.53125,slice_mixed,rome_slow_close,tr0,exp1,bs2,data/colosseum-oran-commag-dataset/slice_mixed/rome_slow_close/tr0/exp1/bs2/bs2.csv,823325.28125
1602351561152,8,636339.5,16576.0,slice_mixed,rome_slow_close,tr0,exp1,bs2,data/colosseum-oran-commag-dataset/slice_mixed/rome_slow_close/tr0/exp1/bs2/bs2.csv,652915.5
1602351561402,8,523588.71875,97646.023438,slice_mixed,rome_slow_close,tr0,exp1,bs2,data/colosseum-oran-commag-dataset/slice_mixed/rome_slow_close/tr0/exp1/bs2/bs2.csv,621234.742188
1602351561653,8,594473.9375,144449.796875,slice_mixed,rome_slow_close,tr0,exp1,bs2,data/colosseum-oran-commag-dataset/slice_mixed/rome_slow_close/tr0/exp1/bs2/bs2.csv,738923.734375
1602351561902,8,1140288.0,69472.0,slice_mixed,rome_slow_close,tr0,exp1,bs2,data/colosseum-oran-commag-dataset/slice_mixed/rome_slow_close/tr0/exp1/bs2/bs2.csv,1209760.0
1602351562152,8,1148896.0,0.0,slice_mixed,rome_slow_close,tr0,exp1,bs2,data/colosseum-oran-commag-dataset/slice_mixed/rome_slow_close/tr0/exp1/bs2/bs2.csv,1148896.0
1602351562402,8,1220416.0,95616.0,slice_mixed,rome_slow_close,tr0,exp1,bs2,data/colosseum-oran-commag-dataset/slice_mixed/rome_slow_close/tr0/exp1/bs2/bs2.csv,1316032.0
1602351562653,8,1137115.625,0.0,slice_mixed,rome_slow_close,tr0,exp1,bs2,data/colosseum-oran-commag-dataset/slice_mixed/rome_slow_close/tr0/exp1/bs2/bs2.csv,1137115.625
1602351562903,8,981432.9375,90688.0,slice_mixed,rome_slow_close,tr0,exp1,bs2,data/colosseum-oran-commag-dataset/slice_mixed/rome_slow_close/tr0/exp1/bs2/bs2.csv,1072120.9375
1602351563152,8,1125488.0,0.0,slice_mixed,rome_slow_close,tr0,exp1,bs2,data/colosseum-oran-commag-dataset/slice_mixed/rome_slow_close/tr0/exp1/bs2/bs2.csv,1125488.0
1602351563403,8,1062985.25,198980.890625,slice_mixed,rome_slow_close,tr0,exp1,bs2,data/colosseum-oran-commag-dataset/slice_mixed/rome_slow_close/tr0/exp1/bs2/bs2.csv,1261966.140625
1602351563653,8,1311136.0,0.0,slice_mixed,rome_slow_close,tr0,exp1,bs2,data/colosseum-oran-commag-dataset/slice_mixed/rome_slow_close/tr0/exp1/bs2/bs2.csv,1311136.0
1602351563902,8,762848.0,86688.0,slice_mixed,rome_slow_close,tr0,exp1,bs2,data/colosseum-oran-commag-dataset/slice_mixed/rome_slow_close/tr0/exp1/bs2/bs2.csv,849536.0
1602351564152,8,805504.0,15520.0,slice_mixed,rome_slow_close,tr0,exp1,bs2,data/colosseum-oran-commag-dataset/slice_mixed/rome_slow_close/tr0/exp1/bs2/bs2.csv,821024.0
1602351564402,8,926533.875,91569.71875,slice_mixed,rome_slow_close,tr0,exp1,bs2,data/colosseum-oran-commag-dataset/slice_mixed/rome_slow_close/tr0/exp1/bs2/bs2.csv,1018103.59375
1602351564652,8,647584.0,38720.0,slice_mixed,rome_slow_close,tr0,exp1,bs2,data/colosseum-oran-commag-dataset/slice_mixed/rome_slow_close/tr0/exp1/bs2/bs2.csv,686304.0
1602351564903,8,812864.0,111232.0,slice_mixed,rome_slow_close,tr0,exp1,bs2,data/colosseum-oran-commag-dataset/slice_mixed/rome_slow_close/tr0/exp1/bs2/bs2.csv,924096.0
1602351565152,8,906272.0,0.0,slice_mixed,rome_slow_close,tr0,exp1,bs2,data/colosseum-oran-commag-dataset/slice_mixed/rome_slow_close/tr0/exp1/bs2/bs2.csv,906272.0
1602351565402,8,737280.0,73920.0,slice_mixed,rome_slow_close,tr0,exp1,bs2,data/colosseum-oran-commag-dataset/slice_mixed/rome_slow_close/tr0/exp1/bs2/bs2.csv,811200.0
1602351565652,8,631164.6875,239871.484375,slice_mixed,rome_slow_close,tr0,exp1,bs2,data/colosseum-oran-commag-dataset/slice_mixed/rome_slow_close/tr0/exp1/bs2/bs2.csv,871036.171875
1602351565902,8,952318.75,87235.0625,slice_mixed,rome_slow_close,tr0,exp1,bs2,data/colosseum-oran-commag-dataset/slice_mixed/rome_slow_close/tr0/exp1/bs2/bs2.csv,1039553.8125
1602351566152,8,736128.0,0.0,slice_mixed,rome_slow_close,tr0,exp1,bs2,data/colosseum-oran-commag-dataset/slice_mixed/rome_slow_close/tr0/exp1/bs2/bs2.csv,736128.0
1602351566402,8,762016.0,115872.0,slice_mixed,rome_slow_close,tr0,exp1,bs2,data/colosseum-oran-commag-dataset/slice_mixed/rome_slow_close/tr0/exp1/bs2/bs2.csv,877888.0
1602351566652,8,1132016.125,13076.305664,slice_mixed,rome_slow_close,tr0,exp1,bs2,data/colosseum-oran-commag-dataset/slice_mixed/rome_slow_close/tr0/exp1/bs2/bs2.csv,1145092.430664
1602351566902,8,944318.6875,41370.519531,slice_mixed,rome_slow_close,tr0,exp1,bs2,data/colosseum-oran-commag-dataset/slice_mixed/rome_slow_close/tr0/exp1/bs2/bs2.csv,985689.2070309999
1602351567152,8,642708.3125,19244.980469,slice_mixed,rome_slow_close,tr0,exp1,bs2,data/colosseum-oran-commag-dataset/slice_mixed/rome_slow_close/tr0/exp1/bs2/bs2.csv,661953.292969
1602351567402,8,585279.125,61132.683594,slice_mixed,rome_slow_close,tr0,exp1,bs2,data/colosseum-oran-commag-dataset/slice_mixed/rome_slow_close/tr0/exp1/bs2/bs2.csv,646411.8085940001
1602351567652,8,734995.875,47429.269531,slice_mixed,rome_slow_close,tr0,exp1,bs2,data/colosseum-oran-commag-dataset/slice_mixed/rome_slow_close/tr0/exp1/bs2/bs2.csv,782425.1445309999
1602351567902,8,625156.75,53873.222656,slice_mixed,rome_slow_close,tr0,exp1,bs2,data/colosseum-oran-commag-dataset/slice_mixed/rome_slow_close/tr0/exp1/bs2/bs2.csv,679029.9726559999
1602351568152,8,1226848.0,28128.0,slice_mixed,rome_slow_close,tr0,exp1,bs2,data/colosseum-oran-commag-dataset/slice_mixed/rome_slow_close/tr0/exp1/bs2/bs2.csv,1254976.0
1602351568403,8,782592.0,87328.0,slice_mixed,rome_slow_close,tr0,exp1,bs2,data/colosseum-oran-commag-dataset/slice_mixed/rome_slow_close/tr0/exp1/bs2/bs2.csv,869920.0
1602351568652,8,683776.0,23552.0,slice_mixed,rome_slow_close,tr0,exp1,bs2,data/colosseum-oran-commag-dataset/slice_mixed/rome_slow_close/tr0/exp1/bs2/bs2.csv,707328.0
1602351568903,8,454336.0,58816.0,slice_mixed,rome_slow_close,tr0,exp1,bs2,data/colosseum-oran-commag-dataset/slice_mixed/rome_slow_close/tr0/exp1/bs2/bs2.csv,513152.0
1602351569153,8,635328.0,9376.0,slice_mixed,rome_slow_close,tr0,exp1,bs2,data/colosseum-oran-commag-dataset/slice_mixed/rome_slow_close/tr0/exp1/bs2/bs2.csv,644704.0
1602351569403,8,658528.0,148352.0,slice_mixed,rome_slow_close,tr0,exp1,bs2,data/colosseum-oran-commag-dataset/slice_mixed/rome_slow_close/tr0/exp1/bs2/bs2.csv,806880.0
1602351569653,8,808587.1875,23339.4375,slice_mixed,rome_slow_close,tr0,exp1,bs2,data/colosseum-oran-commag-dataset/slice_mixed/rome_slow_close/tr0/exp1/bs2/bs2.csv,831926.625
1602351569903,8,724512.0,57472.0,slice_mixed,rome_slow_close,tr0,exp1,bs2,data/colosseum-oran-commag-dataset/slice_mixed/rome_slow_close/tr0/exp1/bs2/bs2.csv,781984.0
1602351570153,8,928068.1875,0.0,slice_mixed,rome_slow_close,tr0,exp1,bs2,data/colosseum-oran-commag-dataset/slice_mixed/rome_slow_close/tr0/exp1/bs2/bs2.csv,928068.1875
1602351570402,8,696698.0,61757.816406,slice_mixed,rome_slow_close,tr0,exp1,bs2,data/colosseum-oran-commag-dataset/slice_mixed/rome_slow_close/tr0/exp1/bs2/bs2.csv,758455.8164059999
1602351570652,8,850272.0,129792.0,slice_mixed,rome_slow_close,tr0,exp1,bs2,data/colosseum-oran-commag-dataset/slice_mixed/rome_slow_close/tr0/exp1/bs2/bs2.csv,980064.0
1602351570902,8,866868.5625,62119.523438,slice_mixed,rome_slow_close,tr0,exp1,bs2,data/colosseum-oran-commag-dataset/slice_mixed/rome_slow_close/tr0/exp1/bs2/bs2.csv,928988.085938
1602351571152,8,757760.0,31360.0,slice_mixed,rome_slow_close,tr0,exp1,bs2,data/colosseum-oran-commag-dataset/slice_mixed/rome_slow_close/tr0/exp1/bs2/bs2.csv,789120.0
1602351571402,8,742048.0,246176.0,slice_mixed,rome_slow_close,tr0,exp1,bs2,data/colosseum-oran-commag-dataset/slice_mixed/rome_slow_close/tr0/exp1/bs2/bs2.csv,988224.0
1602351571653,8,654752.0,31104.0,slice_mixed,rome_slow_close,tr0,exp1,bs2,data/colosseum-oran-commag-dataset/slice_mixed/rome_slow_close/tr0/exp1/bs2/bs2.csv,685856.0
1602351571902,8,721792.0,77440.0,slice_mixed,rome_slow_close,tr0,exp1,bs2,data/colosseum-oran-commag-dataset/slice_mixed/rome_slow_close/tr0/exp1/bs2/bs2.csv,799232.0
1602351572152,8,766618.4375,0.0,slice_mixed,rome_slow_close,tr0,exp1,bs2,data/colosseum-oran-commag-dataset/slice_mixed/rome_slow_close/tr0/exp1/bs2/bs2.csv,766618.4375
1602351572402,8,687776.875,65880.476562,slice_mixed,rome_slow_close,tr0,exp1,bs2,data/colosseum-oran-commag-dataset/slice_mixed/rome_slow_close/tr0/exp1/bs2/bs2.csv,753657.351562
1602351572652,8,817120.0,16576.0,slice_mixed,rome_slow_close,tr0,exp1,bs2,data/colosseum-oran-commag-dataset/slice_mixed/rome_slow_close/tr0/exp1/bs2/bs2.csv,833696.0
1602351572902,8,618440.75,114912.0,slice_mixed,rome_slow_close,tr0,exp1,bs2,data/colosseum-oran-commag-dataset/slice_mixed/rome_slow_close/tr0/exp1/bs2/bs2.csv,733352.75
1602351573152,8,730539.5625,0.0,slice_mixed,rome_slow_close,tr0,exp1,bs2,data/colosseum-oran-commag-dataset/slice_mixed/rome_slow_close/tr0/exp1/bs2/bs2.csv,730539.5625
1602351573402,8,725609.5625,75665.335938,slice_mixed,rome_slow_close,tr0,exp1,bs2,data/colosseum-oran-commag-dataset/slice_mixed/rome_slow_close/tr0/exp1/bs2/bs2.csv,801274.898438
1602351573653,8,732562.25,43309.238281,slice_mixed,rome_slow_close,tr0,exp1,bs2,data/colosseum-oran-commag-dataset/slice_mixed/rome_slow_close/tr0/exp1/bs2/bs2.csv,775871.4882809999
1602351573902,8,737529.9375,79521.914062,slice_mixed,rome_slow_close,tr0,exp1,bs2,data/colosseum-oran-commag-dataset/slice_mixed/rome_slow_close/tr0/exp1/bs2/bs2.csv,817051.851562
1602351574152,8,841510.0,0.0,slice_mixed,rome_slow_close,tr0,exp1,bs2,data/colosseum-oran-commag-dataset/slice_mixed/rome_slow_close/tr0/exp1/bs2/bs2.csv,841510.0
1602351574402,8,640475.125,122831.421875,slice_mixed,rome_slow_close,tr0,exp1,bs2,data/colosseum-oran-commag-dataset/slice_mixed/rome_slow_close/tr0/exp1/bs2/bs2.csv,763306.546875
1602351574652,8,1019346.9375,30811.244141,slice_mixed,rome_slow_close,tr0,exp1,bs2,data/colosseum-oran-commag-dataset/slice_mixed/rome_slow_close/tr0/exp1/bs2/bs2.csv,1050158.181641
1602351574902,8,862336.0,90016.0,slice_mixed,rome_slow_close,tr0,exp1,bs2,data/colosseum-oran-commag-dataset/slice_mixed/rome_slow_close/tr0/exp1/bs2/bs2.csv,952352.0
1602351575153,8,993888.0,24896.0,slice_mixed,rome_slow_close,tr0,exp1,bs2,data/colosseum-oran-commag-dataset/slice_mixed/rome_slow_close/tr0/exp1/bs2/bs2.csv,1018784.0
1602351575403,8,1062853.25,98517.929688,slice_mixed,rome_slow_close,tr0,exp1,bs2,data/colosseum-oran-commag-dataset/slice_mixed/rome_slow_close/tr0/exp1/bs2/bs2.csv,1161371.1796880001
1602351575652,8,698039.75,57727.871094,slice_mixed,rome_slow_close,tr0,exp1,bs2,data/colosseum-oran-commag-dataset/slice_mixed/rome_slow_close/tr0/exp1/bs2/bs2.csv,755767.6210940001
1602351575903,8,592037.0625,48032.128906,slice_mixed,rome_slow_close,tr0,exp1,bs2,data/colosseum-oran-commag-dataset/slice_mixed/rome_slow_close/tr0/exp1/bs2/bs2.csv,640069.1914059999
1602351576153,8,671339.9375,14752.0,slice_mixed,rome_slow_close,tr0,exp1,bs2,data/colosseum-oran-commag-dataset/slice_mixed/rome_slow_close/tr0/exp1/bs2/bs2.csv,686091.9375
1602351576403,8,612987.25,102362.085938,slice_mixed,rome_slow_close,tr0,exp1,bs2,data/colosseum-oran-commag-dataset/slice_mixed/rome_slow_close/tr0/exp1/bs2/bs2.csv,715349.335938
1602351576653,8,989369.75,35580.941406,slice_mixed,rome_slow_close,tr0,exp1,bs2,data/colosseum-oran-commag-dataset/slice_mixed/rome_slow_close/tr0/exp1/bs2/bs2.csv,1024950.6914059999
1602351576902,8,1393313.625,77302.109375,slice_mixed,rome_slow_close,tr0,exp1,bs2,data/colosseum-oran-commag-dataset/slice_mixed/rome_slow_close/tr0/exp1/bs2/bs2.csv,1470615.734375
1602351577152,8,1075712.0,15520.0,slice_mixed,rome_slow_close,tr0,exp1,bs2,data/colosseum-oran-commag-dataset/slice_mixed/rome_slow_close/tr0/exp1/bs2/bs2.csv,1091232.0
1602351577403,8,977152.0,65792.0,slice_mixed,rome_slow_close,tr0,exp1,bs2,data/colosseum-oran-commag-dataset/slice_mixed/rome_slow_close/tr0/exp1/bs2/bs2.csv,1042944.0
1602351577652,8,1004940.25,11123.505859,slice_mixed,rome_slow_close,tr0,exp1,bs2,data/colosseum-oran-commag-dataset/slice_mixed/rome_slow_close/tr0/exp1/bs2/bs2.csv,1016063.755859
1602351577902,8,952640.0,56128.0,slice_mixed,rome_slow_close,tr0,exp1,bs2,data/colosseum-oran-commag-dataset/slice_mixed/rome_slow_close/tr0/exp1/bs2/bs2.csv,1008768.0
1602351578152,8,1634752.0,3968.0,slice_mixed,rome_slow_close,tr0,exp1,bs2,data/colosseum-oran-commag-dataset/slice_mixed/rome_slow_close/tr0/exp1/bs2/bs2.csv,1638720.0
1602351578402,8,1520352.0,156576.0,slice_mixed,rome_slow_close,tr0,exp1,bs2,data/colosseum-oran-commag-dataset/slice_mixed/rome_slow_close/tr0/exp1/bs2/bs2.csv,1676928.0
1602351578652,8,1362208.0,40352.0,slice_mixed,rome_slow_close,tr0,exp1,bs2,data/colosseum-oran-commag-dataset/slice_mixed/rome_slow_close/tr0/exp1/bs2/bs2.csv,1402560.0
1602351578902,8,882336.0,54656.0,slice_mixed,rome_slow_close,tr0,exp1,bs2,data/colosseum-oran-commag-dataset/slice_mixed/rome_slow_close/tr0/exp1/bs2/bs2.csv,936992.0
1602351579152,8,1085312.0,15520.0,slice_mixed,rome_slow_close,tr0,exp1,bs2,data/colosseum-oran-commag-dataset/slice_mixed/rome_slow_close/tr0/exp1/bs2/bs2.csv,1100832.0
1602351579402,8,1315840.0,147040.0,slice_mixed,rome_slow_close,tr0,exp1,bs2,data/colosseum-oran-commag-dataset/slice_mixed/rome_slow_close/tr0/exp1/bs2/bs2.csv,1462880.0
1602351579652,8,1418560.0,0.0,slice_mixed,rome_slow_close,tr0,exp1,bs2,data/colosseum-oran-commag-dataset/slice_mixed/rome_slow_close/tr0/exp1/bs2/bs2.csv,1418560.0
1602351579903,8,1243968.0,57696.0,slice_mixed,rome_slow_close,tr0,exp1,bs2,data/colosseum-oran-commag-dataset/slice_mixed/rome_slow_close/tr0/exp1/bs2/bs2.csv,1301664.0
1602351580152,8,1208224.875,38136.546875,slice_mixed,rome_slow_close,tr0,exp1,bs2,data/colosseum-oran-commag-dataset/slice_mixed/rome_slow_close/tr0/exp1/bs2/bs2.csv,1246361.421875
1602351580402,8,1133290.75,126342.625,slice_mixed,rome_slow_close,tr0,exp1,bs2,data/colosseum-oran-commag-dataset/slice_mixed/rome_slow_close/tr0/exp1/bs2/bs2.csv,1259633.375
1602351580652,8,1449767.0,9831.325195,slice_mixed,rome_slow_close,tr0,exp1,bs2,data/colosseum-oran-commag-dataset/slice_mixed/rome_slow_close/tr0/exp1/bs2/bs2.csv,1459598.325195
1602351580902,8,1101696.0,44768.0,slice_mixed,rome_slow_close,tr0,exp1,bs2,data/colosseum-oran-commag-dataset/slice_mixed/rome_slow_close/tr0/exp1/bs2/bs2.csv,1146464.0
1602351581152,8,1024167.4375,0.0,slice_mixed,rome_slow_close,tr0,exp1,bs2,data/colosseum-oran-commag-dataset/slice_mixed/rome_slow_close/tr0/exp1/bs2/bs2.csv,1024167.4375
1602351581402,8,1286119.5,59760.957031,slice_mixed,rome_slow_close,tr0,exp1,bs2,data/colosseum-oran-commag-dataset/slice_mixed/rome_slow_close/tr0/exp1/bs2/bs2.csv,1345880.457031
1602351581653,8,1168353.5,0.0,slice_mixed,rome_slow_close,tr0,exp1,bs2,data/colosseum-oran-commag-dataset/slice_mixed/rome_slow_close/tr0/exp1/bs2/bs2.csv,1168353.5
1602351581903,8,1174163.5,80352.0,slice_mixed,rome_slow_close,tr0,exp1,bs2,data/colosseum-oran-commag-dataset/slice_mixed/rome_slow_close/tr0/exp1/bs2/bs2.csv,1254515.5
1602351582152,8,1128891.75,45756.914062,slice_mixed,rome_slow_close,tr0,exp1,bs2,data/colosseum-oran-commag-dataset/slice_mixed/rome_slow_close/tr0/exp1/bs2/bs2.csv,1174648.664062
1602351582403,8,1349307.375,128226.164062,slice_mixed,rome_slow_close,tr0,exp1,bs2,data/colosseum-oran-commag-dataset/slice_mixed/rome_slow_close/tr0/exp1/bs2/bs2.csv,1477533.5390619999
1602351582653,8,1360019.25,0.0,slice_mixed,rome_slow_close,tr0,exp1,bs2,data/colosseum-oran-commag-dataset/slice_mixed/rome_slow_close/tr0/exp1/bs2/bs2.csv,1360019.25
1602351582903,8,1463110.625,93975.90625,slice_mixed,rome_slow_close,tr0,exp1,bs2,data/colosseum-oran-commag-dataset/slice_mixed/rome_slow_close/tr0/exp1/bs2/bs2.csv,1557086.53125
1602351583153,8,1364888.625,0.0,slice_mixed,rome_slow_close,tr0,exp1,bs2,data/colosseum-oran-commag-dataset/slice_mixed/rome_slow_close/tr0/exp1/bs2/bs2.csv,1364888.625
1602351583402,8,1015904.6875,125529.703125,slice_mixed,rome_slow_close,tr0,exp1,bs2,data/colosseum-oran-commag-dataset/slice_mixed/rome_slow_close/tr0/exp1/bs2/bs2.csv,1141434.390625
1602351583652,8,1073984.0,28672.0,slice_mixed,rome_slow_close,tr0,exp1,bs2,data/colosseum-oran-commag-dataset/slice_mixed/rome_slow_close/tr0/exp1/bs2/bs2.csv,1102656.0
1602351583902,8,848000.0,80320.0,slice_mixed,rome_slow_close,tr0,exp1,bs2,data/colosseum-oran-commag-dataset/slice_mixed/rome_slow_close/tr0/exp1/bs2/bs2.csv,928320.0
1602351584152,8,1186772.75,7171.314941,slice_mixed,rome_slow_close,tr0,exp1,bs2,data/colosseum-oran-commag-dataset/slice_mixed/rome_slow_close/tr0/exp1/bs2/bs2.csv,1193944.064941
1602351584402,8,1141792.0,50176.0,slice_mixed,rome_slow_close,tr0,exp1,bs2,data/colosseum-oran-commag-dataset/slice_mixed/rome_slow_close/tr0/exp1/bs2/bs2.csv,1191968.0
1602351584652,8,1021856.0,28608.0,slice_mixed,rome_slow_close,tr0,exp1,bs2,data/colosseum-oran-commag-dataset/slice_mixed/rome_slow_close/tr0/exp1/bs2/bs2.csv,1050464.0
1602351584902,8,1213536.0,13024.0,slice_mixed,rome_slow_close,tr0,exp1,bs2,data/colosseum-oran-commag-dataset/slice_mixed/rome_slow_close/tr0/exp1/bs2/bs2.csv,1226560.0
1602351585152,8,1187392.0,0.0,slice_mixed,rome_slow_close,tr0,exp1,bs2,data/colosseum-oran-commag-dataset/slice_mixed/rome_slow_close/tr0/exp1/bs2/bs2.csv,1187392.0
1602351585402,8,954464.0,239904.0,slice_mixed,rome_slow_close,tr0,exp1,bs2,data/colosseum-oran-commag-dataset/slice_mixed/rome_slow_close/tr0/exp1/bs2/bs2.csv,1194368.0
1602351585652,8,1092928.0,13184.0,slice_mixed,rome_slow_close,tr0,exp1,bs2,data/colosseum-oran-commag-dataset/slice_mixed/rome_slow_close/tr0/exp1/bs2/bs2.csv,1106112.0
1602351585902,8,1806976.0,53184.0,slice_mixed,rome_slow_close,tr0,exp1,bs2,data/colosseum-oran-commag-dataset/slice_mixed/rome_slow_close/tr0/exp1/bs2/bs2.csv,1860160.0
1602351586152,8,1423424.0,25824.0,slice_mixed,rome_slow_close,tr0,exp1,bs2,data/colosseum-oran-commag-dataset/slice_mixed/rome_slow_close/tr0/exp1/bs2/bs2.csv,1449248.0
1602351586403,9,1356739.0,106642.070312,slice_mixed,rome_slow_close,tr0,exp1,bs2,data/colosseum-oran-commag-dataset/slice_mixed/rome_slow_close/tr0/exp1/bs2/bs2.csv,1463381.0703119999
1602351586653,9,1427249.625,0.0,slice_mixed,rome_slow_close,tr0,exp1,bs2,data/colosseum-oran-commag-dataset/slice_mixed/rome_slow_close/tr0/exp1/bs2/bs2.csv,1427249.625
1602351586902,9,842780.8125,100929.40625,slice_mixed,rome_slow_close,tr0,exp1,bs2,data/colosseum-oran-commag-dataset/slice_mixed/rome_slow_close/tr0/exp1/bs2/bs2.csv,943710.21875
1602351587152,9,598822.9375,68078.140625,slice_mixed,rome_slow_close,tr0,exp1,bs2,data/colosseum-oran-commag-dataset/slice_mixed/rome_slow_close/tr0/exp1/bs2/bs2.csv,666901.078125
1602351587402,8,671132.0625,63581.066406,slice_mixed,rome_slow_close,tr0,exp1,bs2,data/colosseum-oran-commag-dataset/slice_mixed/rome_slow_close/tr0/exp1/bs2/bs2.csv,734713.1289059999
1602351587652,8,739648.0,39424.0,slice_mixed,rome_slow_close,tr0,exp1,bs2,data/colosseum-oran-commag-dataset/slice_mixed/rome_slow_close/tr0/exp1/bs2/bs2.csv,779072.0
1602351587903,8,780915.6875,55325.300781,slice_mixed,rome_slow_close,tr0,exp1,bs2,data/colosseum-oran-commag-dataset/slice_mixed/rome_slow_close/tr0/exp1/bs2/bs2.csv,836240.9882809999
1602351588153,8,912562.125,0.0,slice_mixed,rome_slow_close,tr0,exp1,bs2,data/colosseum-oran-commag-dataset/slice_mixed/rome_slow_close/tr0/exp1/bs2/bs2.csv,912562.125
1602351588402,8,863537.5,40522.28125,slice_mixed,rome_slow_close,tr0,exp1,bs2,data/colosseum-oran-commag-dataset/slice_mixed/rome_slow_close/tr0/exp1/bs2/bs2.csv,904059.78125
1602351588653,10,878193.4375,24566.96875,slice_mixed,rome_slow_close,tr0,exp1,bs2,data/colosseum-oran-commag-dataset/slice_mixed/rome_slow_close/tr0/exp1/bs2/bs2.csv,902760.40625
1602351588903,10,1025094.3125,89634.828125,slice_mixed,rome_slow_close,tr0,exp1,bs2,data/colosseum-oran-commag-dataset/slice_mixed/rome_slow_close/tr0/exp1/bs2/bs2.csv,1114729.140625
1602351589153,10,1378879.375,48352.0,slice_mixed,rome_slow_close,tr0,exp1,bs2,data/colosseum-oran-commag-dataset/slice_mixed/rome_slow_close/tr0/exp1/bs2/bs2.csv,1427231.375
1602351589403,10,1611078.375,47450.007812,slice_mixed,rome_slow_close,tr0,exp1,bs2,data/colosseum-oran-commag-dataset/slice_mixed/rome_slow_close/tr0/exp1/bs2/bs2.csv,1658528.382812
1602351589653,8,1541653.625,45122.441406,slice_mixed,rome_slow_close,tr0,exp1,bs2,data/colosseum-oran-commag-dataset/slice_mixed/rome_slow_close/tr0/exp1/bs2/bs2.csv,1586776.066406
1602351589902,8,1073856.0,41184.0,slice_mixed,rome_slow_close,tr0,exp1,bs2,data/colosseum-oran-commag-dataset/slice_mixed/rome_slow_close/tr0/exp1/bs2/bs2.csv,1115040.0
1602351590152,8,1012480.0,9376.0,slice_mixed,rome_slow_close,tr0,exp1,bs2,data/colosseum-oran-commag-dataset/slice_mixed/rome_slow_close/tr0/exp1/bs2/bs2.csv,1021856.0
1602351590402,8,1233504.0,94528.0,slice_mixed,rome_slow_close,tr0,exp1,bs2,data/colosseum-oran-commag-dataset/slice_mixed/rome_slow_close/tr0/exp1/bs2/bs2.csv,1328032.0
1602351590652,8,1127872.625,28398.40625,slice_mixed,rome_slow_close,tr0,exp1,bs2,data/colosseum-oran-commag-dataset/slice_mixed/rome_slow_close/tr0/exp1/bs2/bs2.csv,1156271.03125
1602351590902,8,1140832.0,46432.0,slice_mixed,rome_slow_close,tr0,exp1,bs2,data/colosseum-oran-commag-dataset/slice_mixed/rome_slow_close/tr0/exp1/bs2/bs2.csv,1187264.0
1602351591152,8,2162048.0,0.0,slice_mixed,rome_slow_close,tr0,exp1,bs2,data/colosseum-oran-commag-dataset/slice_mixed/rome_slow_close/tr0/exp1/bs2/bs2.csv,2162048.0
1602351591402,8,1470400.0,71424.0,slice_mixed,rome_slow_close,tr0,exp1,bs2,data/colosseum-oran-commag-dataset/slice_mixed/rome_slow_close/tr0/exp1/bs2/bs2.csv,1541824.0
1602351591652,8,1355438.375,33743.164062,slice_mixed,rome_slow_close,tr0,exp1,bs2,data/colosseum-oran-commag-dataset/slice_mixed/rome_slow_close/tr0/exp1/bs2/bs2.csv,1389181.539062
1602351591902,8,1054411.125,77536.0,slice_mixed,rome_slow_close,tr0,exp1,bs2,data/colosseum-oran-commag-dataset/slice_mixed/rome_slow_close/tr0/exp1/bs2/bs2.csv,1131947.125
1602351592152,8,1148207.125,1561.75293,slice_mixed,rome_slow_close,tr0,exp1,bs2,data/colosseum-oran-commag-dataset/slice_mixed/rome_slow_close/tr0/exp1/bs2/bs2.csv,1149768.87793
1602351592403,8,1094907.625,112867.46875,slice_mixed,rome_slow_close,tr0,exp1,bs2,data/colosseum-oran-commag-dataset/slice_mixed/rome_slow_close/tr0/exp1/bs2/bs2.csv,1207775.09375
1602351592652,8,1186613.625,9752.988281,slice_mixed,rome_slow_close,tr0,exp1,bs2,data/colosseum-oran-commag-dataset/slice_mixed/rome_slow_close/tr0/exp1/bs2/bs2.csv,1196366.613281
1602351592902,8,1078336.0,47936.0,slice_mixed,rome_slow_close,tr0,exp1,bs2,data/colosseum-oran-commag-dataset/slice_mixed/rome_slow_close/tr0/exp1/bs2/bs2.csv,1126272.0
1602351593152,8,1106304.0,0.0,slice_mixed,rome_slow_close,tr0,exp1,bs2,data/colosseum-oran-commag-dataset/slice_mixed/rome_slow_close/tr0/exp1/bs2/bs2.csv,1106304.0
1602351593403,8,1164626.5,85493.976562,slice_mixed,rome_slow_close,tr0,exp1,bs2,data/colosseum-oran-commag-dataset/slice_mixed/rome_slow_close/tr0/exp1/bs2/bs2.csv,1250120.4765619999
1602351593652,8,1221024.0,33376.0,slice_mixed,rome_slow_close,tr0,exp1,bs2,data/colosseum-oran-commag-dataset/slice_mixed/rome_slow_close/tr0/exp1/bs2/bs2.csv,1254400.0
1602351593902,8,1047488.0,40448.0,slice_mixed,rome_slow_close,tr0,exp1,bs2,data/colosseum-oran-commag-dataset/slice_mixed/rome_slow_close/tr0/exp1/bs2/bs2.csv,1087936.0
1602351594153,9,1120640.0,16256.0,slice_mixed,rome_slow_close,tr0,exp1,bs2,data/colosseum-oran-commag-dataset/slice_mixed/rome_slow_close/tr0/exp1/bs2/bs2.csv,1136896.0
1602351594403,8,1320003.5,74425.75,slice_mixed,rome_slow_close,tr0,exp1,bs2,data/colosseum-oran-commag-dataset/slice_mixed/rome_slow_close/tr0/exp1/bs2/bs2.csv,1394429.25
1602351594653,10,1489186.75,0.0,slice_mixed,rome_slow_close,tr0,exp1,bs2,data/colosseum-oran-commag-dataset/slice_mixed/rome_slow_close/tr0/exp1/bs2/bs2.csv,1489186.75
1602351594903,8,1379761.0,105632.0,slice_mixed,rome_slow_close,tr0,exp1,bs2,data/colosseum-oran-commag-dataset/slice_mixed/rome_slow_close/tr0/exp1/bs2/bs2.csv,1485393.0
1602351595153,8,1099488.0,15520.0,slice_mixed,rome_slow_close,tr0,exp1,bs2,data/colosseum-oran-commag-dataset/slice_mixed/rome_slow_close/tr0/exp1/bs2/bs2.csv,1115008.0
1602351595403,8,1301026.625,150740.265625,slice_mixed,rome_slow_close,tr0,exp1,bs2,data/colosseum-oran-commag-dataset/slice_mixed/rome_slow_close/tr0/exp1/bs2/bs2.csv,1451766.890625
1602351595653,8,1120860.375,0.0,slice_mixed,rome_slow_close,tr0,exp1,bs2,data/colosseum-oran-commag-dataset/slice_mixed/rome_slow_close/tr0/exp1/bs2/bs2.csv,1120860.375
1602351595902,8,1022880.0,69344.0,slice_mixed,rome_slow_close,tr0,exp1,bs2,data/colosseum-oran-commag-dataset/slice_mixed/rome_slow_close/tr0/exp1/bs2/bs2.csv,1092224.0
1602351596153,8,997600.0,15520.0,slice_mixed,rome_slow_close,tr0,exp1,bs2,data/colosseum-oran-commag-dataset/slice_mixed/rome_slow_close/tr0/exp1/bs2/bs2.csv,1013120.0
1602351596403,8,1160512.0,131072.0,slice_mixed,rome_slow_close,tr0,exp1,bs2,data/colosseum-oran-commag-dataset/slice_mixed/rome_slow_close/tr0/exp1/bs2/bs2.csv,1291584.0
1602351596652,8,1212672.0,0.0,slice_mixed,rome_slow_close,tr0,exp1,bs2,data/colosseum-oran-commag-dataset/slice_mixed/rome_slow_close/tr0/exp1/bs2/bs2.csv,1212672.0
1602351596903,9,1310678.5,61601.910156,slice_mixed,rome_slow_close,tr0,exp1,bs2,data/colosseum-oran-commag-dataset/slice_mixed/rome_slow_close/tr0/exp1/bs2/bs2.csv,1372280.410156
1602351597152,9,1227569.625,10900.398438,slice_mixed,rome_slow_close,tr0,exp1,bs2,data/colosseum-oran-commag-dataset/slice_mixed/rome_slow_close/tr0/exp1/bs2/bs2.csv,1238470.023438
1602351597403,9,1417440.0,71168.0,slice_mixed,rome_slow_close,tr0,exp1,bs2,data/colosseum-oran-commag-dataset/slice_mixed/rome_slow_close/tr0/exp1/bs2/bs2.csv,1488608.0
1602351597652,9,1633152.0,10336.0,slice_mixed,rome_slow_close,tr0,exp1,bs2,data/colosseum-oran-commag-dataset/slice_mixed/rome_slow_close/tr0/exp1/bs2/bs2.csv,1643488.0
1602351597903,9,1406149.875,151845.0,slice_mixed,rome_slow_close,tr0,exp1,bs2,data/colosseum-oran-commag-dataset/slice_mixed/rome_slow_close/tr0/exp1/bs2/bs2.csv,1557994.875
1602351598152,9,1363050.75,0.0,slice_mixed,rome_slow_close,tr0,exp1,bs2,data/colosseum-oran-commag-dataset/slice_mixed/rome_slow_close/tr0/exp1/bs2/bs2.csv,1363050.75
1602351598402,9,1287904.0,80576.0,slice_mixed,rome_slow_close,tr0,exp1,bs2,data/colosseum-oran-commag-dataset/slice_mixed/rome_slow_close/tr0/exp1/bs2/bs2.csv,1368480.0
1602351598653,9,1541718.75,8514.056641,slice_mixed,rome_slow_close,tr0,exp1,bs2,data/colosseum-oran-commag-dataset/slice_mixed/rome_slow_close/tr0/exp1/bs2/bs2.csv,1550232.806641
1602351598903,9,1394167.25,55107.570312,slice_mixed,rome_slow_close,tr0,exp1,bs2,data/colosseum-oran-commag-dataset/slice_mixed/rome_slow_close/tr0/exp1/bs2/bs2.csv,1449274.820312
1602351599152,9,1370400.0,1568.0,slice_mixed,rome_slow_close,tr0,exp1,bs2,data/colosseum-oran-commag-dataset/slice_mixed/rome_slow_close/tr0/exp1/bs2/bs2.csv,1371968.0
1602351599402,9,1414368.0,56480.0,slice_mixed,rome_slow_close,tr0,exp1,bs2,data/colosseum-oran-commag-dataset/slice_mixed/rome_slow_close/tr0/exp1/bs2/bs2.csv,1470848.0
1602351599653,9,1585767.125,30072.289062,slice_mixed,rome_slow_close,tr0,exp1,bs2,data/colosseum-oran-commag-dataset/slice_mixed/rome_slow_close/tr0/exp1/bs2/bs2.csv,1615839.414062
1602351599903,9,1323104.0,49984.0,slice_mixed,rome_slow_close,tr0,exp1,bs2,data/colosseum-oran-commag-dataset/slice_mixed/rome_slow_close/tr0/exp1/bs2/bs2.csv,1373088.0
1602351600153,9,1172000.0,77536.0,slice_mixed,rome_slow_close,tr0,exp1,bs2,data/colosseum-oran-commag-dataset/slice_mixed/rome_slow_close/tr0/exp1/bs2/bs2.csv,1249536.0
1602351600403,9,1134214.5,95352.984375,slice_mixed,rome_slow_close,tr0,exp1,bs2,data/colosseum-oran-commag-dataset/slice_mixed/rome_slow_close/tr0/exp1/bs2/bs2.csv,1229567.484375
1602351600653,9,1468274.375,0.0,slice_mixed,rome_slow_close,tr0,exp1,bs2,data/colosseum-oran-commag-dataset/slice_mixed/rome_slow_close/tr0/exp1/bs2/bs2.csv,1468274.375
1602351600903,9,1308476.125,34772.910156,slice_mixed,rome_slow_close,tr0,exp1,bs2,data/colosseum-oran-commag-dataset/slice_mixed/rome_slow_close/tr0/exp1/bs2/bs2.csv,1343249.035156
1602351601153,9,1380088.25,0.0,slice_mixed,rome_slow_close,tr0,exp1,bs2,data/colosseum-oran-commag-dataset/slice_mixed/rome_slow_close/tr0/exp1/bs2/bs2.csv,1380088.25
1602351601403,9,1236548.75,113181.453125,slice_mixed,rome_slow_close,tr0,exp1,bs2,data/colosseum-oran-commag-dataset/slice_mixed/rome_slow_close/tr0/exp1/bs2/bs2.csv,1349730.203125
1602351601653,9,1037605.9375,19504.191406,slice_mixed,rome_slow_close,tr0,exp1,bs2,data/colosseum-oran-commag-dataset/slice_mixed/rome_slow_close/tr0/exp1/bs2/bs2.csv,1057110.128906
1602351601903,9,1366400.0,42272.0,slice_mixed,rome_slow_close,tr0,exp1,bs2,data/colosseum-oran-commag-dataset/slice_mixed/rome_slow_close/tr0/exp1/bs2/bs2.csv,1408672.0
1602351602153,9,1376512.0,9376.0,slice_mixed,rome_slow_close,tr0,exp1,bs2,data/colosseum-oran-commag-dataset/slice_mixed/rome_slow_close/tr0/exp1/bs2/bs2.csv,1385888.0
1602351602402,8,1144352.0,77344.0,slice_mixed,rome_slow_close,tr0,exp1,bs2,data/colosseum-oran-commag-dataset/slice_mixed/rome_slow_close/tr0/exp1/bs2/bs2.csv,1221696.0
1602351602653,8,1095616.0,9376.0,slice_mixed,rome_slow_close,tr0,exp1,bs2,data/colosseum-oran-commag-dataset/slice_mixed/rome_slow_close/tr0/exp1/bs2/bs2.csv,1104992.0
1602351602902,8,1212384.0,54400.0,slice_mixed,rome_slow_close,tr0,exp1,bs2,data/colosseum-oran-commag-dataset/slice_mixed/rome_slow_close/tr0/exp1/bs2/bs2.csv,1266784.0
1602351603152,8,1134240.0,10944.0,slice_mixed,rome_slow_close,tr0,exp1,bs2,data/colosseum-oran-commag-dataset/slice_mixed/rome_slow_close/tr0/exp1/bs2/bs2.csv,1145184.0
1602351603402,8,1217632.0,75520.0,slice_mixed,rome_slow_close,tr0,exp1,bs2,data/colosseum-oran-commag-dataset/slice_mixed/rome_slow_close/tr0/exp1/bs2/bs2.csv,1293152.0
1602351603652,8,1120192.0,60608.0,slice_mixed,rome_slow_close,tr0,exp1,bs2,data/colosseum-oran-commag-dataset/slice_mixed/rome_slow_close/tr0/exp1/bs2/bs2.csv,1180800.0
1602351603902,8,1202390.5,51697.210938,slice_mixed,rome_slow_close,tr0,exp1,bs2,data/colosseum-oran-commag-dataset/slice_mixed/rome_slow_close/tr0/exp1/bs2/bs2.csv,1254087.710938
1602351604152,8,1273248.0,0.0,slice_mixed,rome_slow_close,tr0,exp1,bs2,data/colosseum-oran-commag-dataset/slice_mixed/rome_slow_close/tr0/exp1/bs2/bs2.csv,1273248.0
1602351604402,8,1146112.0,147232.0,slice_mixed,rome_slow_close,tr0,exp1,bs2,data/colosseum-oran-commag-dataset/slice_mixed/rome_slow_close/tr0/exp1/bs2/bs2.csv,1293344.0
1602351604652,8,1071872.0,40352.0,slice_mixed,rome_slow_close,tr0,exp1,bs2,data/colosseum-oran-commag-dataset/slice_mixed/rome_slow_close/tr0/exp1/bs2/bs2.csv,1112224.0
1602351604902,8,1124992.0,43168.0,slice_mixed,rome_slow_close,tr0,exp1,bs2,data/colosseum-oran-commag-dataset/slice_mixed/rome_slow_close/tr0/exp1/bs2/bs2.csv,1168160.0
1602351605153,8,1814944.0,28992.0,slice_mixed,rome_slow_close,tr0,exp1,bs2,data/colosseum-oran-commag-dataset/slice_mixed/rome_slow_close/tr0/exp1/bs2/bs2.csv,1843936.0
1602351605402,8,981824.0,61536.0,slice_mixed,rome_slow_close,tr0,exp1,bs2,data/colosseum-oran-commag-dataset/slice_mixed/rome_slow_close/tr0/exp1/bs2/bs2.csv,1043360.0
1602351605652,8,977088.0,15616.0,slice_mixed,rome_slow_close,tr0,exp1,bs2,data/colosseum-oran-commag-dataset/slice_mixed/rome_slow_close/tr0/exp1/bs2/bs2.csv,992704.0
1602351605902,8,918528.0,45504.0,slice_mixed,rome_slow_close,tr0,exp1,bs2,data/colosseum-oran-commag-dataset/slice_mixed/rome_slow_close/tr0/exp1/bs2/bs2.csv,964032.0
1602351606152,8,738816.0,16928.0,slice_mixed,rome_slow_close,tr0,exp1,bs2,data/colosseum-oran-commag-dataset/slice_mixed/rome_slow_close/tr0/exp1/bs2/bs2.csv,755744.0
1602351606402,8,921028.125,86554.21875,slice_mixed,rome_slow_close,tr0,exp1,bs2,data/colosseum-oran-commag-dataset/slice_mixed/rome_slow_close/tr0/exp1/bs2/bs2.csv,1007582.34375
1602351606652,8,842912.0,14208.0,slice_mixed,rome_slow_close,tr0,exp1,bs2,data/colosseum-oran-commag-dataset/slice_mixed/rome_slow_close/tr0/exp1/bs2/bs2.csv,857120.0
1602351606903,8,1054056.75,39104.0,slice_mixed,rome_slow_close,tr0,exp1,bs2,data/colosseum-oran-commag-dataset/slice_mixed/rome_slow_close/tr0/exp1/bs2/bs2.csv,1093160.75
1602351607152,8,1086481.5,6752.0,slice_mixed,rome_slow_close,tr0,exp1,bs2,data/colosseum-oran-commag-dataset/slice_mixed/rome_slow_close/tr0/exp1/bs2/bs2.csv,1093233.5
1602351607402,8,1135426.25,83984.0625,slice_mixed,rome_slow_close,tr0,exp1,bs2,data/colosseum-oran-commag-dataset/slice_mixed/rome_slow_close/tr0/exp1/bs2/bs2.csv,1219410.3125
1602351607653,8,1105508.125,14200.802734,slice_mixed,rome_slow_close,tr0,exp1,bs2,data/colosseum-oran-commag-dataset/slice_mixed/rome_slow_close/tr0/exp1/bs2/bs2.csv,1119708.927734
1602351607902,8,1243177.375,20320.0,slice_mixed,rome_slow_close,tr0,exp1,bs2,data/colosseum-oran-commag-dataset/slice_mixed/rome_slow_close/tr0/exp1/bs2/bs2.csv,1263497.375
1602351608152,8,1027726.9375,0.0,slice_mixed,rome_slow_close,tr0,exp1,bs2,data/colosseum-oran-commag-dataset/slice_mixed/rome_slow_close/tr0/exp1/bs2/bs2.csv,1027726.9375
1602351608403,8,1262688.0,122208.0,slice_mixed,rome_slow_close,tr0,exp1,bs2,data/colosseum-oran-commag-dataset/slice_mixed/rome_slow_close/tr0/exp1/bs2/bs2.csv,1384896.0
1602351608653,8,1082048.0,8000.0,slice_mixed,rome_slow_close,tr0,exp1,bs2,data/colosseum-oran-commag-dataset/slice_mixed/rome_slow_close/tr0/exp1/bs2/bs2.csv,1090048.0
1602351608902,8,1073472.0,28864.0,slice_mixed,rome_slow_close,tr0,exp1,bs2,data/colosseum-oran-commag-dataset/slice_mixed/rome_slow_close/tr0/exp1/bs2/bs2.csv,1102336.0
1602351609153,8,1276992.0,0.0,slice_mixed,rome_slow_close,tr0,exp1,bs2,data/colosseum-oran-commag-dataset/slice_mixed/rome_slow_close/tr0/exp1/bs2/bs2.csv,1276992.0
1602351609402,8,1127072.0,123424.0,slice_mixed,rome_slow_close,tr0,exp1,bs2,data/colosseum-oran-commag-dataset/slice_mixed/rome_slow_close/tr0/exp1/bs2/bs2.csv,1250496.0
1602351609652,8,1324320.0,109984.0,slice_mixed,rome_slow_close,tr0,exp1,bs2,data/colosseum-oran-commag-dataset/slice_mixed/rome_slow_close/tr0/exp1/bs2/bs2.csv,1434304.0
1602351609902,8,1429120.0,17056.0,slice_mixed,rome_slow_close,tr0,exp1,bs2,data/colosseum-oran-commag-dataset/slice_mixed/rome_slow_close/tr0/exp1/bs2/bs2.csv,1446176.0
1602351610153,8,1249952.0,104672.0,slice_mixed,rome_slow_close,tr0,exp1,bs2,data/colosseum-oran-commag-dataset/slice_mixed/rome_slow_close/tr0/exp1/bs2/bs2.csv,1354624.0
1602351610402,8,918055.6875,157768.9375,slice_mixed,rome_slow_close,tr0,exp1,bs2,data/colosseum-oran-commag-dataset/slice_mixed/rome_slow_close/tr0/exp1/bs2/bs2.csv,1075824.625
1602351610653,8,1067488.0,16640.0,slice_mixed,rome_slow_close,tr0,exp1,bs2,data/colosseum-oran-commag-dataset/slice_mixed/rome_slow_close/tr0/exp1/bs2/bs2.csv,1084128.0
1602351610902,8,958944.0,128000.0,slice_mixed,rome_slow_close,tr0,exp1,bs2,data/colosseum-oran-commag-dataset/slice_mixed/rome_slow_close/tr0/exp1/bs2/bs2.csv,1086944.0
1602351611152,8,1211328.0,11552.0,slice_mixed,rome_slow_close,tr0,exp1,bs2,data/colosseum-oran-commag-dataset/slice_mixed/rome_slow_close/tr0/exp1/bs2/bs2.csv,1222880.0
1602351611402,8,1142400.0,94944.0,slice_mixed,rome_slow_close,tr0,exp1,bs2,data/colosseum-oran-commag-dataset/slice_mixed/rome_slow_close/tr0/exp1/bs2/bs2.csv,1237344.0
1602351611652,8,1256768.0,33728.0,slice_mixed,rome_slow_close,tr0,exp1,bs2,data/colosseum-oran-commag-dataset/slice_mixed/rome_slow_close/tr0/exp1/bs2/bs2.csv,1290496.0
1602351611902,8,992032.0,33472.0,slice_mixed,rome_slow_close,tr0,exp1,bs2,data/colosseum-oran-commag-dataset/slice_mixed/rome_slow_close/tr0/exp1/bs2/bs2.csv,1025504.0
1602351612152,8,1562944.0,46112.0,slice_mixed,rome_slow_close,tr0,exp1,bs2,data/colosseum-oran-commag-dataset/slice_mixed/rome_slow_close/tr0/exp1/bs2/bs2.csv,1609056.0
1602351612402,8,1066538.125,205269.078125,slice_mixed,rome_slow_close,tr0,exp1,bs2,data/colosseum-oran-commag-dataset/slice_mixed/rome_slow_close/tr0/exp1/bs2/bs2.csv,1271807.203125
1602351612652,8,998005.3125,0.0,slice_mixed,rome_slow_close,tr0,exp1,bs2,data/colosseum-oran-commag-dataset/slice_mixed/rome_slow_close/tr0/exp1/bs2/bs2.csv,998005.3125
1602351612902,8,1086602.0,24956.175781,slice_mixed,rome_slow_close,tr0,exp1,bs2,data/colosseum-oran-commag-dataset/slice_mixed/rome_slow_close/tr0/exp1/bs2/bs2.csv,1111558.175781
1602351613152,8,1183657.25,11936.0,slice_mixed,rome_slow_close,tr0,exp1,bs2,data/colosseum-oran-commag-dataset/slice_mixed/rome_slow_close/tr0/exp1/bs2/bs2.csv,1195593.25
1602351613402,8,1385663.625,47872.0,slice_mixed,rome_slow_close,tr0,exp1,bs2,data/colosseum-oran-commag-dataset/slice_mixed/rome_slow_close/tr0/exp1/bs2/bs2.csv,1433535.625
1602351613653,8,949551.6875,119828.304688,slice_mixed,rome_slow_close,tr0,exp1,bs2,data/colosseum-oran-commag-dataset/slice_mixed/rome_slow_close/tr0/exp1/bs2/bs2.csv,1069379.9921880001
1602351613903,8,1140666.75,35040.0,slice_mixed,rome_slow_close,tr0,exp1,bs2,data/colosseum-oran-commag-dataset/slice_mixed/rome_slow_close/tr0/exp1/bs2/bs2.csv,1175706.75
1602351614153,8,1199792.25,5312.0,slice_mixed,rome_slow_close,tr0,exp1,bs2,data/colosseum-oran-commag-dataset/slice_mixed/rome_slow_close/tr0/exp1/bs2/bs2.csv,1205104.25
1602351614403,8,1323441.0,101712.960938,slice_mixed,rome_slow_close,tr0,exp1,bs2,data/colosseum-oran-commag-dataset/slice_mixed/rome_slow_close/tr0/exp1/bs2/bs2.csv,1425153.9609380001
1602351614653,8,1480282.75,28869.865234,slice_mixed,rome_slow_close,tr0,exp1,bs2,data/colosseum-oran-commag-dataset/slice_mixed/rome_slow_close/tr0/exp1/bs2/bs2.csv,1509152.615234
1602351614903,8,1142800.875,14592.0,slice_mixed,rome_slow_close,tr0,exp1,bs2,data/colosseum-oran-commag-dataset/slice_mixed/rome_slow_close/tr0/exp1/bs2/bs2.csv,1157392.875
1602351615153,8,1172554.0,5290.836914,slice_mixed,rome_slow_close,tr0,exp1,bs2,data/colosseum-oran-commag-dataset/slice_mixed/rome_slow_close/tr0/exp1/bs2/bs2.csv,1177844.836914
1602351615403,8,1025450.1875,115577.570312,slice_mixed,rome_slow_close,tr0,exp1,bs2,data/colosseum-oran-commag-dataset/slice_mixed/rome_slow_close/tr0/exp1/bs2/bs2.csv,1141027.7578119999
1602351615652,8,982272.0,1568.0,slice_mixed,rome_slow_close,tr0,exp1,bs2,data/colosseum-oran-commag-dataset/slice_mixed/rome_slow_close/tr0/exp1/bs2/bs2.csv,983840.0
1602351615902,8,1197664.0,50976.0,slice_mixed,rome_slow_close,tr0,exp1,bs2,data/colosseum-oran-commag-dataset/slice_mixed/rome_slow_close/tr0/exp1/bs2/bs2.csv,1248640.0
1602351616152,8,998592.0,0.0,slice_mixed,rome_slow_close,tr0,exp1,bs2,data/colosseum-oran-commag-dataset/slice_mixed/rome_slow_close/tr0/exp1/bs2/bs2.csv,998592.0
1602351616402,8,934048.0,50848.0,slice_mixed,rome_slow_close,tr0,exp1,bs2,data/colosseum-oran-commag-dataset/slice_mixed/rome_slow_close/tr0/exp1/bs2/bs2.csv,984896.0
1602351616652,8,876832.0,74784.0,slice_mixed,rome_slow_close,tr0,exp1,bs2,data/colosseum-oran-commag-dataset/slice_mixed/rome_slow_close/tr0/exp1/bs2/bs2.csv,951616.0
1602351616902,8,1099665.25,10900.398438,slice_mixed,rome_slow_close,tr0,exp1,bs2,data/colosseum-oran-commag-dataset/slice_mixed/rome_slow_close/tr0/exp1/bs2/bs2.csv,1110565.648438
1602351617152,8,970784.0,53952.0,slice_mixed,rome_slow_close,tr0,exp1,bs2,data/colosseum-oran-commag-dataset/slice_mixed/rome_slow_close/tr0/exp1/bs2/bs2.csv,1024736.0
1602351617402,8,1327072.0,120736.0,slice_mixed,rome_slow_close,tr0,exp1,bs2,data/colosseum-oran-commag-dataset/slice_mixed/rome_slow_close/tr0/exp1/bs2/bs2.csv,1447808.0
1602351617652,8,777124.5,11598.393555,slice_mixed,rome_slow_close,tr0,exp1,bs2,data/colosseum-oran-commag-dataset/slice_mixed/rome_slow_close/tr0/exp1/bs2/bs2.csv,788722.893555
1602351617902,8,780047.8125,21928.287109,slice_mixed,rome_slow_close,tr0,exp1,bs2,data/colosseum-oran-commag-dataset/slice_mixed/rome_slow_close/tr0/exp1/bs2/bs2.csv,801976.099609
1602351618152,8,415657.125,17439.486328,slice_mixed,rome_slow_close,tr0,exp1,bs2,data/colosseum-oran-commag-dataset/slice_mixed/rome_slow_close/tr0/exp1/bs2/bs2.csv,433096.61132799997
1602351618402,8,757310.1875,93698.546875,slice_mixed,rome_slow_close,tr0,exp1,bs2,data/colosseum-oran-commag-dataset/slice_mixed/rome_slow_close/tr0/exp1/bs2/bs2.csv,851008.734375
1602351618652,8,1247325.25,9413.654297,slice_mixed,rome_slow_close,tr0,exp1,bs2,data/colosseum-oran-commag-dataset/slice_mixed/rome_slow_close/tr0/exp1/bs2/bs2.csv,1256738.904297
1602351618902,8,1462948.25,37896.414062,slice_mixed,rome_slow_close,tr0,exp1,bs2,data/colosseum-oran-commag-dataset/slice_mixed/rome_slow_close/tr0/exp1/bs2/bs2.csv,1500844.664062
1602351619152,8,638537.5,27586.570312,slice_mixed,rome_slow_close,tr0,exp1,bs2,data/colosseum-oran-commag-dataset/slice_mixed/rome_slow_close/tr0/exp1/bs2/bs2.csv,666124.070312
1602351619402,8,644546.0625,91077.226562,slice_mixed,rome_slow_close,tr0,exp1,bs2,data/colosseum-oran-commag-dataset/slice_mixed/rome_slow_close/tr0/exp1/bs2/bs2.csv,735623.289062
1602351619652,8,391710.84375,15357.429688,slice_mixed,rome_slow_close,tr0,exp1,bs2,data/colosseum-oran-commag-dataset/slice_mixed/rome_slow_close/tr0/exp1/bs2/bs2.csv,407068.273438
1602351619902,8,638240.0,51392.0,slice_mixed,rome_slow_close,tr0,exp1,bs2,data/colosseum-oran-commag-dataset/slice_mixed/rome_slow_close/tr0/exp1/bs2/bs2.csv,689632.0
1602351620153,8,793780.25,21896.414062,slice_mixed,rome_slow_close,tr0,exp1,bs2,data/colosseum-oran-commag-dataset/slice_mixed/rome_slow_close/tr0/exp1/bs2/bs2.csv,815676.664062
1602351620403,8,1135850.875,156224.640625,slice_mixed,rome_slow_close,tr0,exp1,bs2,data/colosseum-oran-commag-dataset/slice_mixed/rome_slow_close/tr0/exp1/bs2/bs2.csv,1292075.515625
1602351620652,8,988832.875,42944.0,slice_mixed,rome_slow_close,tr0,exp1,bs2,data/colosseum-oran-commag-dataset/slice_mixed/rome_slow_close/tr0/exp1/bs2/bs2.csv,1031776.875
1602351620903,8,1106685.375,53815.261719,slice_mixed,rome_slow_close,tr0,exp1,bs2,data/colosseum-oran-commag-dataset/slice_mixed/rome_slow_close/tr0/exp1/bs2/bs2.csv,1160500.636719
1602351621153,8,1108704.0,18656.0,slice_mixed,rome_slow_close,tr0,exp1,bs2,data/colosseum-oran-commag-dataset/slice_mixed/rome_slow_close/tr0/exp1/bs2/bs2.csv,1127360.0
1602351621403,8,979289.0,131124.90625,slice_mixed,rome_slow_close,tr0,exp1,bs2,data/colosseum-oran-commag-dataset/slice_mixed/rome_slow_close/tr0/exp1/bs2/bs2.csv,1110413.90625
1602351621653,8,1058880.25,39550.199219,slice_mixed,rome_slow_close,tr0,exp1,bs2,data/colosseum-oran-commag-dataset/slice_mixed/rome_slow_close/tr0/exp1/bs2/bs2.csv,1098430.449219
1602351621902,8,836352.0,52576.0,slice_mixed,rome_slow_close,tr0,exp1,bs2,data/colosseum-oran-commag-dataset/slice_mixed/rome_slow_close/tr0/exp1/bs2/bs2.csv,888928.0
1602351622152,8,560416.0,1568.0,slice_mixed,rome_slow_close,tr0,exp1,bs2,data/colosseum-oran-commag-dataset/slice_mixed/rome_slow_close/tr0/exp1/bs2/bs2.csv,561984.0
1602351622402,8,904000.0,152320.0,slice_mixed,rome_slow_close,tr0,exp1,bs2,data/colosseum-oran-commag-dataset/slice_mixed/rome_slow_close/tr0/exp1/bs2/bs2.csv,1056320.0
1602351622652,8,646272.0,0.0,slice_mixed,rome_slow_close,tr0,exp1,bs2,data/colosseum-oran-commag-dataset/slice_mixed/rome_slow_close/tr0/exp1/bs2/bs2.csv,646272.0
1602351622903,8,780768.0,0.0,slice_mixed,rome_slow_close,tr0,exp1,bs2,data/colosseum-oran-commag-dataset/slice_mixed/rome_slow_close/tr0/exp1/bs2/bs2.csv,780768.0
1602351623152,8,649952.0,4256.0,slice_mixed,rome_slow_close,tr0,exp1,bs2,data/colosseum-oran-commag-dataset/slice_mixed/rome_slow_close/tr0/exp1/bs2/bs2.csv,654208.0
1602351623402,8,558752.0,158016.0,slice_mixed,rome_slow_close,tr0,exp1,bs2,data/colosseum-oran-commag-dataset/slice_mixed/rome_slow_close/tr0/exp1/bs2/bs2.csv,716768.0
1602351623652,8,612780.875,50358.566406,slice_mixed,rome_slow_close,tr0,exp1,bs2,data/colosseum-oran-commag-dataset/slice_mixed/rome_slow_close/tr0/exp1/bs2/bs2.csv,663139.4414059999
1602351623902,8,664896.0,72576.0,slice_mixed,rome_slow_close,tr0,exp1,bs2,data/colosseum-oran-commag-dataset/slice_mixed/rome_slow_close/tr0/exp1/bs2/bs2.csv,737472.0
1602351624152,8,559228.9375,6875.501953,slice_mixed,rome_slow_close,tr0,exp1,bs2,data/colosseum-oran-commag-dataset/slice_mixed/rome_slow_close/tr0/exp1/bs2/bs2.csv,566104.439453
1602351624402,8,635474.0625,106677.289062,slice_mixed,rome_slow_close,tr0,exp1,bs2,data/colosseum-oran-commag-dataset/slice_mixed/rome_slow_close/tr0/exp1/bs2/bs2.csv,742151.351562
1602351624652,8,712996.0,2602.409668,slice_mixed,rome_slow_close,tr0,exp1,bs2,data/colosseum-oran-commag-dataset/slice_mixed/rome_slow_close/tr0/exp1/bs2/bs2.csv,715598.409668
1602351624902,8,539665.375,79585.664062,slice_mixed,rome_slow_close,tr0,exp1,bs2,data/colosseum-oran-commag-dataset/slice_mixed/rome_slow_close/tr0/exp1/bs2/bs2.csv,619251.039062
1602351625153,8,537831.375,3148.594482,slice_mixed,rome_slow_close,tr0,exp1,bs2,data/colosseum-oran-commag-dataset/slice_mixed/rome_slow_close/tr0/exp1/bs2/bs2.csv,540979.969482
1602351625403,9,553224.4375,112192.0,slice_mixed,rome_slow_close,tr0,exp1,bs2,data/colosseum-oran-commag-dataset/slice_mixed/rome_slow_close/tr0/exp1/bs2/bs2.csv,665416.4375
1602351625653,9,1044066.1875,12660.756836,slice_mixed,rome_slow_close,tr0,exp1,bs2,data/colosseum-oran-commag-dataset/slice_mixed/rome_slow_close/tr0/exp1/bs2/bs2.csv,1056726.944336
1602351625903,10,1356224.0,50368.0,slice_mixed,rome_slow_close,tr0,exp1,bs2,data/colosseum-oran-commag-dataset/slice_mixed/rome_slow_close/tr0/exp1/bs2/bs2.csv,1406592.0
1602351626152,8,1082468.875,0.0,slice_mixed,rome_slow_close,tr0,exp1,bs2,data/colosseum-oran-commag-dataset/slice_mixed/rome_slow_close/tr0/exp1/bs2/bs2.csv,1082468.875
1602351626403,8,1094528.0,45056.0,slice_mixed,rome_slow_close,tr0,exp1,bs2,data/colosseum-oran-commag-dataset/slice_mixed/rome_slow_close/tr0/exp1/bs2/bs2.csv,1139584.0
1602351626653,8,1079346.75,16670.150391,slice_mixed,rome_slow_close,tr0,exp1,bs2,data/colosseum-oran-commag-dataset/slice_mixed/rome_slow_close/tr0/exp1/bs2/bs2.csv,1096016.900391
1602351626902,8,1381577.375,138410.40625,slice_mixed,rome_slow_close,tr0,exp1,bs2,data/colosseum-oran-commag-dataset/slice_mixed/rome_slow_close/tr0/exp1/bs2/bs2.csv,1519987.78125
1602351627152,8,1108494.625,11936.0,slice_mixed,rome_slow_close,tr0,exp1,bs2,data/colosseum-oran-commag-dataset/slice_mixed/rome_slow_close/tr0/exp1/bs2/bs2.csv,1120430.625
1602351627403,8,1088979.25,90880.0,slice_mixed,rome_slow_close,tr0,exp1,bs2,data/colosseum-oran-commag-dataset/slice_mixed/rome_slow_close/tr0/exp1/bs2/bs2.csv,1179859.25
1602351627653,8,1076352.0,94048.0,slice_mixed,rome_slow_close,tr0,exp1,bs2,data/colosseum-oran-commag-dataset/slice_mixed/rome_slow_close/tr0/exp1/bs2/bs2.csv,1170400.0
1602351627903,8,1012736.0,32480.0,slice_mixed,rome_slow_close,tr0,exp1,bs2,data/colosseum-oran-commag-dataset/slice_mixed/rome_slow_close/tr0/exp1/bs2/bs2.csv,1045216.0
1602351628153,8,1187712.0,11936.0,slice_mixed,rome_slow_close,tr0,exp1,bs2,data/colosseum-oran-commag-dataset/slice_mixed/rome_slow_close/tr0/exp1/bs2/bs2.csv,1199648.0
1602351628402,8,853600.0,114912.0,slice_mixed,rome_slow_close,tr0,exp1,bs2,data/colosseum-oran-commag-dataset/slice_mixed/rome_slow_close/tr0/exp1/bs2/bs2.csv,968512.0
1602351628652,8,883360.0,0.0,slice_mixed,rome_slow_close,tr0,exp1,bs2,data/colosseum-oran-commag-dataset/slice_mixed/rome_slow_close/tr0/exp1/bs2/bs2.csv,883360.0
1602351628903,8,1601056.0,43712.0,slice_mixed,rome_slow_close,tr0,exp1,bs2,data/colosseum-oran-commag-dataset/slice_mixed/rome_slow_close/tr0/exp1/bs2/bs2.csv,1644768.0
1602351629152,8,1242592.0,0.0,slice_mixed,rome_slow_close,tr0,exp1,bs2,data/colosseum-oran-commag-dataset/slice_mixed/rome_slow_close/tr0/exp1/bs2/bs2.csv,1242592.0
1602351629402,8,1496160.0,67232.0,slice_mixed,rome_slow_close,tr0,exp1,bs2,data/colosseum-oran-commag-dataset/slice_mixed/rome_slow_close/tr0/exp1/bs2/bs2.csv,1563392.0
1602351629652,8,1341440.0,50400.0,slice_mixed,rome_slow_close,tr0,exp1,bs2,data/colosseum-oran-commag-dataset/slice_mixed/rome_slow_close/tr0/exp1/bs2/bs2.csv,1391840.0
1602351629902,8,1317408.0,54400.0,slice_mixed,rome_slow_close,tr0,exp1,bs2,data/colosseum-oran-commag-dataset/slice_mixed/rome_slow_close/tr0/exp1/bs2/bs2.csv,1371808.0
1602351630152,8,1226549.75,3123.505859,slice_mixed,rome_slow_close,tr0,exp1,bs2,data/colosseum-oran-commag-dataset/slice_mixed/rome_slow_close/tr0/exp1/bs2/bs2.csv,1229673.255859
1602351630402,8,1177376.0,99648.0,slice_mixed,rome_slow_close,tr0,exp1,bs2,data/colosseum-oran-commag-dataset/slice_mixed/rome_slow_close/tr0/exp1/bs2/bs2.csv,1277024.0
1602351630652,8,1223744.0,61792.0,slice_mixed,rome_slow_close,tr0,exp1,bs2,data/colosseum-oran-commag-dataset/slice_mixed/rome_slow_close/tr0/exp1/bs2/bs2.csv,1285536.0
1602351630902,8,1474784.0,60352.0,slice_mixed,rome_slow_close,tr0,exp1,bs2,data/colosseum-oran-commag-dataset/slice_mixed/rome_slow_close/tr0/exp1/bs2/bs2.csv,1535136.0
1602351631152,8,1315534.25,9413.654297,slice_mixed,rome_slow_close,tr0,exp1,bs2,data/colosseum-oran-commag-dataset/slice_mixed/rome_slow_close/tr0/exp1/bs2/bs2.csv,1324947.904297
1602351631402,8,1115243.75,95810.039062,slice_mixed,rome_slow_close,tr0,exp1,bs2,data/colosseum-oran-commag-dataset/slice_mixed/rome_slow_close/tr0/exp1/bs2/bs2.csv,1211053.7890619999
1602351631652,8,1025358.8125,1561.75293,slice_mixed,rome_slow_close,tr0,exp1,bs2,data/colosseum-oran-commag-dataset/slice_mixed/rome_slow_close/tr0/exp1/bs2/bs2.csv,1026920.56543
1602351631902,8,1160288.0,33920.0,slice_mixed,rome_slow_close,tr0,exp1,bs2,data/colosseum-oran-commag-dataset/slice_mixed/rome_slow_close/tr0/exp1/bs2/bs2.csv,1194208.0
1602351632153,9,1423903.625,13911.646484,slice_mixed,rome_slow_close,tr0,exp1,bs2,data/colosseum-oran-commag-dataset/slice_mixed/rome_slow_close/tr0/exp1/bs2/bs2.csv,1437815.271484
1602351632403,10,1411520.0,182816.0,slice_mixed,rome_slow_close,tr0,exp1,bs2,data/colosseum-oran-commag-dataset/slice_mixed/rome_slow_close/tr0/exp1/bs2/bs2.csv,1594336.0
1602351632652,8,1477824.0,0.0,slice_mixed,rome_slow_close,tr0,exp1,bs2,data/colosseum-oran-commag-dataset/slice_mixed/rome_slow_close/tr0/exp1/bs2/bs2.csv,1477824.0
1602351632902,8,1330358.5,17051.792969,slice_mixed,rome_slow_close,tr0,exp1,bs2,data/colosseum-oran-commag-dataset/slice_mixed/rome_slow_close/tr0/exp1/bs2/bs2.csv,1347410.292969
1602351633152,7,942846.875,27520.0,slice_mixed,rome_slow_close,tr0,exp1,bs2,data/colosseum-oran-commag-dataset/slice_mixed/rome_slow_close/tr0/exp1/bs2/bs2.csv,970366.875
1602351633402,7,760372.3125,108534.492188,slice_mixed,rome_slow_close,tr0,exp1,bs2,data/colosseum-oran-commag-dataset/slice_mixed/rome_slow_close/tr0/exp1/bs2/bs2.csv,868906.804688
1602351633652,7,945248.0,72416.0,slice_mixed,rome_slow_close,tr0,exp1,bs2,data/colosseum-oran-commag-dataset/slice_mixed/rome_slow_close/tr0/exp1/bs2/bs2.csv,1017664.0
1602351633902,7,827456.0,58528.0,slice_mixed,rome_slow_close,tr0,exp1,bs2,data/colosseum-oran-commag-dataset/slice_mixed/rome_slow_close/tr0/exp1/bs2/bs2.csv,885984.0
1602351634152,7,731776.0,0.0,slice_mixed,rome_slow_close,tr0,exp1,bs2,data/colosseum-oran-commag-dataset/slice_mixed/rome_slow_close/tr0/exp1/bs2/bs2.csv,731776.0
1602351634403,7,857440.0,93056.0,slice_mixed,rome_slow_close,tr0,exp1,bs2,data/colosseum-oran-commag-dataset/slice_mixed/rome_slow_close/tr0/exp1/bs2/bs2.csv,950496.0
1602351634653,7,854225.875,25440.0,slice_mixed,rome_slow_close,tr0,exp1,bs2,data/colosseum-oran-commag-dataset/slice_mixed/rome_slow_close/tr0/exp1/bs2/bs2.csv,879665.875
1602351634902,7,924397.625,47904.0,slice_mixed,rome_slow_close,tr0,exp1,bs2,data/colosseum-oran-commag-dataset/slice_mixed/rome_slow_close/tr0/exp1/bs2/bs2.csv,972301.625
1602351635152,7,966368.0,9376.0,slice_mixed,rome_slow_close,tr0,exp1,bs2,data/colosseum-oran-commag-dataset/slice_mixed/rome_slow_close/tr0/exp1/bs2/bs2.csv,975744.0
1602351635402,7,936064.0,60416.0,slice_mixed,rome_slow_close,tr0,exp1,bs2,data/colosseum-oran-commag-dataset/slice_mixed/rome_slow_close/tr0/exp1/bs2/bs2.csv,996480.0
1602351635652,7,865568.0,77024.0,slice_mixed,rome_slow_close,tr0,exp1,bs2,data/colosseum-oran-commag-dataset/slice_mixed/rome_slow_close/tr0/exp1/bs2/bs2.csv,942592.0
1602351635902,7,718304.0,90592.0,slice_mixed,rome_slow_close,tr0,exp1,bs2,data/colosseum-oran-commag-dataset/slice_mixed/rome_slow_close/tr0/exp1/bs2/bs2.csv,808896.0
1602351636152,7,875328.0,8768.0,slice_mixed,rome_slow_close,tr0,exp1,bs2,data/colosseum-oran-commag-dataset/slice_mixed/rome_slow_close/tr0/exp1/bs2/bs2.csv,884096.0
1602351636402,7,813664.0,137504.0,slice_mixed,rome_slow_close,tr0,exp1,bs2,data/colosseum-oran-commag-dataset/slice_mixed/rome_slow_close/tr0/exp1/bs2/bs2.csv,951168.0
1602351636652,7,876876.5,9338.645508,slice_mixed,rome_slow_close,tr0,exp1,bs2,data/colosseum-oran-commag-dataset/slice_mixed/rome_slow_close/tr0/exp1/bs2/bs2.csv,886215.145508
1602351636902,7,793696.0,46848.0,slice_mixed,rome_slow_close,tr0,exp1,bs2,data/colosseum-oran-commag-dataset/slice_mixed/rome_slow_close/tr0/exp1/bs2/bs2.csv,840544.0
1602351637152,7,873504.0,3360.0,slice_mixed,rome_slow_close,tr0,exp1,bs2,data/colosseum-oran-commag-dataset/slice_mixed/rome_slow_close/tr0/exp1/bs2/bs2.csv,876864.0
1602351637402,7,903072.0,56960.0,slice_mixed,rome_slow_close,tr0,exp1,bs2,data/colosseum-oran-commag-dataset/slice_mixed/rome_slow_close/tr0/exp1/bs2/bs2.csv,960032.0
1602351637652,7,963008.0,30976.0,slice_mixed,rome_slow_close,tr0,exp1,bs2,data/colosseum-oran-commag-dataset/slice_mixed/rome_slow_close/tr0/exp1/bs2/bs2.csv,993984.0
1602351637902,7,855104.0,59136.0,slice_mixed,rome_slow_close,tr0,exp1,bs2,data/colosseum-oran-commag-dataset/slice_mixed/rome_slow_close/tr0/exp1/bs2/bs2.csv,914240.0
1602351638152,7,719392.0,0.0,slice_mixed,rome_slow_close,tr0,exp1,bs2,data/colosseum-oran-commag-dataset/slice_mixed/rome_slow_close/tr0/exp1/bs2/bs2.csv,719392.0
1602351638402,7,846489.9375,85943.773438,slice_mixed,rome_slow_close,tr0,exp1,bs2,data/colosseum-oran-commag-dataset/slice_mixed/rome_slow_close/tr0/exp1/bs2/bs2.csv,932433.710938
1602351638653,7,830368.0,26048.0,slice_mixed,rome_slow_close,tr0,exp1,bs2,data/colosseum-oran-commag-dataset/slice_mixed/rome_slow_close/tr0/exp1/bs2/bs2.csv,856416.0
1602351638902,7,823139.4375,44015.9375,slice_mixed,rome_slow_close,tr0,exp1,bs2,data/colosseum-oran-commag-dataset/slice_mixed/rome_slow_close/tr0/exp1/bs2/bs2.csv,867155.375
1602351639152,7,830811.25,0.0,slice_mixed,rome_slow_close,tr0,exp1,bs2,data/colosseum-oran-commag-dataset/slice_mixed/rome_slow_close/tr0/exp1/bs2/bs2.csv,830811.25
1602351639402,7,618976.0,163040.0,slice_mixed,rome_slow_close,tr0,exp1,bs2,data/colosseum-oran-commag-dataset/slice_mixed/rome_slow_close/tr0/exp1/bs2/bs2.csv,782016.0
1602351639652,7,666144.0,28256.0,slice_mixed,rome_slow_close,tr0,exp1,bs2,data/colosseum-oran-commag-dataset/slice_mixed/rome_slow_close/tr0/exp1/bs2/bs2.csv,694400.0
1602351639902,7,707920.375,96446.21875,slice_mixed,rome_slow_close,tr0,exp1,bs2,data/colosseum-oran-commag-dataset/slice_mixed/rome_slow_close/tr0/exp1/bs2/bs2.csv,804366.59375
1602351640152,7,644704.0,4256.0,slice_mixed,rome_slow_close,tr0,exp1,bs2,data/colosseum-oran-commag-dataset/slice_mixed/rome_slow_close/tr0/exp1/bs2/bs2.csv,648960.0
1602351640403,7,596562.25,151100.40625,slice_mixed,rome_slow_close,tr0,exp1,bs2,data/colosseum-oran-commag-dataset/slice_mixed/rome_slow_close/tr0/exp1/bs2/bs2.csv,747662.65625
1602351640653,7,726803.625,7200.0,slice_mixed,rome_slow_close,tr0,exp1,bs2,data/colosseum-oran-commag-dataset/slice_mixed/rome_slow_close/tr0/exp1/bs2/bs2.csv,734003.625
1602351640903,7,628360.125,89088.0,slice_mixed,rome_slow_close,tr0,exp1,bs2,data/colosseum-oran-commag-dataset/slice_mixed/rome_slow_close/tr0/exp1/bs2/bs2.csv,717448.125
1602351641153,7,788384.0,9376.0,slice_mixed,rome_slow_close,tr0,exp1,bs2,data/colosseum-oran-commag-dataset/slice_mixed/rome_slow_close/tr0/exp1/bs2/bs2.csv,797760.0
1602351641402,7,771360.0,76448.0,slice_mixed,rome_slow_close,tr0,exp1,bs2,data/colosseum-oran-commag-dataset/slice_mixed/rome_slow_close/tr0/exp1/bs2/bs2.csv,847808.0
1602351641652,7,796832.0,53632.0,slice_mixed,rome_slow_close,tr0,exp1,bs2,data/colosseum-oran-commag-dataset/slice_mixed/rome_slow_close/tr0/exp1/bs2/bs2.csv,850464.0
1602351641902,7,701184.0,77920.0,slice_mixed,rome_slow_close,tr0,exp1,bs2,data/colosseum-oran-commag-dataset/slice_mixed/rome_slow_close/tr0/exp1/bs2/bs2.csv,779104.0
1602351642152,7,755264.0,24288.0,slice_mixed,rome_slow_close,tr0,exp1,bs2,data/colosseum-oran-commag-dataset/slice_mixed/rome_slow_close/tr0/exp1/bs2/bs2.csv,779552.0
1602351642402,7,634336.0,91136.0,slice_mixed,rome_slow_close,tr0,exp1,bs2,data/colosseum-oran-commag-dataset/slice_mixed/rome_slow_close/tr0/exp1/bs2/bs2.csv,725472.0
1602351642652,7,802656.0,5184.0,slice_mixed,rome_slow_close,tr0,exp1,bs2,data/colosseum-oran-commag-dataset/slice_mixed/rome_slow_close/tr0/exp1/bs2/bs2.csv,807840.0
1602351642902,7,568992.0,63744.0,slice_mixed,rome_slow_close,tr0,exp1,bs2,data/colosseum-oran-commag-dataset/slice_mixed/rome_slow_close/tr0/exp1/bs2/bs2.csv,632736.0
1602351643152,7,497753.0,0.0,slice_mixed,rome_slow_close,tr0,exp1,bs2,data/colosseum-oran-commag-dataset/slice_mixed/rome_slow_close/tr0/exp1/bs2/bs2.csv,497753.0
1602351643402,7,493728.0,67840.0,slice_mixed,rome_slow_close,tr0,exp1,bs2,data/colosseum-oran-commag-dataset/slice_mixed/rome_slow_close/tr0/exp1/bs2/bs2.csv,561568.0
1602351643652,7,511840.0,11936.0,slice_mixed,rome_slow_close,tr0,exp1,bs2,data/colosseum-oran-commag-dataset/slice_mixed/rome_slow_close/tr0/exp1/bs2/bs2.csv,523776.0
1602351643902,7,678208.0,78464.0,slice_mixed,rome_slow_close,tr0,exp1,bs2,data/colosseum-oran-commag-dataset/slice_mixed/rome_slow_close/tr0/exp1/bs2/bs2.csv,756672.0
1602351644152,7,705734.9375,0.0,slice_mixed,rome_slow_close,tr0,exp1,bs2,data/colosseum-oran-commag-dataset/slice_mixed/rome_slow_close/tr0/exp1/bs2/bs2.csv,705734.9375
1602351644402,7,594741.0,73593.625,slice_mixed,rome_slow_close,tr0,exp1,bs2,data/colosseum-oran-commag-dataset/slice_mixed/rome_slow_close/tr0/exp1/bs2/bs2.csv,668334.625
1602351644653,7,531887.5625,47807.226562,slice_mixed,rome_slow_close,tr0,exp1,bs2,data/colosseum-oran-commag-dataset/slice_mixed/rome_slow_close/tr0/exp1/bs2/bs2.csv,579694.789062
1602351644902,7,564832.0,70304.0,slice_mixed,rome_slow_close,tr0,exp1,bs2,data/colosseum-oran-commag-dataset/slice_mixed/rome_slow_close/tr0/exp1/bs2/bs2.csv,635136.0
1602351645152,7,456096.0,23872.0,slice_mixed,rome_slow_close,tr0,exp1,bs2,data/colosseum-oran-commag-dataset/slice_mixed/rome_slow_close/tr0/exp1/bs2/bs2.csv,479968.0
1602351645402,7,602741.0625,109800.796875,slice_mixed,rome_slow_close,tr0,exp1,bs2,data/colosseum-oran-commag-dataset/slice_mixed/rome_slow_close/tr0/exp1/bs2/bs2.csv,712541.859375
1602351645652,7,757696.125,0.0,slice_mixed,rome_slow_close,tr0,exp1,bs2,data/colosseum-oran-commag-dataset/slice_mixed/rome_slow_close/tr0/exp1/bs2/bs2.csv,757696.125
1602351645902,7,685940.75,70560.0,slice_mixed,rome_slow_close,tr0,exp1,bs2,data/colosseum-oran-commag-dataset/slice_mixed/rome_slow_close/tr0/exp1/bs2/bs2.csv,756500.75
1602351646152,7,948800.0,7200.0,slice_mixed,rome_slow_close,tr0,exp1,bs2,data/colosseum-oran-commag-dataset/slice_mixed/rome_slow_close/tr0/exp1/bs2/bs2.csv,956000.0
1602351646403,7,619281.5625,80700.6875,slice_mixed,rome_slow_close,tr0,exp1,bs2,data/colosseum-oran-commag-dataset/slice_mixed/rome_slow_close/tr0/exp1/bs2/bs2.csv,699982.25
1602351646652,7,568463.6875,26528.0,slice_mixed,rome_slow_close,tr0,exp1,bs2,data/colosseum-oran-commag-dataset/slice_mixed/rome_slow_close/tr0/exp1/bs2/bs2.csv,594991.6875
1602351646903,7,917760.0,46656.0,slice_mixed,rome_slow_close,tr0,exp1,bs2,data/colosseum-oran-commag-dataset/slice_mixed/rome_slow_close/tr0/exp1/bs2/bs2.csv,964416.0
1602351647153,7,734464.0,63712.0,slice_mixed,rome_slow_close,tr0,exp1,bs2,data/colosseum-oran-commag-dataset/slice_mixed/rome_slow_close/tr0/exp1/bs2/bs2.csv,798176.0
1602351647403,7,918944.0,126624.0,slice_mixed,rome_slow_close,tr0,exp1,bs2,data/colosseum-oran-commag-dataset/slice_mixed/rome_slow_close/tr0/exp1/bs2/bs2.csv,1045568.0
1602351647652,7,911360.0,8416.0,slice_mixed,rome_slow_close,tr0,exp1,bs2,data/colosseum-oran-commag-dataset/slice_mixed/rome_slow_close/tr0/exp1/bs2/bs2.csv,919776.0
1602351647903,9,733280.0,61632.0,slice_mixed,rome_slow_close,tr0,exp1,bs2,data/colosseum-oran-commag-dataset/slice_mixed/rome_slow_close/tr0/exp1/bs2/bs2.csv,794912.0
1602351648153,9,623104.0,0.0,slice_mixed,rome_slow_close,tr0,exp1,bs2,data/colosseum-oran-commag-dataset/slice_mixed/rome_slow_close/tr0/exp1/bs2/bs2.csv,623104.0
1602351648403,8,599293.5625,156026.46875,slice_mixed,rome_slow_close,tr0,exp1,bs2,data/colosseum-oran-commag-dataset/slice_mixed/rome_slow_close/tr0/exp1/bs2/bs2.csv,755320.03125
1602351648652,8,790848.0,15104.0,slice_mixed,rome_slow_close,tr0,exp1,bs2,data/colosseum-oran-commag-dataset/slice_mixed/rome_slow_close/tr0/exp1/bs2/bs2.csv,805952.0
1602351648902,8,764576.0,43360.0,slice_mixed,rome_slow_close,tr0,exp1,bs2,data/colosseum-oran-commag-dataset/slice_mixed/rome_slow_close/tr0/exp1/bs2/bs2.csv,807936.0
1602351649153,8,865568.0,0.0,slice_mixed,rome_slow_close,tr0,exp1,bs2,data/colosseum-oran-commag-dataset/slice_mixed/rome_slow_close/tr0/exp1/bs2/bs2.csv,865568.0
1602351649402,7,584672.0,57344.0,slice_mixed,rome_slow_close,tr0,exp1,bs2,data/colosseum-oran-commag-dataset/slice_mixed/rome_slow_close/tr0/exp1/bs2/bs2.csv,642016.0
1602351649652,7,736640.0,29504.0,slice_mixed,rome_slow_close,tr0,exp1,bs2,data/colosseum-oran-commag-dataset/slice_mixed/rome_slow_close/tr0/exp1/bs2/bs2.csv,766144.0
1602351649902,7,746996.0625,130199.203125,slice_mixed,rome_slow_close,tr0,exp1,bs2,data/colosseum-oran-commag-dataset/slice_mixed/rome_slow_close/tr0/exp1/bs2/bs2.csv,877195.265625
1602351650152,7,869216.0,0.0,slice_mixed,rome_slow_close,tr0,exp1,bs2,data/colosseum-oran-commag-dataset/slice_mixed/rome_slow_close/tr0/exp1/bs2/bs2.csv,869216.0
1602351650402,7,834112.0,45856.0,slice_mixed,rome_slow_close,tr0,exp1,bs2,data/colosseum-oran-commag-dataset/slice_mixed/rome_slow_close/tr0/exp1/bs2/bs2.csv,879968.0
1602351650652,7,649280.0,35328.0,slice_mixed,rome_slow_close,tr0,exp1,bs2,data/colosseum-oran-commag-dataset/slice_mixed/rome_slow_close/tr0/exp1/bs2/bs2.csv,684608.0
1602351650902,7,543552.0,70528.0,slice_mixed,rome_slow_close,tr0,exp1,bs2,data/colosseum-oran-commag-dataset/slice_mixed/rome_slow_close/tr0/exp1/bs2/bs2.csv,614080.0
1602351651152,7,734971.875,0.0,slice_mixed,rome_slow_close,tr0,exp1,bs2,data/colosseum-oran-commag-dataset/slice_mixed/rome_slow_close/tr0/exp1/bs2/bs2.csv,734971.875
1602351651402,7,733673.3125,43792.828125,slice_mixed,rome_slow_close,tr0,exp1,bs2,data/colosseum-oran-commag-dataset/slice_mixed/rome_slow_close/tr0/exp1/bs2/bs2.csv,777466.140625
1602351651652,7,766727.5,42152.351562,slice_mixed,rome_slow_close,tr0,exp1,bs2,data/colosseum-oran-commag-dataset/slice_mixed/rome_slow_close/tr0/exp1/bs2/bs2.csv,808879.851562
1602351651903,9,662401.625,57816.734375,slice_mixed,rome_slow_close,tr0,exp1,bs2,data/colosseum-oran-commag-dataset/slice_mixed/rome_slow_close/tr0/exp1/bs2/bs2.csv,720218.359375
1602351652153,9,690120.5,0.0,slice_mixed,rome_slow_close,tr0,exp1,bs2,data/colosseum-oran-commag-dataset/slice_mixed/rome_slow_close/tr0/exp1/bs2/bs2.csv,690120.5
1602351652402,7,723776.0,107776.0,slice_mixed,rome_slow_close,tr0,exp1,bs2,data/colosseum-oran-commag-dataset/slice_mixed/rome_slow_close/tr0/exp1/bs2/bs2.csv,831552.0
1602351652652,7,738176.0,50656.0,slice_mixed,rome_slow_close,tr0,exp1,bs2,data/colosseum-oran-commag-dataset/slice_mixed/rome_slow_close/tr0/exp1/bs2/bs2.csv,788832.0
1602351652902,7,609120.0,54752.0,slice_mixed,rome_slow_close,tr0,exp1,bs2,data/colosseum-oran-commag-dataset/slice_mixed/rome_slow_close/tr0/exp1/bs2/bs2.csv,663872.0
1602351653152,7,791360.0,2592.0,slice_mixed,rome_slow_close,tr0,exp1,bs2,data/colosseum-oran-commag-dataset/slice_mixed/rome_slow_close/tr0/exp1/bs2/bs2.csv,793952.0
1602351653402,7,689942.5625,80324.085938,slice_mixed,rome_slow_close,tr0,exp1,bs2,data/colosseum-oran-commag-dataset/slice_mixed/rome_slow_close/tr0/exp1/bs2/bs2.csv,770266.648438
1602351653653,7,521506.03125,62304.0,slice_mixed,rome_slow_close,tr0,exp1,bs2,data/colosseum-oran-commag-dataset/slice_mixed/rome_slow_close/tr0/exp1/bs2/bs2.csv,583810.03125
1602351653902,7,702944.0,81792.0,slice_mixed,rome_slow_close,tr0,exp1,bs2,data/colosseum-oran-commag-dataset/slice_mixed/rome_slow_close/tr0/exp1/bs2/bs2.csv,784736.0
1602351654152,7,713472.0,0.0,slice_mixed,rome_slow_close,tr0,exp1,bs2,data/colosseum-oran-commag-dataset/slice_mixed/rome_slow_close/tr0/exp1/bs2/bs2.csv,713472.0
1602351654402,7,853536.0,74976.0,slice_mixed,rome_slow_close,tr0,exp1,bs2,data/colosseum-oran-commag-dataset/slice_mixed/rome_slow_close/tr0/exp1/bs2/bs2.csv,928512.0
1602351654652,7,736288.0,0.0,slice_mixed,rome_slow_close,tr0,exp1,bs2,data/colosseum-oran-commag-dataset/slice_mixed/rome_slow_close/tr0/exp1/bs2/bs2.csv,736288.0
1602351654902,7,785120.0,56448.0,slice_mixed,rome_slow_close,tr0,exp1,bs2,data/colosseum-oran-commag-dataset/slice_mixed/rome_slow_close/tr0/exp1/bs2/bs2.csv,841568.0
1602351655152,7,845440.0,0.0,slice_mixed,rome_slow_close,tr0,exp1,bs2,data/colosseum-oran-commag-dataset/slice_mixed/rome_slow_close/tr0/exp1/bs2/bs2.csv,845440.0
1602351655402,7,709696.0,71424.0,slice_mixed,rome_slow_close,tr0,exp1,bs2,data/colosseum-oran-commag-dataset/slice_mixed/rome_slow_close/tr0/exp1/bs2/bs2.csv,781120.0
1602351655652,7,617184.0,0.0,slice_mixed,rome_slow_close,tr0,exp1,bs2,data/colosseum-oran-commag-dataset/slice_mixed/rome_slow_close/tr0/exp1/bs2/bs2.csv,617184.0
1602351655903,8,556991.25,88545.835938,slice_mixed,rome_slow_close,tr0,exp1,bs2,data/colosseum-oran-commag-dataset/slice_mixed/rome_slow_close/tr0/exp1/bs2/bs2.csv,645537.085938
1602351656152,8,621248.0,11936.0,slice_mixed,rome_slow_close,tr0,exp1,bs2,data/colosseum-oran-commag-dataset/slice_mixed/rome_slow_close/tr0/exp1/bs2/bs2.csv,633184.0
1602351656402,8,649657.125,85361.851562,slice_mixed,rome_slow_close,tr0,exp1,bs2,data/colosseum-oran-commag-dataset/slice_mixed/rome_slow_close/tr0/exp1/bs2/bs2.csv,735018.976562
1602351656653,8,1127775.125,29254.884766,slice_mixed,rome_slow_close,tr0,exp1,bs2,data/colosseum-oran-commag-dataset/slice_mixed/rome_slow_close/tr0/exp1/bs2/bs2.csv,1157030.009766
1602351656902,7,630615.1875,55136.0,slice_mixed,rome_slow_close,tr0,exp1,bs2,data/colosseum-oran-commag-dataset/slice_mixed/rome_slow_close/tr0/exp1/bs2/bs2.csv,685751.1875
1602351657152,7,625772.1875,0.0,slice_mixed,rome_slow_close,tr0,exp1,bs2,data/colosseum-oran-commag-dataset/slice_mixed/rome_slow_close/tr0/exp1/bs2/bs2.csv,625772.1875
1602351657402,7,733855.0625,72997.53125,slice_mixed,rome_slow_close,tr0,exp1,bs2,data/colosseum-oran-commag-dataset/slice_mixed/rome_slow_close/tr0/exp1/bs2/bs2.csv,806852.59375
1602351657652,7,1150852.5,12239.043945,slice_mixed,rome_slow_close,tr0,exp1,bs2,data/colosseum-oran-commag-dataset/slice_mixed/rome_slow_close/tr0/exp1/bs2/bs2.csv,1163091.543945
1602351657902,7,1234656.0,18464.0,slice_mixed,rome_slow_close,tr0,exp1,bs2,data/colosseum-oran-commag-dataset/slice_mixed/rome_slow_close/tr0/exp1/bs2/bs2.csv,1253120.0
1602351658152,7,896064.3125,45397.589844,slice_mixed,rome_slow_close,tr0,exp1,bs2,data/colosseum-oran-commag-dataset/slice_mixed/rome_slow_close/tr0/exp1/bs2/bs2.csv,941461.9023440001
1602351658402,7,365792.0,70368.0,slice_mixed,rome_slow_close,tr0,exp1,bs2,data/colosseum-oran-commag-dataset/slice_mixed/rome_slow_close/tr0/exp1/bs2/bs2.csv,436160.0
1602351658653,7,766560.0,32384.0,slice_mixed,rome_slow_close,tr0,exp1,bs2,data/colosseum-oran-commag-dataset/slice_mixed/rome_slow_close/tr0/exp1/bs2/bs2.csv,798944.0
1602351658903,9,684352.0,46816.0,slice_mixed,rome_slow_close,tr0,exp1,bs2,data/colosseum-oran-commag-dataset/slice_mixed/rome_slow_close/tr0/exp1/bs2/bs2.csv,731168.0
1602351659153,9,766752.0,9376.0,slice_mixed,rome_slow_close,tr0,exp1,bs2,data/colosseum-oran-commag-dataset/slice_mixed/rome_slow_close/tr0/exp1/bs2/bs2.csv,776128.0
1602351659403,7,749536.0,66912.0,slice_mixed,rome_slow_close,tr0,exp1,bs2,data/colosseum-oran-commag-dataset/slice_mixed/rome_slow_close/tr0/exp1/bs2/bs2.csv,816448.0
1602351659652,7,900672.0,33536.0,slice_mixed,rome_slow_close,tr0,exp1,bs2,data/colosseum-oran-commag-dataset/slice_mixed/rome_slow_close/tr0/exp1/bs2/bs2.csv,934208.0
1602351659903,7,795936.0,74304.0,slice_mixed,rome_slow_close,tr0,exp1,bs2,data/colosseum-oran-commag-dataset/slice_mixed/rome_slow_close/tr0/exp1/bs2/bs2.csv,870240.0
1602351660153,7,933074.875,2592.0,slice_mixed,rome_slow_close,tr0,exp1,bs2,data/colosseum-oran-commag-dataset/slice_mixed/rome_slow_close/tr0/exp1/bs2/bs2.csv,935666.875
1602351660402,7,514888.9375,41376.0,slice_mixed,rome_slow_close,tr0,exp1,bs2,data/colosseum-oran-commag-dataset/slice_mixed/rome_slow_close/tr0/exp1/bs2/bs2.csv,556264.9375
1602351660652,7,686880.0,40416.0,slice_mixed,rome_slow_close,tr0,exp1,bs2,data/colosseum-oran-commag-dataset/slice_mixed/rome_slow_close/tr0/exp1/bs2/bs2.csv,727296.0
1602351660902,7,884960.0,35200.0,slice_mixed,rome_slow_close,tr0,exp1,bs2,data/colosseum-oran-commag-dataset/slice_mixed/rome_slow_close/tr0/exp1/bs2/bs2.csv,920160.0
1602351661153,7,891328.0,11936.0,slice_mixed,rome_slow_close,tr0,exp1,bs2,data/colosseum-oran-commag-dataset/slice_mixed/rome_slow_close/tr0/exp1/bs2/bs2.csv,903264.0
1602351661402,7,694944.0,80800.0,slice_mixed,rome_slow_close,tr0,exp1,bs2,data/colosseum-oran-commag-dataset/slice_mixed/rome_slow_close/tr0/exp1/bs2/bs2.csv,775744.0
1602351661652,7,751552.0,5184.0,slice_mixed,rome_slow_close,tr0,exp1,bs2,data/colosseum-oran-commag-dataset/slice_mixed/rome_slow_close/tr0/exp1/bs2/bs2.csv,756736.0
1602351661902,7,725856.0,73568.0,slice_mixed,rome_slow_close,tr0,exp1,bs2,data/colosseum-oran-commag-dataset/slice_mixed/rome_slow_close/tr0/exp1/bs2/bs2.csv,799424.0
1602351662152,7,715616.0,15520.0,slice_mixed,rome_slow_close,tr0,exp1,bs2,data/colosseum-oran-commag-dataset/slice_mixed/rome_slow_close/tr0/exp1/bs2/bs2.csv,731136.0
1602351662402,7,854624.0,75488.0,slice_mixed,rome_slow_close,tr0,exp1,bs2,data/colosseum-oran-commag-dataset/slice_mixed/rome_slow_close/tr0/exp1/bs2/bs2.csv,930112.0
1602351662652,7,780832.0,41152.0,slice_mixed,rome_slow_close,tr0,exp1,bs2,data/colosseum-oran-commag-dataset/slice_mixed/rome_slow_close/tr0/exp1/bs2/bs2.csv,821984.0
1602351662902,7,803697.25,141418.328125,slice_mixed,rome_slow_close,tr0,exp1,bs2,data/colosseum-oran-commag-dataset/slice_mixed/rome_slow_close/tr0/exp1/bs2/bs2.csv,945115.578125
1602351663152,7,822496.0,24896.0,slice_mixed,rome_slow_close,tr0,exp1,bs2,data/colosseum-oran-commag-dataset/slice_mixed/rome_slow_close/tr0/exp1/bs2/bs2.csv,847392.0
1602351663402,8,793248.0,53760.0,slice_mixed,rome_slow_close,tr0,exp1,bs2,data/colosseum-oran-commag-dataset/slice_mixed/rome_slow_close/tr0/exp1/bs2/bs2.csv,847008.0
1602351663653,8,572864.0,33216.0,slice_mixed,rome_slow_close,tr0,exp1,bs2,data/colosseum-oran-commag-dataset/slice_mixed/rome_slow_close/tr0/exp1/bs2/bs2.csv,606080.0
1602351663903,8,803462.75,68365.476562,slice_mixed,rome_slow_close,tr0,exp1,bs2,data/colosseum-oran-commag-dataset/slice_mixed/rome_slow_close/tr0/exp1/bs2/bs2.csv,871828.226562
1602351664152,8,989728.0,1568.0,slice_mixed,rome_slow_close,tr0,exp1,bs2,data/colosseum-oran-commag-dataset/slice_mixed/rome_slow_close/tr0/exp1/bs2/bs2.csv,991296.0
1602351664402,8,625888.0,106208.0,slice_mixed,rome_slow_close,tr0,exp1,bs2,data/colosseum-oran-commag-dataset/slice_mixed/rome_slow_close/tr0/exp1/bs2/bs2.csv,732096.0
1602351664652,8,577092.375,19951.806641,slice_mixed,rome_slow_close,tr0,exp1,bs2,data/colosseum-oran-commag-dataset/slice_mixed/rome_slow_close/tr0/exp1/bs2/bs2.csv,597044.181641
1602351664902,7,838304.0,31840.0,slice_mixed,rome_slow_close,tr0,exp1,bs2,data/colosseum-oran-commag-dataset/slice_mixed/rome_slow_close/tr0/exp1/bs2/bs2.csv,870144.0
1602351665152,7,798344.125,4239.043945,slice_mixed,rome_slow_close,tr0,exp1,bs2,data/colosseum-oran-commag-dataset/slice_mixed/rome_slow_close/tr0/exp1/bs2/bs2.csv,802583.168945
1602351665403,7,812973.25,47989.71875,slice_mixed,rome_slow_close,tr0,exp1,bs2,data/colosseum-oran-commag-dataset/slice_mixed/rome_slow_close/tr0/exp1/bs2/bs2.csv,860962.96875
1602351665652,7,981759.875,39784.796875,slice_mixed,rome_slow_close,tr0,exp1,bs2,data/colosseum-oran-commag-dataset/slice_mixed/rome_slow_close/tr0/exp1/bs2/bs2.csv,1021544.671875
1602351665902,7,870958.25,143940.75,slice_mixed,rome_slow_close,tr0,exp1,bs2,data/colosseum-oran-commag-dataset/slice_mixed/rome_slow_close/tr0/exp1/bs2/bs2.csv,1014899.0
1602351666152,7,784029.0,21088.0,slice_mixed,rome_slow_close,tr0,exp1,bs2,data/colosseum-oran-commag-dataset/slice_mixed/rome_slow_close/tr0/exp1/bs2/bs2.csv,805117.0
1602351666403,7,804555.4375,72183.265625,slice_mixed,rome_slow_close,tr0,exp1,bs2,data/colosseum-oran-commag-dataset/slice_mixed/rome_slow_close/tr0/exp1/bs2/bs2.csv,876738.703125
1602351666653,7,842144.0,0.0,slice_mixed,rome_slow_close,tr0,exp1,bs2,data/colosseum-oran-commag-dataset/slice_mixed/rome_slow_close/tr0/exp1/bs2/bs2.csv,842144.0
1602351666903,9,694336.0,77920.0,slice_mixed,rome_slow_close,tr0,exp1,bs2,data/colosseum-oran-commag-dataset/slice_mixed/rome_slow_close/tr0/exp1/bs2/bs2.csv,772256.0
1602351667153,9,891296.0,0.0,slice_mixed,rome_slow_close,tr0,exp1,bs2,data/colosseum-oran-commag-dataset/slice_mixed/rome_slow_close/tr0/exp1/bs2/bs2.csv,891296.0
1602351667402,7,832576.0,73280.0,slice_mixed,rome_slow_close,tr0,exp1,bs2,data/colosseum-oran-commag-dataset/slice_mixed/rome_slow_close/tr0/exp1/bs2/bs2.csv,905856.0
1602351667652,7,1054336.0,14592.0,slice_mixed,rome_slow_close,tr0,exp1,bs2,data/colosseum-oran-commag-dataset/slice_mixed/rome_slow_close/tr0/exp1/bs2/bs2.csv,1068928.0
1602351667902,7,966400.0,62720.0,slice_mixed,rome_slow_close,tr0,exp1,bs2,data/colosseum-oran-commag-dataset/slice_mixed/rome_slow_close/tr0/exp1/bs2/bs2.csv,1029120.0
1602351668152,7,965792.0,4160.0,slice_mixed,rome_slow_close,tr0,exp1,bs2,data/colosseum-oran-commag-dataset/slice_mixed/rome_slow_close/tr0/exp1/bs2/bs2.csv,969952.0
1602351668403,7,815264.0,96512.0,slice_mixed,rome_slow_close,tr0,exp1,bs2,data/colosseum-oran-commag-dataset/slice_mixed/rome_slow_close/tr0/exp1/bs2/bs2.csv,911776.0
1602351668652,7,810816.0,21504.0,slice_mixed,rome_slow_close,tr0,exp1,bs2,data/colosseum-oran-commag-dataset/slice_mixed/rome_slow_close/tr0/exp1/bs2/bs2.csv,832320.0
1602351668902,7,727872.0,69216.0,slice_mixed,rome_slow_close,tr0,exp1,bs2,data/colosseum-oran-commag-dataset/slice_mixed/rome_slow_close/tr0/exp1/bs2/bs2.csv,797088.0
1602351669152,7,872480.0,24896.0,slice_mixed,rome_slow_close,tr0,exp1,bs2,data/colosseum-oran-commag-dataset/slice_mixed/rome_slow_close/tr0/exp1/bs2/bs2.csv,897376.0
1602351669402,7,932334.6875,92398.40625,slice_mixed,rome_slow_close,tr0,exp1,bs2,data/colosseum-oran-commag-dataset/slice_mixed/rome_slow_close/tr0/exp1/bs2/bs2.csv,1024733.09375
1602351669652,7,933600.0,27872.0,slice_mixed,rome_slow_close,tr0,exp1,bs2,data/colosseum-oran-commag-dataset/slice_mixed/rome_slow_close/tr0/exp1/bs2/bs2.csv,961472.0
1602351669902,7,729664.0,93856.0,slice_mixed,rome_slow_close,tr0,exp1,bs2,data/colosseum-oran-commag-dataset/slice_mixed/rome_slow_close/tr0/exp1/bs2/bs2.csv,823520.0
1602351670152,7,912481.875,0.0,slice_mixed,rome_slow_close,tr0,exp1,bs2,data/colosseum-oran-commag-dataset/slice_mixed/rome_slow_close/tr0/exp1/bs2/bs2.csv,912481.875
1602351670402,7,684512.0,122688.0,slice_mixed,rome_slow_close,tr0,exp1,bs2,data/colosseum-oran-commag-dataset/slice_mixed/rome_slow_close/tr0/exp1/bs2/bs2.csv,807200.0
1602351670652,7,728416.0,6272.0,slice_mixed,rome_slow_close,tr0,exp1,bs2,data/colosseum-oran-commag-dataset/slice_mixed/rome_slow_close/tr0/exp1/bs2/bs2.csv,734688.0
1602351670902,7,919392.0,89824.0,slice_mixed,rome_slow_close,tr0,exp1,bs2,data/colosseum-oran-commag-dataset/slice_mixed/rome_slow_close/tr0/exp1/bs2/bs2.csv,1009216.0
1602351671153,9,852352.0,36832.0,slice_mixed,rome_slow_close,tr0,exp1,bs2,data/colosseum-oran-commag-dataset/slice_mixed/rome_slow_close/tr0/exp1/bs2/bs2.csv,889184.0
1602351671403,9,634656.0,83840.0,slice_mixed,rome_slow_close,tr0,exp1,bs2,data/colosseum-oran-commag-dataset/slice_mixed/rome_slow_close/tr0/exp1/bs2/bs2.csv,718496.0
1602351671652,7,742151.875,13482.071289,slice_mixed,rome_slow_close,tr0,exp1,bs2,data/colosseum-oran-commag-dataset/slice_mixed/rome_slow_close/tr0/exp1/bs2/bs2.csv,755633.946289
1602351671902,7,885518.625,73804.851562,slice_mixed,rome_slow_close,tr0,exp1,bs2,data/colosseum-oran-commag-dataset/slice_mixed/rome_slow_close/tr0/exp1/bs2/bs2.csv,959323.476562
1602351672152,7,683840.0,0.0,slice_mixed,rome_slow_close,tr0,exp1,bs2,data/colosseum-oran-commag-dataset/slice_mixed/rome_slow_close/tr0/exp1/bs2/bs2.csv,683840.0
1602351672403,7,624032.0,68640.0,slice_mixed,rome_slow_close,tr0,exp1,bs2,data/colosseum-oran-commag-dataset/slice_mixed/rome_slow_close/tr0/exp1/bs2/bs2.csv,692672.0
1602351672653,7,794112.0,33280.0,slice_mixed,rome_slow_close,tr0,exp1,bs2,data/colosseum-oran-commag-dataset/slice_mixed/rome_slow_close/tr0/exp1/bs2/bs2.csv,827392.0
1602351672903,7,638976.0,83840.0,slice_mixed,rome_slow_close,tr0,exp1,bs2,data/colosseum-oran-commag-dataset/slice_mixed/rome_slow_close/tr0/exp1/bs2/bs2.csv,722816.0
1602351673153,7,670019.5625,0.0,slice_mixed,rome_slow_close,tr0,exp1,bs2,data/colosseum-oran-commag-dataset/slice_mixed/rome_slow_close/tr0/exp1/bs2/bs2.csv,670019.5625
1602351673402,7,681000.875,120745.640625,slice_mixed,rome_slow_close,tr0,exp1,bs2,data/colosseum-oran-commag-dataset/slice_mixed/rome_slow_close/tr0/exp1/bs2/bs2.csv,801746.515625
1602351673652,7,836128.0,0.0,slice_mixed,rome_slow_close,tr0,exp1,bs2,data/colosseum-oran-commag-dataset/slice_mixed/rome_slow_close/tr0/exp1/bs2/bs2.csv,836128.0
1602351673902,7,627072.0,64256.0,slice_mixed,rome_slow_close,tr0,exp1,bs2,data/colosseum-oran-commag-dataset/slice_mixed/rome_slow_close/tr0/exp1/bs2/bs2.csv,691328.0
1602351674152,7,937664.0,0.0,slice_mixed,rome_slow_close,tr0,exp1,bs2,data/colosseum-oran-commag-dataset/slice_mixed/rome_slow_close/tr0/exp1/bs2/bs2.csv,937664.0
1602351674403,7,738752.0,99840.0,slice_mixed,rome_slow_close,tr0,exp1,bs2,data/colosseum-oran-commag-dataset/slice_mixed/rome_slow_close/tr0/exp1/bs2/bs2.csv,838592.0
1602351674653,7,725984.0,0.0,slice_mixed,rome_slow_close,tr0,exp1,bs2,data/colosseum-oran-commag-dataset/slice_mixed/rome_slow_close/tr0/exp1/bs2/bs2.csv,725984.0
1602351674902,7,779264.0,87456.0,slice_mixed,rome_slow_close,tr0,exp1,bs2,data/colosseum-oran-commag-dataset/slice_mixed/rome_slow_close/tr0/exp1/bs2/bs2.csv,866720.0
1602351675152,7,1025440.0,1568.0,slice_mixed,rome_slow_close,tr0,exp1,bs2,data/colosseum-oran-commag-dataset/slice_mixed/rome_slow_close/tr0/exp1/bs2/bs2.csv,1027008.0
1602351675402,8,1052096.0,115584.0,slice_mixed,rome_slow_close,tr0,exp1,bs2,data/colosseum-oran-commag-dataset/slice_mixed/rome_slow_close/tr0/exp1/bs2/bs2.csv,1167680.0
1602351675653,8,1171200.0,0.0,slice_mixed,rome_slow_close,tr0,exp1,bs2,data/colosseum-oran-commag-dataset/slice_mixed/rome_slow_close/tr0/exp1/bs2/bs2.csv,1171200.0
1602351675903,8,1003622.0,49903.316406,slice_mixed,rome_slow_close,tr0,exp1,bs2,data/colosseum-oran-commag-dataset/slice_mixed/rome_slow_close/tr0/exp1/bs2/bs2.csv,1053525.316406
1602351676152,8,904384.0,0.0,slice_mixed,rome_slow_close,tr0,exp1,bs2,data/colosseum-oran-commag-dataset/slice_mixed/rome_slow_close/tr0/exp1/bs2/bs2.csv,904384.0
1602351676403,8,755710.0,101175.820312,slice_mixed,rome_slow_close,tr0,exp1,bs2,data/colosseum-oran-commag-dataset/slice_mixed/rome_slow_close/tr0/exp1/bs2/bs2.csv,856885.820312
1602351676653,8,1152064.0,0.0,slice_mixed,rome_slow_close,tr0,exp1,bs2,data/colosseum-oran-commag-dataset/slice_mixed/rome_slow_close/tr0/exp1/bs2/bs2.csv,1152064.0
1602351676902,7,1077120.0,67936.0,slice_mixed,rome_slow_close,tr0,exp1,bs2,data/colosseum-oran-commag-dataset/slice_mixed/rome_slow_close/tr0/exp1/bs2/bs2.csv,1145056.0
1602351677152,7,809220.875,0.0,slice_mixed,rome_slow_close,tr0,exp1,bs2,data/colosseum-oran-commag-dataset/slice_mixed/rome_slow_close/tr0/exp1/bs2/bs2.csv,809220.875
1602351677403,7,1001792.0,63872.0,slice_mixed,rome_slow_close,tr0,exp1,bs2,data/colosseum-oran-commag-dataset/slice_mixed/rome_slow_close/tr0/exp1/bs2/bs2.csv,1065664.0
1602351677652,7,811840.0,17408.0,slice_mixed,rome_slow_close,tr0,exp1,bs2,data/colosseum-oran-commag-dataset/slice_mixed/rome_slow_close/tr0/exp1/bs2/bs2.csv,829248.0
1602351677902,7,1140544.0,68704.0,slice_mixed,rome_slow_close,tr0,exp1,bs2,data/colosseum-oran-commag-dataset/slice_mixed/rome_slow_close/tr0/exp1/bs2/bs2.csv,1209248.0
1602351678152,7,1055699.875,0.0,slice_mixed,rome_slow_close,tr0,exp1,bs2,data/colosseum-oran-commag-dataset/slice_mixed/rome_slow_close/tr0/exp1/bs2/bs2.csv,1055699.875
1602351678402,7,1156645.875,78288.960938,slice_mixed,rome_slow_close,tr0,exp1,bs2,data/colosseum-oran-commag-dataset/slice_mixed/rome_slow_close/tr0/exp1/bs2/bs2.csv,1234934.8359380001
1602351678653,7,1064736.0,27360.0,slice_mixed,rome_slow_close,tr0,exp1,bs2,data/colosseum-oran-commag-dataset/slice_mixed/rome_slow_close/tr0/exp1/bs2/bs2.csv,1092096.0
1602351678903,9,1073031.625,36608.0,slice_mixed,rome_slow_close,tr0,exp1,bs2,data/colosseum-oran-commag-dataset/slice_mixed/rome_slow_close/tr0/exp1/bs2/bs2.csv,1109639.625
1602351679153,9,898200.8125,0.0,slice_mixed,rome_slow_close,tr0,exp1,bs2,data/colosseum-oran-commag-dataset/slice_mixed/rome_slow_close/tr0/exp1/bs2/bs2.csv,898200.8125
1602351679402,7,616873.0625,66048.0,slice_mixed,rome_slow_close,tr0,exp1,bs2,data/colosseum-oran-commag-dataset/slice_mixed/rome_slow_close/tr0/exp1/bs2/bs2.csv,682921.0625
1602351679653,7,964055.125,27674.601562,slice_mixed,rome_slow_close,tr0,exp1,bs2,data/colosseum-oran-commag-dataset/slice_mixed/rome_slow_close/tr0/exp1/bs2/bs2.csv,991729.726562
1602351679902,7,874112.0,52928.0,slice_mixed,rome_slow_close,tr0,exp1,bs2,data/colosseum-oran-commag-dataset/slice_mixed/rome_slow_close/tr0/exp1/bs2/bs2.csv,927040.0
1602351680152,7,1195968.0,13504.0,slice_mixed,rome_slow_close,tr0,exp1,bs2,data/colosseum-oran-commag-dataset/slice_mixed/rome_slow_close/tr0/exp1/bs2/bs2.csv,1209472.0
1602351680402,7,728032.0,88224.0,slice_mixed,rome_slow_close,tr0,exp1,bs2,data/colosseum-oran-commag-dataset/slice_mixed/rome_slow_close/tr0/exp1/bs2/bs2.csv,816256.0
1602351680652,7,949440.0,16192.0,slice_mixed,rome_slow_close,tr0,exp1,bs2,data/colosseum-oran-commag-dataset/slice_mixed/rome_slow_close/tr0/exp1/bs2/bs2.csv,965632.0
1602351680902,7,1114816.0,95808.0,slice_mixed,rome_slow_close,tr0,exp1,bs2,data/colosseum-oran-commag-dataset/slice_mixed/rome_slow_close/tr0/exp1/bs2/bs2.csv,1210624.0
1602351681152,7,1013728.0,1568.0,slice_mixed,rome_slow_close,tr0,exp1,bs2,data/colosseum-oran-commag-dataset/slice_mixed/rome_slow_close/tr0/exp1/bs2/bs2.csv,1015296.0
1602351681402,7,1230944.0,44128.0,slice_mixed,rome_slow_close,tr0,exp1,bs2,data/colosseum-oran-commag-dataset/slice_mixed/rome_slow_close/tr0/exp1/bs2/bs2.csv,1275072.0
1602351681652,7,996064.0,33024.0,slice_mixed,rome_slow_close,tr0,exp1,bs2,data/colosseum-oran-commag-dataset/slice_mixed/rome_slow_close/tr0/exp1/bs2/bs2.csv,1029088.0
1602351681903,7,938592.0,67360.0,slice_mixed,rome_slow_close,tr0,exp1,bs2,data/colosseum-oran-commag-dataset/slice_mixed/rome_slow_close/tr0/exp1/bs2/bs2.csv,1005952.0
1602351682152,7,810208.0,0.0,slice_mixed,rome_slow_close,tr0,exp1,bs2,data/colosseum-oran-commag-dataset/slice_mixed/rome_slow_close/tr0/exp1/bs2/bs2.csv,810208.0
1602351682402,7,718464.0,67072.0,slice_mixed,rome_slow_close,tr0,exp1,bs2,data/colosseum-oran-commag-dataset/slice_mixed/rome_slow_close/tr0/exp1/bs2/bs2.csv,785536.0
1602351682652,7,1160159.375,16095.617188,slice_mixed,rome_slow_close,tr0,exp1,bs2,data/colosseum-oran-commag-dataset/slice_mixed/rome_slow_close/tr0/exp1/bs2/bs2.csv,1176254.992188
1602351682902,7,1040544.0,138016.0,slice_mixed,rome_slow_close,tr0,exp1,bs2,data/colosseum-oran-commag-dataset/slice_mixed/rome_slow_close/tr0/exp1/bs2/bs2.csv,1178560.0
1602351683152,7,1022400.0,0.0,slice_mixed,rome_slow_close,tr0,exp1,bs2,data/colosseum-oran-commag-dataset/slice_mixed/rome_slow_close/tr0/exp1/bs2/bs2.csv,1022400.0
1602351683403,7,974825.6875,74473.898438,slice_mixed,rome_slow_close,tr0,exp1,bs2,data/colosseum-oran-commag-dataset/slice_mixed/rome_slow_close/tr0/exp1/bs2/bs2.csv,1049299.5859380001
1602351683653,8,747908.125,54194.121094,slice_mixed,rome_slow_close,tr0,exp1,bs2,data/colosseum-oran-commag-dataset/slice_mixed/rome_slow_close/tr0/exp1/bs2/bs2.csv,802102.2460940001
1602351683903,8,902534.0,69583.3125,slice_mixed,rome_slow_close,tr0,exp1,bs2,data/colosseum-oran-commag-dataset/slice_mixed/rome_slow_close/tr0/exp1/bs2/bs2.csv,972117.3125
1602351684152,8,1095264.0,0.0,slice_mixed,rome_slow_close,tr0,exp1,bs2,data/colosseum-oran-commag-dataset/slice_mixed/rome_slow_close/tr0/exp1/bs2/bs2.csv,1095264.0
1602351684402,8,1173888.0,42688.0,slice_mixed,rome_slow_close,tr0,exp1,bs2,data/colosseum-oran-commag-dataset/slice_mixed/rome_slow_close/tr0/exp1/bs2/bs2.csv,1216576.0
1602351684653,8,1230184.875,39404.113281,slice_mixed,rome_slow_close,tr0,exp1,bs2,data/colosseum-oran-commag-dataset/slice_mixed/rome_slow_close/tr0/exp1/bs2/bs2.csv,1269588.988281
1602351684902,7,1108020.25,92480.0,slice_mixed,rome_slow_close,tr0,exp1,bs2,data/colosseum-oran-commag-dataset/slice_mixed/rome_slow_close/tr0/exp1/bs2/bs2.csv,1200500.25
1602351685152,7,1216928.0,0.0,slice_mixed,rome_slow_close,tr0,exp1,bs2,data/colosseum-oran-commag-dataset/slice_mixed/rome_slow_close/tr0/exp1/bs2/bs2.csv,1216928.0
1602351685403,7,1116224.0,65952.0,slice_mixed,rome_slow_close,tr0,exp1,bs2,data/colosseum-oran-commag-dataset/slice_mixed/rome_slow_close/tr0/exp1/bs2/bs2.csv,1182176.0
1602351685653,7,885632.0,33952.0,slice_mixed,rome_slow_close,tr0,exp1,bs2,data/colosseum-oran-commag-dataset/slice_mixed/rome_slow_close/tr0/exp1/bs2/bs2.csv,919584.0
1602351685902,7,727168.0,64352.0,slice_mixed,rome_slow_close,tr0,exp1,bs2,data/colosseum-oran-commag-dataset/slice_mixed/rome_slow_close/tr0/exp1/bs2/bs2.csv,791520.0
1602351686153,7,901216.0,0.0,slice_mixed,rome_slow_close,tr0,exp1,bs2,data/colosseum-oran-commag-dataset/slice_mixed/rome_slow_close/tr0/exp1/bs2/bs2.csv,901216.0
1602351686403,7,613696.0,92928.0,slice_mixed,rome_slow_close,tr0,exp1,bs2,data/colosseum-oran-commag-dataset/slice_mixed/rome_slow_close/tr0/exp1/bs2/bs2.csv,706624.0
1602351686652,7,1029856.0,0.0,slice_mixed,rome_slow_close,tr0,exp1,bs2,data/colosseum-oran-commag-dataset/slice_mixed/rome_slow_close/tr0/exp1/bs2/bs2.csv,1029856.0
1602351686903,9,1251392.0,77408.0,slice_mixed,rome_slow_close,tr0,exp1,bs2,data/colosseum-oran-commag-dataset/slice_mixed/rome_slow_close/tr0/exp1/bs2/bs2.csv,1328800.0
1602351687152,8,997888.0,1037.036987,slice_mixed,rome_slow_close,tr0,exp1,bs2,data/colosseum-oran-commag-dataset/slice_mixed/rome_slow_close/tr0/exp1/bs2/bs2.csv,998925.036987
1602351687403,8,0.0,1647.058838,slice_mixed,rome_slow_close,tr0,exp1,bs2,data/colosseum-oran-commag-dataset/slice_mixed/rome_slow_close/tr0/exp1/bs2/bs2.csv,1647.058838
1602351687652,7,0.0,0.0,slice_mixed,rome_slow_close,tr0,exp1,bs2,data/colosseum-oran-commag-dataset/slice_mixed/rome_slow_close/tr0/exp1/bs2/bs2.csv,0.0
1602351687902,7,0.0,0.0,slice_mixed,rome_slow_close,tr0,exp1,bs2,data/colosseum-oran-commag-dataset/slice_mixed/rome_slow_close/tr0/exp1/bs2/bs2.csv,0.0
1602351688152,7,0.0,1568.0,slice_mixed,rome_slow_close,tr0,exp1,bs2,data/colosseum-oran-commag-dataset/slice_mixed/rome_slow_close/tr0/exp1/bs2/bs2.csv,1568.0
1602351688402,7,0.0,0.0,slice_mixed,rome_slow_close,tr0,exp1,bs2,data/colosseum-oran-commag-dataset/slice_mixed/rome_slow_close/tr0/exp1/bs2/bs2.csv,0.0
1602351688652,7,0.0,0.0,slice_mixed,rome_slow_close,tr0,exp1,bs2,data/colosseum-oran-commag-dataset/slice_mixed/rome_slow_close/tr0/exp1/bs2/bs2.csv,0.0
1602351688902,7,0.0,0.0,slice_mixed,rome_slow_close,tr0,exp1,bs2,data/colosseum-oran-commag-dataset/slice_mixed/rome_slow_close/tr0/exp1/bs2/bs2.csv,0.0
1602351689152,7,0.0,0.0,slice_mixed,rome_slow_close,tr0,exp1,bs2,data/colosseum-oran-commag-dataset/slice_mixed/rome_slow_close/tr0/exp1/bs2/bs2.csv,0.0
1602351689402,7,0.0,0.0,slice_mixed,rome_slow_close,tr0,exp1,bs2,data/colosseum-oran-commag-dataset/slice_mixed/rome_slow_close/tr0/exp1/bs2/bs2.csv,0.0
1602351689652,7,0.0,0.0,slice_mixed,rome_slow_close,tr0,exp1,bs2,data/colosseum-oran-commag-dataset/slice_mixed/rome_slow_close/tr0/exp1/bs2/bs2.csv,0.0
1602351689902,7,0.0,0.0,slice_mixed,rome_slow_close,tr0,exp1,bs2,data/colosseum-oran-commag-dataset/slice_mixed/rome_slow_close/tr0/exp1/bs2/bs2.csv,0.0
1602351690152,7,0.0,0.0,slice_mixed,rome_slow_close,tr0,exp1,bs2,data/colosseum-oran-commag-dataset/slice_mixed/rome_slow_close/tr0/exp1/bs2/bs2.csv,0.0
1602351690402,7,0.0,0.0,slice_mixed,rome_slow_close,tr0,exp1,bs2,data/colosseum-oran-commag-dataset/slice_mixed/rome_slow_close/tr0/exp1/bs2/bs2.csv,0.0
1602351690652,7,0.0,0.0,slice_mixed,rome_slow_close,tr0,exp1,bs2,data/colosseum-oran-commag-dataset/slice_mixed/rome_slow_close/tr0/exp1/bs2/bs2.csv,0.0
1602351690902,7,0.0,0.0,slice_mixed,rome_slow_close,tr0,exp1,bs2,data/colosseum-oran-commag-dataset/slice_mixed/rome_slow_close/tr0/exp1/bs2/bs2.csv,0.0
1602351691152,7,0.0,0.0,slice_mixed,rome_slow_close,tr0,exp1,bs2,data/colosseum-oran-commag-dataset/slice_mixed/rome_slow_close/tr0/exp1/bs2/bs2.csv,0.0
1602351691402,7,0.0,0.0,slice_mixed,rome_slow_close,tr0,exp1,bs2,data/colosseum-oran-commag-dataset/slice_mixed/rome_slow_close/tr0/exp1/bs2/bs2.csv,0.0
1602351691652,7,0.0,0.0,slice_mixed,rome_slow_close,tr0,exp1,bs2,data/colosseum-oran-commag-dataset/slice_mixed/rome_slow_close/tr0/exp1/bs2/bs2.csv,0.0
1602351691902,7,0.0,0.0,slice_mixed,rome_slow_close,tr0,exp1,bs2,data/colosseum-oran-commag-dataset/slice_mixed/rome_slow_close/tr0/exp1/bs2/bs2.csv,0.0
1602351692152,7,0.0,0.0,slice_mixed,rome_slow_close,tr0,exp1,bs2,data/colosseum-oran-commag-dataset/slice_mixed/rome_slow_close/tr0/exp1/bs2/bs2.csv,0.0
1602351692402,7,0.0,0.0,slice_mixed,rome_slow_close,tr0,exp1,bs2,data/colosseum-oran-commag-dataset/slice_mixed/rome_slow_close/tr0/exp1/bs2/bs2.csv,0.0
1602351692652,7,0.0,0.0,slice_mixed,rome_slow_close,tr0,exp1,bs2,data/colosseum-oran-commag-dataset/slice_mixed/rome_slow_close/tr0/exp1/bs2/bs2.csv,0.0
1602351692902,7,0.0,0.0,slice_mixed,rome_slow_close,tr0,exp1,bs2,data/colosseum-oran-commag-dataset/slice_mixed/rome_slow_close/tr0/exp1/bs2/bs2.csv,0.0
1602351693152,7,0.0,0.0,slice_mixed,rome_slow_close,tr0,exp1,bs2,data/colosseum-oran-commag-dataset/slice_mixed/rome_slow_close/tr0/exp1/bs2/bs2.csv,0.0
1602351693402,7,0.0,0.0,slice_mixed,rome_slow_close,tr0,exp1,bs2,data/colosseum-oran-commag-dataset/slice_mixed/rome_slow_close/tr0/exp1/bs2/bs2.csv,0.0
1602351693652,7,0.0,0.0,slice_mixed,rome_slow_close,tr0,exp1,bs2,data/colosseum-oran-commag-dataset/slice_mixed/rome_slow_close/tr0/exp1/bs2/bs2.csv,0.0
1602351693902,7,0.0,0.0,slice_mixed,rome_slow_close,tr0,exp1,bs2,data/colosseum-oran-commag-dataset/slice_mixed/rome_slow_close/tr0/exp1/bs2/bs2.csv,0.0
1602351694152,7,0.0,0.0,slice_mixed,rome_slow_close,tr0,exp1,bs2,data/colosseum-oran-commag-dataset/slice_mixed/rome_slow_close/tr0/exp1/bs2/bs2.csv,0.0
1602351694402,7,0.0,0.0,slice_mixed,rome_slow_close,tr0,exp1,bs2,data/colosseum-oran-commag-dataset/slice_mixed/rome_slow_close/tr0/exp1/bs2/bs2.csv,0.0
1602351694652,7,0.0,0.0,slice_mixed,rome_slow_close,tr0,exp1,bs2,data/colosseum-oran-commag-dataset/slice_mixed/rome_slow_close/tr0/exp1/bs2/bs2.csv,0.0
1602351694902,7,0.0,0.0,slice_mixed,rome_slow_close,tr0,exp1,bs2,data/colosseum-oran-commag-dataset/slice_mixed/rome_slow_close/tr0/exp1/bs2/bs2.csv,0.0
1602351695152,7,0.0,0.0,slice_mixed,rome_slow_close,tr0,exp1,bs2,data/colosseum-oran-commag-dataset/slice_mixed/rome_slow_close/tr0/exp1/bs2/bs2.csv,0.0
1602351695402,7,0.0,0.0,slice_mixed,rome_slow_close,tr0,exp1,bs2,data/colosseum-oran-commag-dataset/slice_mixed/rome_slow_close/tr0/exp1/bs2/bs2.csv,0.0
1602351695652,7,0.0,0.0,slice_mixed,rome_slow_close,tr0,exp1,bs2,data/colosseum-oran-commag-dataset/slice_mixed/rome_slow_close/tr0/exp1/bs2/bs2.csv,0.0
1602351695902,7,0.0,0.0,slice_mixed,rome_slow_close,tr0,exp1,bs2,data/colosseum-oran-commag-dataset/slice_mixed/rome_slow_close/tr0/exp1/bs2/bs2.csv,0.0
1602351696152,7,0.0,0.0,slice_mixed,rome_slow_close,tr0,exp1,bs2,data/colosseum-oran-commag-dataset/slice_mixed/rome_slow_close/tr0/exp1/bs2/bs2.csv,0.0
1602351696402,7,0.0,0.0,slice_mixed,rome_slow_close,tr0,exp1,bs2,data/colosseum-oran-commag-dataset/slice_mixed/rome_slow_close/tr0/exp1/bs2/bs2.csv,0.0
1602351696652,7,0.0,0.0,slice_mixed,rome_slow_close,tr0,exp1,bs2,data/colosseum-oran-commag-dataset/slice_mixed/rome_slow_close/tr0/exp1/bs2/bs2.csv,0.0
1602351696902,7,0.0,0.0,slice_mixed,rome_slow_close,tr0,exp1,bs2,data/colosseum-oran-commag-dataset/slice_mixed/rome_slow_close/tr0/exp1/bs2/bs2.csv,0.0
1602351697152,7,0.0,0.0,slice_mixed,rome_slow_close,tr0,exp1,bs2,data/colosseum-oran-commag-dataset/slice_mixed/rome_slow_close/tr0/exp1/bs2/bs2.csv,0.0
1602351697402,7,0.0,0.0,slice_mixed,rome_slow_close,tr0,exp1,bs2,data/colosseum-oran-commag-dataset/slice_mixed/rome_slow_close/tr0/exp1/bs2/bs2.csv,0.0
1602351697652,7,0.0,0.0,slice_mixed,rome_slow_close,tr0,exp1,bs2,data/colosseum-oran-commag-dataset/slice_mixed/rome_slow_close/tr0/exp1/bs2/bs2.csv,0.0
1602351697902,7,0.0,0.0,slice_mixed,rome_slow_close,tr0,exp1,bs2,data/colosseum-oran-commag-dataset/slice_mixed/rome_slow_close/tr0/exp1/bs2/bs2.csv,0.0
1602351698152,7,0.0,0.0,slice_mixed,rome_slow_close,tr0,exp1,bs2,data/colosseum-oran-commag-dataset/slice_mixed/rome_slow_close/tr0/exp1/bs2/bs2.csv,0.0
1602351698402,7,0.0,0.0,slice_mixed,rome_slow_close,tr0,exp1,bs2,data/colosseum-oran-commag-dataset/slice_mixed/rome_slow_close/tr0/exp1/bs2/bs2.csv,0.0
1602351698652,7,0.0,0.0,slice_mixed,rome_slow_close,tr0,exp1,bs2,data/colosseum-oran-commag-dataset/slice_mixed/rome_slow_close/tr0/exp1/bs2/bs2.csv,0.0
1602351698903,7,0.0,0.0,slice_mixed,rome_slow_close,tr0,exp1,bs2,data/colosseum-oran-commag-dataset/slice_mixed/rome_slow_close/tr0/exp1/bs2/bs2.csv,0.0
1602351699153,7,0.0,0.0,slice_mixed,rome_slow_close,tr0,exp1,bs2,data/colosseum-oran-commag-dataset/slice_mixed/rome_slow_close/tr0/exp1/bs2/bs2.csv,0.0
1602351699402,7,0.0,0.0,slice_mixed,rome_slow_close,tr0,exp1,bs2,data/colosseum-oran-commag-dataset/slice_mixed/rome_slow_close/tr0/exp1/bs2/bs2.csv,0.0
1602351699652,7,0.0,0.0,slice_mixed,rome_slow_close,tr0,exp1,bs2,data/colosseum-oran-commag-dataset/slice_mixed/rome_slow_close/tr0/exp1/bs2/bs2.csv,0.0
1602351699902,7,0.0,0.0,slice_mixed,rome_slow_close,tr0,exp1,bs2,data/colosseum-oran-commag-dataset/slice_mixed/rome_slow_close/tr0/exp1/bs2/bs2.csv,0.0
1602351700152,7,0.0,0.0,slice_mixed,rome_slow_close,tr0,exp1,bs2,data/colosseum-oran-commag-dataset/slice_mixed/rome_slow_close/tr0/exp1/bs2/bs2.csv,0.0
1602351700402,7,0.0,0.0,slice_mixed,rome_slow_close,tr0,exp1,bs2,data/colosseum-oran-commag-dataset/slice_mixed/rome_slow_close/tr0/exp1/bs2/bs2.csv,0.0
1602351700652,7,0.0,0.0,slice_mixed,rome_slow_close,tr0,exp1,bs2,data/colosseum-oran-commag-dataset/slice_mixed/rome_slow_close/tr0/exp1/bs2/bs2.csv,0.0
1602351700902,7,0.0,0.0,slice_mixed,rome_slow_close,tr0,exp1,bs2,data/colosseum-oran-commag-dataset/slice_mixed/rome_slow_close/tr0/exp1/bs2/bs2.csv,0.0
1602351701152,7,0.0,0.0,slice_mixed,rome_slow_close,tr0,exp1,bs2,data/colosseum-oran-commag-dataset/slice_mixed/rome_slow_close/tr0/exp1/bs2/bs2.csv,0.0
1602351701402,7,0.0,1568.0,slice_mixed,rome_slow_close,tr0,exp1,bs2,data/colosseum-oran-commag-dataset/slice_mixed/rome_slow_close/tr0/exp1/bs2/bs2.csv,1568.0
1602351701653,7,0.0,0.0,slice_mixed,rome_slow_close,tr0,exp1,bs2,data/colosseum-oran-commag-dataset/slice_mixed/rome_slow_close/tr0/exp1/bs2/bs2.csv,0.0
1602351701902,7,0.0,0.0,slice_mixed,rome_slow_close,tr0,exp1,bs2,data/colosseum-oran-commag-dataset/slice_mixed/rome_slow_close/tr0/exp1/bs2/bs2.csv,0.0
1602351702152,7,0.0,0.0,slice_mixed,rome_slow_close,tr0,exp1,bs2,data/colosseum-oran-commag-dataset/slice_mixed/rome_slow_close/tr0/exp1/bs2/bs2.csv,0.0
1602351702402,7,0.0,0.0,slice_mixed,rome_slow_close,tr0,exp1,bs2,data/colosseum-oran-commag-dataset/slice_mixed/rome_slow_close/tr0/exp1/bs2/bs2.csv,0.0
1602351702652,7,0.0,0.0,slice_mixed,rome_slow_close,tr0,exp1,bs2,data/colosseum-oran-commag-dataset/slice_mixed/rome_slow_close/tr0/exp1/bs2/bs2.csv,0.0
1602351702902,7,0.0,0.0,slice_mixed,rome_slow_close,tr0,exp1,bs2,data/colosseum-oran-commag-dataset/slice_mixed/rome_slow_close/tr0/exp1/bs2/bs2.csv,0.0
1602351703152,7,0.0,0.0,slice_mixed,rome_slow_close,tr0,exp1,bs2,data/colosseum-oran-commag-dataset/slice_mixed/rome_slow_close/tr0/exp1/bs2/bs2.csv,0.0
1602351703402,7,0.0,0.0,slice_mixed,rome_slow_close,tr0,exp1,bs2,data/colosseum-oran-commag-dataset/slice_mixed/rome_slow_close/tr0/exp1/bs2/bs2.csv,0.0
1602351703652,7,0.0,0.0,slice_mixed,rome_slow_close,tr0,exp1,bs2,data/colosseum-oran-commag-dataset/slice_mixed/rome_slow_close/tr0/exp1/bs2/bs2.csv,0.0
1602351703902,6,0.0,0.0,slice_mixed,rome_slow_close,tr0,exp1,bs2,data/colosseum-oran-commag-dataset/slice_mixed/rome_slow_close/tr0/exp1/bs2/bs2.csv,0.0
1602351704152,6,0.0,0.0,slice_mixed,rome_slow_close,tr0,exp1,bs2,data/colosseum-oran-commag-dataset/slice_mixed/rome_slow_close/tr0/exp1/bs2/bs2.csv,0.0
1602351704402,6,0.0,0.0,slice_mixed,rome_slow_close,tr0,exp1,bs2,data/colosseum-oran-commag-dataset/slice_mixed/rome_slow_close/tr0/exp1/bs2/bs2.csv,0.0
1602351704652,6,0.0,0.0,slice_mixed,rome_slow_close,tr0,exp1,bs2,data/colosseum-oran-commag-dataset/slice_mixed/rome_slow_close/tr0/exp1/bs2/bs2.csv,0.0
1602351704902,6,0.0,0.0,slice_mixed,rome_slow_close,tr0,exp1,bs2,data/colosseum-oran-commag-dataset/slice_mixed/rome_slow_close/tr0/exp1/bs2/bs2.csv,0.0
1602351705153,6,0.0,0.0,slice_mixed,rome_slow_close,tr0,exp1,bs2,data/colosseum-oran-commag-dataset/slice_mixed/rome_slow_close/tr0/exp1/bs2/bs2.csv,0.0
1602351705402,5,0.0,0.0,slice_mixed,rome_slow_close,tr0,exp1,bs2,data/colosseum-oran-commag-dataset/slice_mixed/rome_slow_close/tr0/exp1/bs2/bs2.csv,0.0
1602351705652,5,0.0,0.0,slice_mixed,rome_slow_close,tr0,exp1,bs2,data/colosseum-oran-commag-dataset/slice_mixed/rome_slow_close/tr0/exp1/bs2/bs2.csv,0.0
1602351705902,5,0.0,0.0,slice_mixed,rome_slow_close,tr0,exp1,bs2,data/colosseum-oran-commag-dataset/slice_mixed/rome_slow_close/tr0/exp1/bs2/bs2.csv,0.0
1602351706152,5,0.0,0.0,slice_mixed,rome_slow_close,tr0,exp1,bs2,data/colosseum-oran-commag-dataset/slice_mixed/rome_slow_close/tr0/exp1/bs2/bs2.csv,0.0
1602351706402,5,0.0,0.0,slice_mixed,rome_slow_close,tr0,exp1,bs2,data/colosseum-oran-commag-dataset/slice_mixed/rome_slow_close/tr0/exp1/bs2/bs2.csv,0.0
1602351706652,5,0.0,0.0,slice_mixed,rome_slow_close,tr0,exp1,bs2,data/colosseum-oran-commag-dataset/slice_mixed/rome_slow_close/tr0/exp1/bs2/bs2.csv,0.0
1602351706902,5,0.0,0.0,slice_mixed,rome_slow_close,tr0,exp1,bs2,data/colosseum-oran-commag-dataset/slice_mixed/rome_slow_close/tr0/exp1/bs2/bs2.csv,0.0
1602351707152,5,0.0,0.0,slice_mixed,rome_slow_close,tr0,exp1,bs2,data/colosseum-oran-commag-dataset/slice_mixed/rome_slow_close/tr0/exp1/bs2/bs2.csv,0.0
1602351707402,5,0.0,0.0,slice_mixed,rome_slow_close,tr0,exp1,bs2,data/colosseum-oran-commag-dataset/slice_mixed/rome_slow_close/tr0/exp1/bs2/bs2.csv,0.0
1602351707652,5,0.0,0.0,slice_mixed,rome_slow_close,tr0,exp1,bs2,data/colosseum-oran-commag-dataset/slice_mixed/rome_slow_close/tr0/exp1/bs2/bs2.csv,0.0
1602351707902,5,0.0,2592.0,slice_mixed,rome_slow_close,tr0,exp1,bs2,data/colosseum-oran-commag-dataset/slice_mixed/rome_slow_close/tr0/exp1/bs2/bs2.csv,2592.0
1602351708152,5,0.0,0.0,slice_mixed,rome_slow_close,tr0,exp1,bs2,data/colosseum-oran-commag-dataset/slice_mixed/rome_slow_close/tr0/exp1/bs2/bs2.csv,0.0
1602351708402,5,0.0,0.0,slice_mixed,rome_slow_close,tr0,exp1,bs2,data/colosseum-oran-commag-dataset/slice_mixed/rome_slow_close/tr0/exp1/bs2/bs2.csv,0.0
1602351708652,5,0.0,0.0,slice_mixed,rome_slow_close,tr0,exp1,bs2,data/colosseum-oran-commag-dataset/slice_mixed/rome_slow_close/tr0/exp1/bs2/bs2.csv,0.0
1602351708902,5,0.0,0.0,slice_mixed,rome_slow_close,tr0,exp1,bs2,data/colosseum-oran-commag-dataset/slice_mixed/rome_slow_close/tr0/exp1/bs2/bs2.csv,0.0
1602351709152,5,0.0,0.0,slice_mixed,rome_slow_close,tr0,exp1,bs2,data/colosseum-oran-commag-dataset/slice_mixed/rome_slow_close/tr0/exp1/bs2/bs2.csv,0.0
1602351709402,5,0.0,0.0,slice_mixed,rome_slow_close,tr0,exp1,bs2,data/colosseum-oran-commag-dataset/slice_mixed/rome_slow_close/tr0/exp1/bs2/bs2.csv,0.0
1602351709652,5,0.0,0.0,slice_mixed,rome_slow_close,tr0,exp1,bs2,data/colosseum-oran-commag-dataset/slice_mixed/rome_slow_close/tr0/exp1/bs2/bs2.csv,0.0
1602351709902,5,0.0,0.0,slice_mixed,rome_slow_close,tr0,exp1,bs2,data/colosseum-oran-commag-dataset/slice_mixed/rome_slow_close/tr0/exp1/bs2/bs2.csv,0.0
1602351710152,5,0.0,0.0,slice_mixed,rome_slow_close,tr0,exp1,bs2,data/colosseum-oran-commag-dataset/slice_mixed/rome_slow_close/tr0/exp1/bs2/bs2.csv,0.0
1602351710402,5,0.0,0.0,slice_mixed,rome_slow_close,tr0,exp1,bs2,data/colosseum-oran-commag-dataset/slice_mixed/rome_slow_close/tr0/exp1/bs2/bs2.csv,0.0
1602351710652,5,0.0,0.0,slice_mixed,rome_slow_close,tr0,exp1,bs2,data/colosseum-oran-commag-dataset/slice_mixed/rome_slow_close/tr0/exp1/bs2/bs2.csv,0.0
1602351710902,5,0.0,0.0,slice_mixed,rome_slow_close,tr0,exp1,bs2,data/colosseum-oran-commag-dataset/slice_mixed/rome_slow_close/tr0/exp1/bs2/bs2.csv,0.0
1602351711152,5,0.0,0.0,slice_mixed,rome_slow_close,tr0,exp1,bs2,data/colosseum-oran-commag-dataset/slice_mixed/rome_slow_close/tr0/exp1/bs2/bs2.csv,0.0
1602351711402,5,0.0,0.0,slice_mixed,rome_slow_close,tr0,exp1,bs2,data/colosseum-oran-commag-dataset/slice_mixed/rome_slow_close/tr0/exp1/bs2/bs2.csv,0.0
1602351711653,5,0.0,0.0,slice_mixed,rome_slow_close,tr0,exp1,bs2,data/colosseum-oran-commag-dataset/slice_mixed/rome_slow_close/tr0/exp1/bs2/bs2.csv,0.0
1602351711902,5,0.0,0.0,slice_mixed,rome_slow_close,tr0,exp1,bs2,data/colosseum-oran-commag-dataset/slice_mixed/rome_slow_close/tr0/exp1/bs2/bs2.csv,0.0
1602351712152,5,0.0,0.0,slice_mixed,rome_slow_close,tr0,exp1,bs2,data/colosseum-oran-commag-dataset/slice_mixed/rome_slow_close/tr0/exp1/bs2/bs2.csv,0.0
1602351712402,5,0.0,0.0,slice_mixed,rome_slow_close,tr0,exp1,bs2,data/colosseum-oran-commag-dataset/slice_mixed/rome_slow_close/tr0/exp1/bs2/bs2.csv,0.0
1602351712652,5,0.0,0.0,slice_mixed,rome_slow_close,tr0,exp1,bs2,data/colosseum-oran-commag-dataset/slice_mixed/rome_slow_close/tr0/exp1/bs2/bs2.csv,0.0
1602351712902,5,0.0,0.0,slice_mixed,rome_slow_close,tr0,exp1,bs2,data/colosseum-oran-commag-dataset/slice_mixed/rome_slow_close/tr0/exp1/bs2/bs2.csv,0.0
1602351713152,5,0.0,0.0,slice_mixed,rome_slow_close,tr0,exp1,bs2,data/colosseum-oran-commag-dataset/slice_mixed/rome_slow_close/tr0/exp1/bs2/bs2.csv,0.0
1602351713402,5,0.0,0.0,slice_mixed,rome_slow_close,tr0,exp1,bs2,data/colosseum-oran-commag-dataset/slice_mixed/rome_slow_close/tr0/exp1/bs2/bs2.csv,0.0
1602351713652,5,0.0,0.0,slice_mixed,rome_slow_close,tr0,exp1,bs2,data/colosseum-oran-commag-dataset/slice_mixed/rome_slow_close/tr0/exp1/bs2/bs2.csv,0.0
1602351713902,5,0.0,0.0,slice_mixed,rome_slow_close,tr0,exp1,bs2,data/colosseum-oran-commag-dataset/slice_mixed/rome_slow_close/tr0/exp1/bs2/bs2.csv,0.0
1602351714152,5,0.0,0.0,slice_mixed,rome_slow_close,tr0,exp1,bs2,data/colosseum-oran-commag-dataset/slice_mixed/rome_slow_close/tr0/exp1/bs2/bs2.csv,0.0
1602351714402,6,0.0,0.0,slice_mixed,rome_slow_close,tr0,exp1,bs2,data/colosseum-oran-commag-dataset/slice_mixed/rome_slow_close/tr0/exp1/bs2/bs2.csv,0.0
1602351714652,6,1024.0,224.0,slice_mixed,rome_slow_close,tr0,exp1,bs2,data/colosseum-oran-commag-dataset/slice_mixed/rome_slow_close/tr0/exp1/bs2/bs2.csv,1248.0
1602351714902,6,224.0,21248.0,slice_mixed,rome_slow_close,tr0,exp1,bs2,data/colosseum-oran-commag-dataset/slice_mixed/rome_slow_close/tr0/exp1/bs2/bs2.csv,21472.0
1602351715152,6,4992.0,24064.0,slice_mixed,rome_slow_close,tr0,exp1,bs2,data/colosseum-oran-commag-dataset/slice_mixed/rome_slow_close/tr0/exp1/bs2/bs2.csv,29056.0
1602351715402,6,12239.043945,48509.960938,slice_mixed,rome_slow_close,tr0,exp1,bs2,data/colosseum-oran-commag-dataset/slice_mixed/rome_slow_close/tr0/exp1/bs2/bs2.csv,60749.004882999994
1602351715652,7,6176.0,28128.0,slice_mixed,rome_slow_close,tr0,exp1,bs2,data/colosseum-oran-commag-dataset/slice_mixed/rome_slow_close/tr0/exp1/bs2/bs2.csv,34304.0
1602351715902,6,0.0,0.0,slice_mixed,rome_slow_close,tr0,exp1,bs2,data/colosseum-oran-commag-dataset/slice_mixed/rome_slow_close/tr0/exp1/bs2/bs2.csv,0.0
1602351716152,6,0.0,0.0,slice_mixed,rome_slow_close,tr0,exp1,bs2,data/colosseum-oran-commag-dataset/slice_mixed/rome_slow_close/tr0/exp1/bs2/bs2.csv,0.0
1602351716402,6,0.0,0.0,slice_mixed,rome_slow_close,tr0,exp1,bs2,data/colosseum-oran-commag-dataset/slice_mixed/rome_slow_close/tr0/exp1/bs2/bs2.csv,0.0
1602351716652,5,0.0,0.0,slice_mixed,rome_slow_close,tr0,exp1,bs2,data/colosseum-oran-commag-dataset/slice_mixed/rome_slow_close/tr0/exp1/bs2/bs2.csv,0.0
1602351716902,5,0.0,0.0,slice_mixed,rome_slow_close,tr0,exp1,bs2,data/colosseum-oran-commag-dataset/slice_mixed/rome_slow_close/tr0/exp1/bs2/bs2.csv,0.0
1602351717152,5,0.0,0.0,slice_mixed,rome_slow_close,tr0,exp1,bs2,data/colosseum-oran-commag-dataset/slice_mixed/rome_slow_close/tr0/exp1/bs2/bs2.csv,0.0
1602351717402,5,0.0,0.0,slice_mixed,rome_slow_close,tr0,exp1,bs2,data/colosseum-oran-commag-dataset/slice_mixed/rome_slow_close/tr0/exp1/bs2/bs2.csv,0.0
1602351717653,5,0.0,0.0,slice_mixed,rome_slow_close,tr0,exp1,bs2,data/colosseum-oran-commag-dataset/slice_mixed/rome_slow_close/tr0/exp1/bs2/bs2.csv,0.0
1602351717902,5,0.0,0.0,slice_mixed,rome_slow_close,tr0,exp1,bs2,data/colosseum-oran-commag-dataset/slice_mixed/rome_slow_close/tr0/exp1/bs2/bs2.csv,0.0
1602351718153,6,1094.01709,239.0,slice_mixed,rome_slow_close,tr0,exp1,bs2,data/colosseum-oran-commag-dataset/slice_mixed/rome_slow_close/tr0/exp1/bs2/bs2.csv,1333.01709
1602351718402,6,224.0,13536.0,slice_mixed,rome_slow_close,tr0,exp1,bs2,data/colosseum-oran-commag-dataset/slice_mixed/rome_slow_close/tr0/exp1/bs2/bs2.csv,13760.0
1602351718653,6,1760.0,0.0,slice_mixed,rome_slow_close,tr0,exp1,bs2,data/colosseum-oran-commag-dataset/slice_mixed/rome_slow_close/tr0/exp1/bs2/bs2.csv,1760.0
1602351718903,6,0.0,0.0,slice_mixed,rome_slow_close,tr0,exp1,bs2,data/colosseum-oran-commag-dataset/slice_mixed/rome_slow_close/tr0/exp1/bs2/bs2.csv,0.0
1602351719152,6,0.0,0.0,slice_mixed,rome_slow_close,tr0,exp1,bs2,data/colosseum-oran-commag-dataset/slice_mixed/rome_slow_close/tr0/exp1/bs2/bs2.csv,0.0
1602351719402,6,0.0,0.0,slice_mixed,rome_slow_close,tr0,exp1,bs2,data/colosseum-oran-commag-dataset/slice_mixed/rome_slow_close/tr0/exp1/bs2/bs2.csv,0.0
1602351719652,6,0.0,0.0,slice_mixed,rome_slow_close,tr0,exp1,bs2,data/colosseum-oran-commag-dataset/slice_mixed/rome_slow_close/tr0/exp1/bs2/bs2.csv,0.0
1602351719902,6,0.0,0.0,slice_mixed,rome_slow_close,tr0,exp1,bs2,data/colosseum-oran-commag-dataset/slice_mixed/rome_slow_close/tr0/exp1/bs2/bs2.csv,0.0
1602351720153,6,0.0,0.0,slice_mixed,rome_slow_close,tr0,exp1,bs2,data/colosseum-oran-commag-dataset/slice_mixed/rome_slow_close/tr0/exp1/bs2/bs2.csv,0.0
1602351720402,6,0.0,0.0,slice_mixed,rome_slow_close,tr0,exp1,bs2,data/colosseum-oran-commag-dataset/slice_mixed/rome_slow_close/tr0/exp1/bs2/bs2.csv,0.0
1602351720652,6,0.0,0.0,slice_mixed,rome_slow_close,tr0,exp1,bs2,data/colosseum-oran-commag-dataset/slice_mixed/rome_slow_close/tr0/exp1/bs2/bs2.csv,0.0
1602351720902,6,0.0,0.0,slice_mixed,rome_slow_close,tr0,exp1,bs2,data/colosseum-oran-commag-dataset/slice_mixed/rome_slow_close/tr0/exp1/bs2/bs2.csv,0.0
1602351721152,6,0.0,0.0,slice_mixed,rome_slow_close,tr0,exp1,bs2,data/colosseum-oran-commag-dataset/slice_mixed/rome_slow_close/tr0/exp1/bs2/bs2.csv,0.0
1602351721402,6,0.0,0.0,slice_mixed,rome_slow_close,tr0,exp1,bs2,data/colosseum-oran-commag-dataset/slice_mixed/rome_slow_close/tr0/exp1/bs2/bs2.csv,0.0
1602351721652,6,0.0,0.0,slice_mixed,rome_slow_close,tr0,exp1,bs2,data/colosseum-oran-commag-dataset/slice_mixed/rome_slow_close/tr0/exp1/bs2/bs2.csv,0.0
1602351721902,6,0.0,0.0,slice_mixed,rome_slow_close,tr0,exp1,bs2,data/colosseum-oran-commag-dataset/slice_mixed/rome_slow_close/tr0/exp1/bs2/bs2.csv,0.0
1602351722152,6,0.0,0.0,slice_mixed,rome_slow_close,tr0,exp1,bs2,data/colosseum-oran-commag-dataset/slice_mixed/rome_slow_close/tr0/exp1/bs2/bs2.csv,0.0
1602351722403,6,0.0,0.0,slice_mixed,rome_slow_close,tr0,exp1,bs2,data/colosseum-oran-commag-dataset/slice_mixed/rome_slow_close/tr0/exp1/bs2/bs2.csv,0.0
1602351722652,6,0.0,0.0,slice_mixed,rome_slow_close,tr0,exp1,bs2,data/colosseum-oran-commag-dataset/slice_mixed/rome_slow_close/tr0/exp1/bs2/bs2.csv,0.0
1602351722903,6,0.0,0.0,slice_mixed,rome_slow_close,tr0,exp1,bs2,data/colosseum-oran-commag-dataset/slice_mixed/rome_slow_close/tr0/exp1/bs2/bs2.csv,0.0
1602351723153,6,0.0,0.0,slice_mixed,rome_slow_close,tr0,exp1,bs2,data/colosseum-oran-commag-dataset/slice_mixed/rome_slow_close/tr0/exp1/bs2/bs2.csv,0.0
1602351723402,6,0.0,0.0,slice_mixed,rome_slow_close,tr0,exp1,bs2,data/colosseum-oran-commag-dataset/slice_mixed/rome_slow_close/tr0/exp1/bs2/bs2.csv,0.0
1602351723652,6,0.0,0.0,slice_mixed,rome_slow_close,tr0,exp1,bs2,data/colosseum-oran-commag-dataset/slice_mixed/rome_slow_close/tr0/exp1/bs2/bs2.csv,0.0
1602351723902,6,0.0,0.0,slice_mixed,rome_slow_close,tr0,exp1,bs2,data/colosseum-oran-commag-dataset/slice_mixed/rome_slow_close/tr0/exp1/bs2/bs2.csv,0.0
1602351724152,6,0.0,0.0,slice_mixed,rome_slow_close,tr0,exp1,bs2,data/colosseum-oran-commag-dataset/slice_mixed/rome_slow_close/tr0/exp1/bs2/bs2.csv,0.0
1602351724402,6,0.0,0.0,slice_mixed,rome_slow_close,tr0,exp1,bs2,data/colosseum-oran-commag-dataset/slice_mixed/rome_slow_close/tr0/exp1/bs2/bs2.csv,0.0
1602351724652,6,0.0,0.0,slice_mixed,rome_slow_close,tr0,exp1,bs2,data/colosseum-oran-commag-dataset/slice_mixed/rome_slow_close/tr0/exp1/bs2/bs2.csv,0.0
1602351724902,6,0.0,0.0,slice_mixed,rome_slow_close,tr0,exp1,bs2,data/colosseum-oran-commag-dataset/slice_mixed/rome_slow_close/tr0/exp1/bs2/bs2.csv,0.0
1602351725152,6,0.0,0.0,slice_mixed,rome_slow_close,tr0,exp1,bs2,data/colosseum-oran-commag-dataset/slice_mixed/rome_slow_close/tr0/exp1/bs2/bs2.csv,0.0
1602351725402,6,0.0,0.0,slice_mixed,rome_slow_close,tr0,exp1,bs2,data/colosseum-oran-commag-dataset/slice_mixed/rome_slow_close/tr0/exp1/bs2/bs2.csv,0.0
1602351725652,6,0.0,0.0,slice_mixed,rome_slow_close,tr0,exp1,bs2,data/colosseum-oran-commag-dataset/slice_mixed/rome_slow_close/tr0/exp1/bs2/bs2.csv,0.0
1602351725903,6,0.0,0.0,slice_mixed,rome_slow_close,tr0,exp1,bs2,data/colosseum-oran-commag-dataset/slice_mixed/rome_slow_close/tr0/exp1/bs2/bs2.csv,0.0
1602351726152,6,0.0,0.0,slice_mixed,rome_slow_close,tr0,exp1,bs2,data/colosseum-oran-commag-dataset/slice_mixed/rome_slow_close/tr0/exp1/bs2/bs2.csv,0.0
1602351726402,6,0.0,0.0,slice_mixed,rome_slow_close,tr0,exp1,bs2,data/colosseum-oran-commag-dataset/slice_mixed/rome_slow_close/tr0/exp1/bs2/bs2.csv,0.0
1602351726652,6,0.0,0.0,slice_mixed,rome_slow_close,tr0,exp1,bs2,data/colosseum-oran-commag-dataset/slice_mixed/rome_slow_close/tr0/exp1/bs2/bs2.csv,0.0
1602351726903,6,0.0,0.0,slice_mixed,rome_slow_close,tr0,exp1,bs2,data/colosseum-oran-commag-dataset/slice_mixed/rome_slow_close/tr0/exp1/bs2/bs2.csv,0.0
1602351727153,6,0.0,0.0,slice_mixed,rome_slow_close,tr0,exp1,bs2,data/colosseum-oran-commag-dataset/slice_mixed/rome_slow_close/tr0/exp1/bs2/bs2.csv,0.0
1602351727402,6,0.0,0.0,slice_mixed,rome_slow_close,tr0,exp1,bs2,data/colosseum-oran-commag-dataset/slice_mixed/rome_slow_close/tr0/exp1/bs2/bs2.csv,0.0
1602351727652,6,0.0,0.0,slice_mixed,rome_slow_close,tr0,exp1,bs2,data/colosseum-oran-commag-dataset/slice_mixed/rome_slow_close/tr0/exp1/bs2/bs2.csv,0.0
1602351727902,6,0.0,0.0,slice_mixed,rome_slow_close,tr0,exp1,bs2,data/colosseum-oran-commag-dataset/slice_mixed/rome_slow_close/tr0/exp1/bs2/bs2.csv,0.0
1602351728152,6,0.0,0.0,slice_mixed,rome_slow_close,tr0,exp1,bs2,data/colosseum-oran-commag-dataset/slice_mixed/rome_slow_close/tr0/exp1/bs2/bs2.csv,0.0
1602351728402,6,0.0,0.0,slice_mixed,rome_slow_close,tr0,exp1,bs2,data/colosseum-oran-commag-dataset/slice_mixed/rome_slow_close/tr0/exp1/bs2/bs2.csv,0.0
1602351728652,6,0.0,0.0,slice_mixed,rome_slow_close,tr0,exp1,bs2,data/colosseum-oran-commag-dataset/slice_mixed/rome_slow_close/tr0/exp1/bs2/bs2.csv,0.0
1602351728902,6,0.0,0.0,slice_mixed,rome_slow_close,tr0,exp1,bs2,data/colosseum-oran-commag-dataset/slice_mixed/rome_slow_close/tr0/exp1/bs2/bs2.csv,0.0
1602351729152,6,0.0,0.0,slice_mixed,rome_slow_close,tr0,exp1,bs2,data/colosseum-oran-commag-dataset/slice_mixed/rome_slow_close/tr0/exp1/bs2/bs2.csv,0.0
1602351729402,6,0.0,0.0,slice_mixed,rome_slow_close,tr0,exp1,bs2,data/colosseum-oran-commag-dataset/slice_mixed/rome_slow_close/tr0/exp1/bs2/bs2.csv,0.0
1602351729652,6,0.0,0.0,slice_mixed,rome_slow_close,tr0,exp1,bs2,data/colosseum-oran-commag-dataset/slice_mixed/rome_slow_close/tr0/exp1/bs2/bs2.csv,0.0
1602351729902,6,0.0,0.0,slice_mixed,rome_slow_close,tr0,exp1,bs2,data/colosseum-oran-commag-dataset/slice_mixed/rome_slow_close/tr0/exp1/bs2/bs2.csv,0.0
1602351730152,6,0.0,0.0,slice_mixed,rome_slow_close,tr0,exp1,bs2,data/colosseum-oran-commag-dataset/slice_mixed/rome_slow_close/tr0/exp1/bs2/bs2.csv,0.0
1602351730402,6,0.0,0.0,slice_mixed,rome_slow_close,tr0,exp1,bs2,data/colosseum-oran-commag-dataset/slice_mixed/rome_slow_close/tr0/exp1/bs2/bs2.csv,0.0
1602351730653,6,0.0,0.0,slice_mixed,rome_slow_close,tr0,exp1,bs2,data/colosseum-oran-commag-dataset/slice_mixed/rome_slow_close/tr0/exp1/bs2/bs2.csv,0.0
1602351730903,6,0.0,0.0,slice_mixed,rome_slow_close,tr0,exp1,bs2,data/colosseum-oran-commag-dataset/slice_mixed/rome_slow_close/tr0/exp1/bs2/bs2.csv,0.0
1602351731152,6,0.0,0.0,slice_mixed,rome_slow_close,tr0,exp1,bs2,data/colosseum-oran-commag-dataset/slice_mixed/rome_slow_close/tr0/exp1/bs2/bs2.csv,0.0
1602351731402,6,0.0,0.0,slice_mixed,rome_slow_close,tr0,exp1,bs2,data/colosseum-oran-commag-dataset/slice_mixed/rome_slow_close/tr0/exp1/bs2/bs2.csv,0.0
1602351731652,6,0.0,0.0,slice_mixed,rome_slow_close,tr0,exp1,bs2,data/colosseum-oran-commag-dataset/slice_mixed/rome_slow_close/tr0/exp1/bs2/bs2.csv,0.0
1602351731903,6,0.0,0.0,slice_mixed,rome_slow_close,tr0,exp1,bs2,data/colosseum-oran-commag-dataset/slice_mixed/rome_slow_close/tr0/exp1/bs2/bs2.csv,0.0
1602351732152,6,0.0,0.0,slice_mixed,rome_slow_close,tr0,exp1,bs2,data/colosseum-oran-commag-dataset/slice_mixed/rome_slow_close/tr0/exp1/bs2/bs2.csv,0.0
1602351732402,6,0.0,0.0,slice_mixed,rome_slow_close,tr0,exp1,bs2,data/colosseum-oran-commag-dataset/slice_mixed/rome_slow_close/tr0/exp1/bs2/bs2.csv,0.0
1602351732652,6,0.0,0.0,slice_mixed,rome_slow_close,tr0,exp1,bs2,data/colosseum-oran-commag-dataset/slice_mixed/rome_slow_close/tr0/exp1/bs2/bs2.csv,0.0
1602351732903,6,0.0,0.0,slice_mixed,rome_slow_close,tr0,exp1,bs2,data/colosseum-oran-commag-dataset/slice_mixed/rome_slow_close/tr0/exp1/bs2/bs2.csv,0.0
1602351733153,6,0.0,0.0,slice_mixed,rome_slow_close,tr0,exp1,bs2,data/colosseum-oran-commag-dataset/slice_mixed/rome_slow_close/tr0/exp1/bs2/bs2.csv,0.0
1602351733403,6,0.0,0.0,slice_mixed,rome_slow_close,tr0,exp1,bs2,data/colosseum-oran-commag-dataset/slice_mixed/rome_slow_close/tr0/exp1/bs2/bs2.csv,0.0
1602351733652,6,0.0,0.0,slice_mixed,rome_slow_close,tr0,exp1,bs2,data/colosseum-oran-commag-dataset/slice_mixed/rome_slow_close/tr0/exp1/bs2/bs2.csv,0.0
1602351733902,6,0.0,0.0,slice_mixed,rome_slow_close,tr0,exp1,bs2,data/colosseum-oran-commag-dataset/slice_mixed/rome_slow_close/tr0/exp1/bs2/bs2.csv,0.0
1602351734152,6,0.0,0.0,slice_mixed,rome_slow_close,tr0,exp1,bs2,data/colosseum-oran-commag-dataset/slice_mixed/rome_slow_close/tr0/exp1/bs2/bs2.csv,0.0
1602351734402,6,0.0,0.0,slice_mixed,rome_slow_close,tr0,exp1,bs2,data/colosseum-oran-commag-dataset/slice_mixed/rome_slow_close/tr0/exp1/bs2/bs2.csv,0.0
1602351734652,6,0.0,0.0,slice_mixed,rome_slow_close,tr0,exp1,bs2,data/colosseum-oran-commag-dataset/slice_mixed/rome_slow_close/tr0/exp1/bs2/bs2.csv,0.0
1602351734902,6,0.0,0.0,slice_mixed,rome_slow_close,tr0,exp1,bs2,data/colosseum-oran-commag-dataset/slice_mixed/rome_slow_close/tr0/exp1/bs2/bs2.csv,0.0
1602351735152,6,0.0,0.0,slice_mixed,rome_slow_close,tr0,exp1,bs2,data/colosseum-oran-commag-dataset/slice_mixed/rome_slow_close/tr0/exp1/bs2/bs2.csv,0.0
1602351735402,6,0.0,0.0,slice_mixed,rome_slow_close,tr0,exp1,bs2,data/colosseum-oran-commag-dataset/slice_mixed/rome_slow_close/tr0/exp1/bs2/bs2.csv,0.0
1602351735652,6,0.0,0.0,slice_mixed,rome_slow_close,tr0,exp1,bs2,data/colosseum-oran-commag-dataset/slice_mixed/rome_slow_close/tr0/exp1/bs2/bs2.csv,0.0
1602351735902,6,0.0,0.0,slice_mixed,rome_slow_close,tr0,exp1,bs2,data/colosseum-oran-commag-dataset/slice_mixed/rome_slow_close/tr0/exp1/bs2/bs2.csv,0.0
1602351736152,6,0.0,0.0,slice_mixed,rome_slow_close,tr0,exp1,bs2,data/colosseum-oran-commag-dataset/slice_mixed/rome_slow_close/tr0/exp1/bs2/bs2.csv,0.0
1602351736402,6,0.0,0.0,slice_mixed,rome_slow_close,tr0,exp1,bs2,data/colosseum-oran-commag-dataset/slice_mixed/rome_slow_close/tr0/exp1/bs2/bs2.csv,0.0
1602351736652,6,0.0,0.0,slice_mixed,rome_slow_close,tr0,exp1,bs2,data/colosseum-oran-commag-dataset/slice_mixed/rome_slow_close/tr0/exp1/bs2/bs2.csv,0.0
1602351736903,6,0.0,0.0,slice_mixed,rome_slow_close,tr0,exp1,bs2,data/colosseum-oran-commag-dataset/slice_mixed/rome_slow_close/tr0/exp1/bs2/bs2.csv,0.0
1602351737152,6,0.0,0.0,slice_mixed,rome_slow_close,tr0,exp1,bs2,data/colosseum-oran-commag-dataset/slice_mixed/rome_slow_close/tr0/exp1/bs2/bs2.csv,0.0
1602351737402,6,0.0,0.0,slice_mixed,rome_slow_close,tr0,exp1,bs2,data/colosseum-oran-commag-dataset/slice_mixed/rome_slow_close/tr0/exp1/bs2/bs2.csv,0.0
1602351737653,6,0.0,0.0,slice_mixed,rome_slow_close,tr0,exp1,bs2,data/colosseum-oran-commag-dataset/slice_mixed/rome_slow_close/tr0/exp1/bs2/bs2.csv,0.0
1602351737902,6,0.0,0.0,slice_mixed,rome_slow_close,tr0,exp1,bs2,data/colosseum-oran-commag-dataset/slice_mixed/rome_slow_close/tr0/exp1/bs2/bs2.csv,0.0
1602351738152,6,0.0,0.0,slice_mixed,rome_slow_close,tr0,exp1,bs2,data/colosseum-oran-commag-dataset/slice_mixed/rome_slow_close/tr0/exp1/bs2/bs2.csv,0.0
1602351738402,6,0.0,0.0,slice_mixed,rome_slow_close,tr0,exp1,bs2,data/colosseum-oran-commag-dataset/slice_mixed/rome_slow_close/tr0/exp1/bs2/bs2.csv,0.0
1602351738652,6,0.0,0.0,slice_mixed,rome_slow_close,tr0,exp1,bs2,data/colosseum-oran-commag-dataset/slice_mixed/rome_slow_close/tr0/exp1/bs2/bs2.csv,0.0
1602351738902,6,0.0,0.0,slice_mixed,rome_slow_close,tr0,exp1,bs2,data/colosseum-oran-commag-dataset/slice_mixed/rome_slow_close/tr0/exp1/bs2/bs2.csv,0.0
1602351739152,6,0.0,0.0,slice_mixed,rome_slow_close,tr0,exp1,bs2,data/colosseum-oran-commag-dataset/slice_mixed/rome_slow_close/tr0/exp1/bs2/bs2.csv,0.0
1602351739402,6,0.0,0.0,slice_mixed,rome_slow_close,tr0,exp1,bs2,data/colosseum-oran-commag-dataset/slice_mixed/rome_slow_close/tr0/exp1/bs2/bs2.csv,0.0
1602351739652,6,0.0,0.0,slice_mixed,rome_slow_close,tr0,exp1,bs2,data/colosseum-oran-commag-dataset/slice_mixed/rome_slow_close/tr0/exp1/bs2/bs2.csv,0.0
1602351739902,6,0.0,0.0,slice_mixed,rome_slow_close,tr0,exp1,bs2,data/colosseum-oran-commag-dataset/slice_mixed/rome_slow_close/tr0/exp1/bs2/bs2.csv,0.0
1602351740153,7,1790.209839,392.0,slice_mixed,rome_slow_close,tr0,exp1,bs2,data/colosseum-oran-commag-dataset/slice_mixed/rome_slow_close/tr0/exp1/bs2/bs2.csv,2182.209839
1602351740403,7,576.0,10944.0,slice_mixed,rome_slow_close,tr0,exp1,bs2,data/colosseum-oran-commag-dataset/slice_mixed/rome_slow_close/tr0/exp1/bs2/bs2.csv,11520.0
1602351740653,7,3680.0,23264.0,slice_mixed,rome_slow_close,tr0,exp1,bs2,data/colosseum-oran-commag-dataset/slice_mixed/rome_slow_close/tr0/exp1/bs2/bs2.csv,26944.0
1602351740902,7,221632.0,18240.0,slice_mixed,rome_slow_close,tr0,exp1,bs2,data/colosseum-oran-commag-dataset/slice_mixed/rome_slow_close/tr0/exp1/bs2/bs2.csv,239872.0
1602351741152,6,0.0,0.0,slice_mixed,rome_slow_close,tr0,exp1,bs2,data/colosseum-oran-commag-dataset/slice_mixed/rome_slow_close/tr0/exp1/bs2/bs2.csv,0.0
1602351741403,8,1777.777832,628.0,slice_mixed,rome_slow_close,tr0,exp1,bs2,data/colosseum-oran-commag-dataset/slice_mixed/rome_slow_close/tr0/exp1/bs2/bs2.csv,2405.7778319999998
1602351741652,8,576.0,17888.0,slice_mixed,rome_slow_close,tr0,exp1,bs2,data/colosseum-oran-commag-dataset/slice_mixed/rome_slow_close/tr0/exp1/bs2/bs2.csv,18464.0
1602351741903,8,116704.0,90944.0,slice_mixed,rome_slow_close,tr0,exp1,bs2,data/colosseum-oran-commag-dataset/slice_mixed/rome_slow_close/tr0/exp1/bs2/bs2.csv,207648.0
1602351742153,8,49721.117188,73466.132812,slice_mixed,rome_slow_close,tr0,exp1,bs2,data/colosseum-oran-commag-dataset/slice_mixed/rome_slow_close/tr0/exp1/bs2/bs2.csv,123187.25
1602351742402,7,27951.806641,18024.095703,slice_mixed,rome_slow_close,tr0,exp1,bs2,data/colosseum-oran-commag-dataset/slice_mixed/rome_slow_close/tr0/exp1/bs2/bs2.csv,45975.902344
1602351742652,7,5824.0,0.0,slice_mixed,rome_slow_close,tr0,exp1,bs2,data/colosseum-oran-commag-dataset/slice_mixed/rome_slow_close/tr0/exp1/bs2/bs2.csv,5824.0
1602351742902,7,119744.0,0.0,slice_mixed,rome_slow_close,tr0,exp1,bs2,data/colosseum-oran-commag-dataset/slice_mixed/rome_slow_close/tr0/exp1/bs2/bs2.csv,119744.0
1602351743153,7,30784.0,0.0,slice_mixed,rome_slow_close,tr0,exp1,bs2,data/colosseum-oran-commag-dataset/slice_mixed/rome_slow_close/tr0/exp1/bs2/bs2.csv,30784.0
1602351743403,7,48128.0,0.0,slice_mixed,rome_slow_close,tr0,exp1,bs2,data/colosseum-oran-commag-dataset/slice_mixed/rome_slow_close/tr0/exp1/bs2/bs2.csv,48128.0
1602351743653,7,13440.0,17920.0,slice_mixed,rome_slow_close,tr0,exp1,bs2,data/colosseum-oran-commag-dataset/slice_mixed/rome_slow_close/tr0/exp1/bs2/bs2.csv,31360.0
1602351743903,7,93344.0,0.0,slice_mixed,rome_slow_close,tr0,exp1,bs2,data/colosseum-oran-commag-dataset/slice_mixed/rome_slow_close/tr0/exp1/bs2/bs2.csv,93344.0
1602351744152,7,52224.0,0.0,slice_mixed,rome_slow_close,tr0,exp1,bs2,data/colosseum-oran-commag-dataset/slice_mixed/rome_slow_close/tr0/exp1/bs2/bs2.csv,52224.0
1602351744402,7,25440.0,0.0,slice_mixed,rome_slow_close,tr0,exp1,bs2,data/colosseum-oran-commag-dataset/slice_mixed/rome_slow_close/tr0/exp1/bs2/bs2.csv,25440.0
1602351744653,7,68896.0,0.0,slice_mixed,rome_slow_close,tr0,exp1,bs2,data/colosseum-oran-commag-dataset/slice_mixed/rome_slow_close/tr0/exp1/bs2/bs2.csv,68896.0
1602351744902,7,54656.0,0.0,slice_mixed,rome_slow_close,tr0,exp1,bs2,data/colosseum-oran-commag-dataset/slice_mixed/rome_slow_close/tr0/exp1/bs2/bs2.csv,54656.0
1602351745152,7,21600.0,6976.0,slice_mixed,rome_slow_close,tr0,exp1,bs2,data/colosseum-oran-commag-dataset/slice_mixed/rome_slow_close/tr0/exp1/bs2/bs2.csv,28576.0
1602351745402,7,83808.0,40224.0,slice_mixed,rome_slow_close,tr0,exp1,bs2,data/colosseum-oran-commag-dataset/slice_mixed/rome_slow_close/tr0/exp1/bs2/bs2.csv,124032.0
1602351745652,7,35264.0,32096.0,slice_mixed,rome_slow_close,tr0,exp1,bs2,data/colosseum-oran-commag-dataset/slice_mixed/rome_slow_close/tr0/exp1/bs2/bs2.csv,67360.0
1602351745902,7,57696.0,0.0,slice_mixed,rome_slow_close,tr0,exp1,bs2,data/colosseum-oran-commag-dataset/slice_mixed/rome_slow_close/tr0/exp1/bs2/bs2.csv,57696.0
1602351746152,7,31552.0,0.0,slice_mixed,rome_slow_close,tr0,exp1,bs2,data/colosseum-oran-commag-dataset/slice_mixed/rome_slow_close/tr0/exp1/bs2/bs2.csv,31552.0
1602351746402,6,47200.0,0.0,slice_mixed,rome_slow_close,tr0,exp1,bs2,data/colosseum-oran-commag-dataset/slice_mixed/rome_slow_close/tr0/exp1/bs2/bs2.csv,47200.0
1602351746652,5,0.0,0.0,slice_mixed,rome_slow_close,tr0,exp1,bs2,data/colosseum-oran-commag-dataset/slice_mixed/rome_slow_close/tr0/exp1/bs2/bs2.csv,0.0
1602351746902,5,0.0,0.0,slice_mixed,rome_slow_close,tr0,exp1,bs2,data/colosseum-oran-commag-dataset/slice_mixed/rome_slow_close/tr0/exp1/bs2/bs2.csv,0.0
1602351747173,3,0.0,0.0,slice_mixed,rome_slow_close,tr0,exp1,bs2,data/colosseum-oran-commag-dataset/slice_mixed/rome_slow_close/tr0/exp1/bs2/bs2.csv,0.0
1602351747402,2,0.0,0.0,slice_mixed,rome_slow_close,tr0,exp1,bs2,data/colosseum-oran-commag-dataset/slice_mixed/rome_slow_close/tr0/exp1/bs2/bs2.csv,0.0
1602351747652,2,0.0,0.0,slice_mixed,rome_slow_close,tr0,exp1,bs2,data/colosseum-oran-commag-dataset/slice_mixed/rome_slow_close/tr0/exp1/bs2/bs2.csv,0.0
1602351747902,2,0.0,0.0,slice_mixed,rome_slow_close,tr0,exp1,bs2,data/colosseum-oran-commag-dataset/slice_mixed/rome_slow_close/tr0/exp1/bs2/bs2.csv,0.0
1602351748152,2,0.0,0.0,slice_mixed,rome_slow_close,tr0,exp1,bs2,data/colosseum-oran-commag-dataset/slice_mixed/rome_slow_close/tr0/exp1/bs2/bs2.csv,0.0
1602351748402,2,0.0,0.0,slice_mixed,rome_slow_close,tr0,exp1,bs2,data/colosseum-oran-commag-dataset/slice_mixed/rome_slow_close/tr0/exp1/bs2/bs2.csv,0.0
1602351748652,2,0.0,0.0,slice_mixed,rome_slow_close,tr0,exp1,bs2,data/colosseum-oran-commag-dataset/slice_mixed/rome_slow_close/tr0/exp1/bs2/bs2.csv,0.0
1602351748902,2,0.0,0.0,slice_mixed,rome_slow_close,tr0,exp1,bs2,data/colosseum-oran-commag-dataset/slice_mixed/rome_slow_close/tr0/exp1/bs2/bs2.csv,0.0
1602351749152,2,0.0,0.0,slice_mixed,rome_slow_close,tr0,exp1,bs2,data/colosseum-oran-commag-dataset/slice_mixed/rome_slow_close/tr0/exp1/bs2/bs2.csv,0.0
1602351749402,2,0.0,0.0,slice_mixed,rome_slow_close,tr0,exp1,bs2,data/colosseum-oran-commag-dataset/slice_mixed/rome_slow_close/tr0/exp1/bs2/bs2.csv,0.0
1602351749652,2,0.0,0.0,slice_mixed,rome_slow_close,tr0,exp1,bs2,data/colosseum-oran-commag-dataset/slice_mixed/rome_slow_close/tr0/exp1/bs2/bs2.csv,0.0
1602351749902,2,0.0,0.0,slice_mixed,rome_slow_close,tr0,exp1,bs2,data/colosseum-oran-commag-dataset/slice_mixed/rome_slow_close/tr0/exp1/bs2/bs2.csv,0.0
1602351750152,2,0.0,0.0,slice_mixed,rome_slow_close,tr0,exp1,bs2,data/colosseum-oran-commag-dataset/slice_mixed/rome_slow_close/tr0/exp1/bs2/bs2.csv,0.0
1602351750402,2,0.0,0.0,slice_mixed,rome_slow_close,tr0,exp1,bs2,data/colosseum-oran-commag-dataset/slice_mixed/rome_slow_close/tr0/exp1/bs2/bs2.csv,0.0
1602351750652,2,0.0,0.0,slice_mixed,rome_slow_close,tr0,exp1,bs2,data/colosseum-oran-commag-dataset/slice_mixed/rome_slow_close/tr0/exp1/bs2/bs2.csv,0.0
1602351750902,2,0.0,0.0,slice_mixed,rome_slow_close,tr0,exp1,bs2,data/colosseum-oran-commag-dataset/slice_mixed/rome_slow_close/tr0/exp1/bs2/bs2.csv,0.0
1602351751152,2,0.0,0.0,slice_mixed,rome_slow_close,tr0,exp1,bs2,data/colosseum-oran-commag-dataset/slice_mixed/rome_slow_close/tr0/exp1/bs2/bs2.csv,0.0
1602351751402,2,0.0,0.0,slice_mixed,rome_slow_close,tr0,exp1,bs2,data/colosseum-oran-commag-dataset/slice_mixed/rome_slow_close/tr0/exp1/bs2/bs2.csv,0.0
1602351751652,2,0.0,0.0,slice_mixed,rome_slow_close,tr0,exp1,bs2,data/colosseum-oran-commag-dataset/slice_mixed/rome_slow_close/tr0/exp1/bs2/bs2.csv,0.0
1602351751902,2,0.0,0.0,slice_mixed,rome_slow_close,tr0,exp1,bs2,data/colosseum-oran-commag-dataset/slice_mixed/rome_slow_close/tr0/exp1/bs2/bs2.csv,0.0
1602351752152,2,0.0,0.0,slice_mixed,rome_slow_close,tr0,exp1,bs2,data/colosseum-oran-commag-dataset/slice_mixed/rome_slow_close/tr0/exp1/bs2/bs2.csv,0.0
1602351752402,2,0.0,0.0,slice_mixed,rome_slow_close,tr0,exp1,bs2,data/colosseum-oran-commag-dataset/slice_mixed/rome_slow_close/tr0/exp1/bs2/bs2.csv,0.0
1602351752652,2,0.0,0.0,slice_mixed,rome_slow_close,tr0,exp1,bs2,data/colosseum-oran-commag-dataset/slice_mixed/rome_slow_close/tr0/exp1/bs2/bs2.csv,0.0
1602351752902,2,0.0,0.0,slice_mixed,rome_slow_close,tr0,exp1,bs2,data/colosseum-oran-commag-dataset/slice_mixed/rome_slow_close/tr0/exp1/bs2/bs2.csv,0.0
1602351753152,2,0.0,0.0,slice_mixed,rome_slow_close,tr0,exp1,bs2,data/colosseum-oran-commag-dataset/slice_mixed/rome_slow_close/tr0/exp1/bs2/bs2.csv,0.0
1602351753402,2,0.0,0.0,slice_mixed,rome_slow_close,tr0,exp1,bs2,data/colosseum-oran-commag-dataset/slice_mixed/rome_slow_close/tr0/exp1/bs2/bs2.csv,0.0
1602351753652,2,0.0,0.0,slice_mixed,rome_slow_close,tr0,exp1,bs2,data/colosseum-oran-commag-dataset/slice_mixed/rome_slow_close/tr0/exp1/bs2/bs2.csv,0.0
1602351753902,2,0.0,0.0,slice_mixed,rome_slow_close,tr0,exp1,bs2,data/colosseum-oran-commag-dataset/slice_mixed/rome_slow_close/tr0/exp1/bs2/bs2.csv,0.0
1602351754152,2,0.0,0.0,slice_mixed,rome_slow_close,tr0,exp1,bs2,data/colosseum-oran-commag-dataset/slice_mixed/rome_slow_close/tr0/exp1/bs2/bs2.csv,0.0
1602351754402,2,0.0,0.0,slice_mixed,rome_slow_close,tr0,exp1,bs2,data/colosseum-oran-commag-dataset/slice_mixed/rome_slow_close/tr0/exp1/bs2/bs2.csv,0.0
1602351754652,2,0.0,0.0,slice_mixed,rome_slow_close,tr0,exp1,bs2,data/colosseum-oran-commag-dataset/slice_mixed/rome_slow_close/tr0/exp1/bs2/bs2.csv,0.0
1602351754902,2,0.0,0.0,slice_mixed,rome_slow_close,tr0,exp1,bs2,data/colosseum-oran-commag-dataset/slice_mixed/rome_slow_close/tr0/exp1/bs2/bs2.csv,0.0
1602351755152,2,0.0,0.0,slice_mixed,rome_slow_close,tr0,exp1,bs2,data/colosseum-oran-commag-dataset/slice_mixed/rome_slow_close/tr0/exp1/bs2/bs2.csv,0.0
1602351755402,2,0.0,0.0,slice_mixed,rome_slow_close,tr0,exp1,bs2,data/colosseum-oran-commag-dataset/slice_mixed/rome_slow_close/tr0/exp1/bs2/bs2.csv,0.0
1602351755652,2,0.0,0.0,slice_mixed,rome_slow_close,tr0,exp1,bs2,data/colosseum-oran-commag-dataset/slice_mixed/rome_slow_close/tr0/exp1/bs2/bs2.csv,0.0
1602351755902,2,0.0,0.0,slice_mixed,rome_slow_close,tr0,exp1,bs2,data/colosseum-oran-commag-dataset/slice_mixed/rome_slow_close/tr0/exp1/bs2/bs2.csv,0.0
1602351756152,2,0.0,0.0,slice_mixed,rome_slow_close,tr0,exp1,bs2,data/colosseum-oran-commag-dataset/slice_mixed/rome_slow_close/tr0/exp1/bs2/bs2.csv,0.0
1602351756402,2,0.0,0.0,slice_mixed,rome_slow_close,tr0,exp1,bs2,data/colosseum-oran-commag-dataset/slice_mixed/rome_slow_close/tr0/exp1/bs2/bs2.csv,0.0
1602351756652,2,0.0,0.0,slice_mixed,rome_slow_close,tr0,exp1,bs2,data/colosseum-oran-commag-dataset/slice_mixed/rome_slow_close/tr0/exp1/bs2/bs2.csv,0.0
1602351756902,2,0.0,0.0,slice_mixed,rome_slow_close,tr0,exp1,bs2,data/colosseum-oran-commag-dataset/slice_mixed/rome_slow_close/tr0/exp1/bs2/bs2.csv,0.0
1602351757152,2,0.0,0.0,slice_mixed,rome_slow_close,tr0,exp1,bs2,data/colosseum-oran-commag-dataset/slice_mixed/rome_slow_close/tr0/exp1/bs2/bs2.csv,0.0
1602351757402,2,0.0,0.0,slice_mixed,rome_slow_close,tr0,exp1,bs2,data/colosseum-oran-commag-dataset/slice_mixed/rome_slow_close/tr0/exp1/bs2/bs2.csv,0.0
1602351757652,2,0.0,0.0,slice_mixed,rome_slow_close,tr0,exp1,bs2,data/colosseum-oran-commag-dataset/slice_mixed/rome_slow_close/tr0/exp1/bs2/bs2.csv,0.0
1602351757902,2,0.0,0.0,slice_mixed,rome_slow_close,tr0,exp1,bs2,data/colosseum-oran-commag-dataset/slice_mixed/rome_slow_close/tr0/exp1/bs2/bs2.csv,0.0
1602351758152,2,0.0,0.0,slice_mixed,rome_slow_close,tr0,exp1,bs2,data/colosseum-oran-commag-dataset/slice_mixed/rome_slow_close/tr0/exp1/bs2/bs2.csv,0.0
1602351758402,2,0.0,0.0,slice_mixed,rome_slow_close,tr0,exp1,bs2,data/colosseum-oran-commag-dataset/slice_mixed/rome_slow_close/tr0/exp1/bs2/bs2.csv,0.0
1602351758652,2,0.0,0.0,slice_mixed,rome_slow_close,tr0,exp1,bs2,data/colosseum-oran-commag-dataset/slice_mixed/rome_slow_close/tr0/exp1/bs2/bs2.csv,0.0
1602351758902,2,0.0,0.0,slice_mixed,rome_slow_close,tr0,exp1,bs2,data/colosseum-oran-commag-dataset/slice_mixed/rome_slow_close/tr0/exp1/bs2/bs2.csv,0.0
1602351759152,2,0.0,0.0,slice_mixed,rome_slow_close,tr0,exp1,bs2,data/colosseum-oran-commag-dataset/slice_mixed/rome_slow_close/tr0/exp1/bs2/bs2.csv,0.0
1602351759402,2,0.0,0.0,slice_mixed,rome_slow_close,tr0,exp1,bs2,data/colosseum-oran-commag-dataset/slice_mixed/rome_slow_close/tr0/exp1/bs2/bs2.csv,0.0
1602351759652,2,0.0,0.0,slice_mixed,rome_slow_close,tr0,exp1,bs2,data/colosseum-oran-commag-dataset/slice_mixed/rome_slow_close/tr0/exp1/bs2/bs2.csv,0.0
1602351759902,2,0.0,0.0,slice_mixed,rome_slow_close,tr0,exp1,bs2,data/colosseum-oran-commag-dataset/slice_mixed/rome_slow_close/tr0/exp1/bs2/bs2.csv,0.0
1602351760152,2,0.0,0.0,slice_mixed,rome_slow_close,tr0,exp1,bs2,data/colosseum-oran-commag-dataset/slice_mixed/rome_slow_close/tr0/exp1/bs2/bs2.csv,0.0
1602351760402,2,0.0,0.0,slice_mixed,rome_slow_close,tr0,exp1,bs2,data/colosseum-oran-commag-dataset/slice_mixed/rome_slow_close/tr0/exp1/bs2/bs2.csv,0.0
1602351760652,2,0.0,0.0,slice_mixed,rome_slow_close,tr0,exp1,bs2,data/colosseum-oran-commag-dataset/slice_mixed/rome_slow_close/tr0/exp1/bs2/bs2.csv,0.0
1602351760902,2,0.0,0.0,slice_mixed,rome_slow_close,tr0,exp1,bs2,data/colosseum-oran-commag-dataset/slice_mixed/rome_slow_close/tr0/exp1/bs2/bs2.csv,0.0
1602351761152,2,0.0,0.0,slice_mixed,rome_slow_close,tr0,exp1,bs2,data/colosseum-oran-commag-dataset/slice_mixed/rome_slow_close/tr0/exp1/bs2/bs2.csv,0.0
1602351761402,2,0.0,0.0,slice_mixed,rome_slow_close,tr0,exp1,bs2,data/colosseum-oran-commag-dataset/slice_mixed/rome_slow_close/tr0/exp1/bs2/bs2.csv,0.0
1602351761652,2,0.0,0.0,slice_mixed,rome_slow_close,tr0,exp1,bs2,data/colosseum-oran-commag-dataset/slice_mixed/rome_slow_close/tr0/exp1/bs2/bs2.csv,0.0
1602351761902,2,0.0,0.0,slice_mixed,rome_slow_close,tr0,exp1,bs2,data/colosseum-oran-commag-dataset/slice_mixed/rome_slow_close/tr0/exp1/bs2/bs2.csv,0.0
1602351762152,2,0.0,0.0,slice_mixed,rome_slow_close,tr0,exp1,bs2,data/colosseum-oran-commag-dataset/slice_mixed/rome_slow_close/tr0/exp1/bs2/bs2.csv,0.0
1602351762402,2,0.0,0.0,slice_mixed,rome_slow_close,tr0,exp1,bs2,data/colosseum-oran-commag-dataset/slice_mixed/rome_slow_close/tr0/exp1/bs2/bs2.csv,0.0
1602351762652,2,0.0,0.0,slice_mixed,rome_slow_close,tr0,exp1,bs2,data/colosseum-oran-commag-dataset/slice_mixed/rome_slow_close/tr0/exp1/bs2/bs2.csv,0.0
1602351762902,2,0.0,0.0,slice_mixed,rome_slow_close,tr0,exp1,bs2,data/colosseum-oran-commag-dataset/slice_mixed/rome_slow_close/tr0/exp1/bs2/bs2.csv,0.0
1602351763152,2,0.0,0.0,slice_mixed,rome_slow_close,tr0,exp1,bs2,data/colosseum-oran-commag-dataset/slice_mixed/rome_slow_close/tr0/exp1/bs2/bs2.csv,0.0
1602351763402,2,0.0,0.0,slice_mixed,rome_slow_close,tr0,exp1,bs2,data/colosseum-oran-commag-dataset/slice_mixed/rome_slow_close/tr0/exp1/bs2/bs2.csv,0.0
1602351763652,2,0.0,0.0,slice_mixed,rome_slow_close,tr0,exp1,bs2,data/colosseum-oran-commag-dataset/slice_mixed/rome_slow_close/tr0/exp1/bs2/bs2.csv,0.0
1602351763902,2,0.0,0.0,slice_mixed,rome_slow_close,tr0,exp1,bs2,data/colosseum-oran-commag-dataset/slice_mixed/rome_slow_close/tr0/exp1/bs2/bs2.csv,0.0
1602351764152,2,0.0,0.0,slice_mixed,rome_slow_close,tr0,exp1,bs2,data/colosseum-oran-commag-dataset/slice_mixed/rome_slow_close/tr0/exp1/bs2/bs2.csv,0.0
1602351764402,2,0.0,0.0,slice_mixed,rome_slow_close,tr0,exp1,bs2,data/colosseum-oran-commag-dataset/slice_mixed/rome_slow_close/tr0/exp1/bs2/bs2.csv,0.0
1602351764652,2,0.0,0.0,slice_mixed,rome_slow_close,tr0,exp1,bs2,data/colosseum-oran-commag-dataset/slice_mixed/rome_slow_close/tr0/exp1/bs2/bs2.csv,0.0
1602351764902,2,0.0,0.0,slice_mixed,rome_slow_close,tr0,exp1,bs2,data/colosseum-oran-commag-dataset/slice_mixed/rome_slow_close/tr0/exp1/bs2/bs2.csv,0.0
1602351765152,2,0.0,0.0,slice_mixed,rome_slow_close,tr0,exp1,bs2,data/colosseum-oran-commag-dataset/slice_mixed/rome_slow_close/tr0/exp1/bs2/bs2.csv,0.0
1602351765402,2,0.0,0.0,slice_mixed,rome_slow_close,tr0,exp1,bs2,data/colosseum-oran-commag-dataset/slice_mixed/rome_slow_close/tr0/exp1/bs2/bs2.csv,0.0
1602351765652,2,0.0,0.0,slice_mixed,rome_slow_close,tr0,exp1,bs2,data/colosseum-oran-commag-dataset/slice_mixed/rome_slow_close/tr0/exp1/bs2/bs2.csv,0.0
1602351765902,2,0.0,0.0,slice_mixed,rome_slow_close,tr0,exp1,bs2,data/colosseum-oran-commag-dataset/slice_mixed/rome_slow_close/tr0/exp1/bs2/bs2.csv,0.0
1602351766152,2,0.0,0.0,slice_mixed,rome_slow_close,tr0,exp1,bs2,data/colosseum-oran-commag-dataset/slice_mixed/rome_slow_close/tr0/exp1/bs2/bs2.csv,0.0
1602351766402,2,0.0,0.0,slice_mixed,rome_slow_close,tr0,exp1,bs2,data/colosseum-oran-commag-dataset/slice_mixed/rome_slow_close/tr0/exp1/bs2/bs2.csv,0.0
1602351766652,2,0.0,0.0,slice_mixed,rome_slow_close,tr0,exp1,bs2,data/colosseum-oran-commag-dataset/slice_mixed/rome_slow_close/tr0/exp1/bs2/bs2.csv,0.0
1602351766902,2,0.0,0.0,slice_mixed,rome_slow_close,tr0,exp1,bs2,data/colosseum-oran-commag-dataset/slice_mixed/rome_slow_close/tr0/exp1/bs2/bs2.csv,0.0
1602351767152,2,0.0,0.0,slice_mixed,rome_slow_close,tr0,exp1,bs2,data/colosseum-oran-commag-dataset/slice_mixed/rome_slow_close/tr0/exp1/bs2/bs2.csv,0.0
1602351767402,2,0.0,0.0,slice_mixed,rome_slow_close,tr0,exp1,bs2,data/colosseum-oran-commag-dataset/slice_mixed/rome_slow_close/tr0/exp1/bs2/bs2.csv,0.0
1602351767652,2,0.0,0.0,slice_mixed,rome_slow_close,tr0,exp1,bs2,data/colosseum-oran-commag-dataset/slice_mixed/rome_slow_close/tr0/exp1/bs2/bs2.csv,0.0
1602351767902,2,0.0,0.0,slice_mixed,rome_slow_close,tr0,exp1,bs2,data/colosseum-oran-commag-dataset/slice_mixed/rome_slow_close/tr0/exp1/bs2/bs2.csv,0.0
1602351768152,2,0.0,0.0,slice_mixed,rome_slow_close,tr0,exp1,bs2,data/colosseum-oran-commag-dataset/slice_mixed/rome_slow_close/tr0/exp1/bs2/bs2.csv,0.0
1602351768402,2,0.0,0.0,slice_mixed,rome_slow_close,tr0,exp1,bs2,data/colosseum-oran-commag-dataset/slice_mixed/rome_slow_close/tr0/exp1/bs2/bs2.csv,0.0
1602351768652,2,0.0,0.0,slice_mixed,rome_slow_close,tr0,exp1,bs2,data/colosseum-oran-commag-dataset/slice_mixed/rome_slow_close/tr0/exp1/bs2/bs2.csv,0.0
1602351768902,2,0.0,0.0,slice_mixed,rome_slow_close,tr0,exp1,bs2,data/colosseum-oran-commag-dataset/slice_mixed/rome_slow_close/tr0/exp1/bs2/bs2.csv,0.0
1602351769152,2,0.0,0.0,slice_mixed,rome_slow_close,tr0,exp1,bs2,data/colosseum-oran-commag-dataset/slice_mixed/rome_slow_close/tr0/exp1/bs2/bs2.csv,0.0
1602351769402,2,0.0,0.0,slice_mixed,rome_slow_close,tr0,exp1,bs2,data/colosseum-oran-commag-dataset/slice_mixed/rome_slow_close/tr0/exp1/bs2/bs2.csv,0.0
1602351769652,2,0.0,0.0,slice_mixed,rome_slow_close,tr0,exp1,bs2,data/colosseum-oran-commag-dataset/slice_mixed/rome_slow_close/tr0/exp1/bs2/bs2.csv,0.0
1602351769902,2,0.0,0.0,slice_mixed,rome_slow_close,tr0,exp1,bs2,data/colosseum-oran-commag-dataset/slice_mixed/rome_slow_close/tr0/exp1/bs2/bs2.csv,0.0
1602351770152,2,0.0,0.0,slice_mixed,rome_slow_close,tr0,exp1,bs2,data/colosseum-oran-commag-dataset/slice_mixed/rome_slow_close/tr0/exp1/bs2/bs2.csv,0.0
1602351770402,2,0.0,0.0,slice_mixed,rome_slow_close,tr0,exp1,bs2,data/colosseum-oran-commag-dataset/slice_mixed/rome_slow_close/tr0/exp1/bs2/bs2.csv,0.0
1602351770652,2,0.0,0.0,slice_mixed,rome_slow_close,tr0,exp1,bs2,data/colosseum-oran-commag-dataset/slice_mixed/rome_slow_close/tr0/exp1/bs2/bs2.csv,0.0
1602351770902,2,0.0,0.0,slice_mixed,rome_slow_close,tr0,exp1,bs2,data/colosseum-oran-commag-dataset/slice_mixed/rome_slow_close/tr0/exp1/bs2/bs2.csv,0.0
1602351771152,2,0.0,0.0,slice_mixed,rome_slow_close,tr0,exp1,bs2,data/colosseum-oran-commag-dataset/slice_mixed/rome_slow_close/tr0/exp1/bs2/bs2.csv,0.0
1602351771402,2,0.0,0.0,slice_mixed,rome_slow_close,tr0,exp1,bs2,data/colosseum-oran-commag-dataset/slice_mixed/rome_slow_close/tr0/exp1/bs2/bs2.csv,0.0
1602351771652,2,0.0,0.0,slice_mixed,rome_slow_close,tr0,exp1,bs2,data/colosseum-oran-commag-dataset/slice_mixed/rome_slow_close/tr0/exp1/bs2/bs2.csv,0.0
1602351771902,2,0.0,0.0,slice_mixed,rome_slow_close,tr0,exp1,bs2,data/colosseum-oran-commag-dataset/slice_mixed/rome_slow_close/tr0/exp1/bs2/bs2.csv,0.0
1602351772152,2,0.0,0.0,slice_mixed,rome_slow_close,tr0,exp1,bs2,data/colosseum-oran-commag-dataset/slice_mixed/rome_slow_close/tr0/exp1/bs2/bs2.csv,0.0
1602351772402,2,0.0,0.0,slice_mixed,rome_slow_close,tr0,exp1,bs2,data/colosseum-oran-commag-dataset/slice_mixed/rome_slow_close/tr0/exp1/bs2/bs2.csv,0.0
1602351772652,2,0.0,0.0,slice_mixed,rome_slow_close,tr0,exp1,bs2,data/colosseum-oran-commag-dataset/slice_mixed/rome_slow_close/tr0/exp1/bs2/bs2.csv,0.0
1602351772902,2,0.0,0.0,slice_mixed,rome_slow_close,tr0,exp1,bs2,data/colosseum-oran-commag-dataset/slice_mixed/rome_slow_close/tr0/exp1/bs2/bs2.csv,0.0
1602351773152,2,0.0,0.0,slice_mixed,rome_slow_close,tr0,exp1,bs2,data/colosseum-oran-commag-dataset/slice_mixed/rome_slow_close/tr0/exp1/bs2/bs2.csv,0.0
1602351773402,2,0.0,0.0,slice_mixed,rome_slow_close,tr0,exp1,bs2,data/colosseum-oran-commag-dataset/slice_mixed/rome_slow_close/tr0/exp1/bs2/bs2.csv,0.0
1602351773652,2,0.0,0.0,slice_mixed,rome_slow_close,tr0,exp1,bs2,data/colosseum-oran-commag-dataset/slice_mixed/rome_slow_close/tr0/exp1/bs2/bs2.csv,0.0
1602351773902,2,0.0,0.0,slice_mixed,rome_slow_close,tr0,exp1,bs2,data/colosseum-oran-commag-dataset/slice_mixed/rome_slow_close/tr0/exp1/bs2/bs2.csv,0.0
1602351774152,2,0.0,0.0,slice_mixed,rome_slow_close,tr0,exp1,bs2,data/colosseum-oran-commag-dataset/slice_mixed/rome_slow_close/tr0/exp1/bs2/bs2.csv,0.0
1602351774402,2,0.0,0.0,slice_mixed,rome_slow_close,tr0,exp1,bs2,data/colosseum-oran-commag-dataset/slice_mixed/rome_slow_close/tr0/exp1/bs2/bs2.csv,0.0
1602351774652,2,0.0,0.0,slice_mixed,rome_slow_close,tr0,exp1,bs2,data/colosseum-oran-commag-dataset/slice_mixed/rome_slow_close/tr0/exp1/bs2/bs2.csv,0.0
1602351774902,2,0.0,0.0,slice_mixed,rome_slow_close,tr0,exp1,bs2,data/colosseum-oran-commag-dataset/slice_mixed/rome_slow_close/tr0/exp1/bs2/bs2.csv,0.0
1602351775152,2,0.0,0.0,slice_mixed,rome_slow_close,tr0,exp1,bs2,data/colosseum-oran-commag-dataset/slice_mixed/rome_slow_close/tr0/exp1/bs2/bs2.csv,0.0
1602351775402,2,0.0,0.0,slice_mixed,rome_slow_close,tr0,exp1,bs2,data/colosseum-oran-commag-dataset/slice_mixed/rome_slow_close/tr0/exp1/bs2/bs2.csv,0.0
1602351775652,2,0.0,0.0,slice_mixed,rome_slow_close,tr0,exp1,bs2,data/colosseum-oran-commag-dataset/slice_mixed/rome_slow_close/tr0/exp1/bs2/bs2.csv,0.0
1602351775902,2,0.0,0.0,slice_mixed,rome_slow_close,tr0,exp1,bs2,data/colosseum-oran-commag-dataset/slice_mixed/rome_slow_close/tr0/exp1/bs2/bs2.csv,0.0
1602351776152,2,0.0,0.0,slice_mixed,rome_slow_close,tr0,exp1,bs2,data/colosseum-oran-commag-dataset/slice_mixed/rome_slow_close/tr0/exp1/bs2/bs2.csv,0.0
1602351776402,2,0.0,0.0,slice_mixed,rome_slow_close,tr0,exp1,bs2,data/colosseum-oran-commag-dataset/slice_mixed/rome_slow_close/tr0/exp1/bs2/bs2.csv,0.0
1602351776652,2,0.0,0.0,slice_mixed,rome_slow_close,tr0,exp1,bs2,data/colosseum-oran-commag-dataset/slice_mixed/rome_slow_close/tr0/exp1/bs2/bs2.csv,0.0
1602351776902,2,0.0,0.0,slice_mixed,rome_slow_close,tr0,exp1,bs2,data/colosseum-oran-commag-dataset/slice_mixed/rome_slow_close/tr0/exp1/bs2/bs2.csv,0.0
1602351777152,2,0.0,0.0,slice_mixed,rome_slow_close,tr0,exp1,bs2,data/colosseum-oran-commag-dataset/slice_mixed/rome_slow_close/tr0/exp1/bs2/bs2.csv,0.0
1602351777402,2,0.0,0.0,slice_mixed,rome_slow_close,tr0,exp1,bs2,data/colosseum-oran-commag-dataset/slice_mixed/rome_slow_close/tr0/exp1/bs2/bs2.csv,0.0
1602351777652,2,0.0,0.0,slice_mixed,rome_slow_close,tr0,exp1,bs2,data/colosseum-oran-commag-dataset/slice_mixed/rome_slow_close/tr0/exp1/bs2/bs2.csv,0.0
1602351777902,2,0.0,0.0,slice_mixed,rome_slow_close,tr0,exp1,bs2,data/colosseum-oran-commag-dataset/slice_mixed/rome_slow_close/tr0/exp1/bs2/bs2.csv,0.0
1602351778152,2,0.0,0.0,slice_mixed,rome_slow_close,tr0,exp1,bs2,data/colosseum-oran-commag-dataset/slice_mixed/rome_slow_close/tr0/exp1/bs2/bs2.csv,0.0
1602351778402,2,0.0,0.0,slice_mixed,rome_slow_close,tr0,exp1,bs2,data/colosseum-oran-commag-dataset/slice_mixed/rome_slow_close/tr0/exp1/bs2/bs2.csv,0.0
1602351778652,2,0.0,0.0,slice_mixed,rome_slow_close,tr0,exp1,bs2,data/colosseum-oran-commag-dataset/slice_mixed/rome_slow_close/tr0/exp1/bs2/bs2.csv,0.0
1602351778902,2,0.0,0.0,slice_mixed,rome_slow_close,tr0,exp1,bs2,data/colosseum-oran-commag-dataset/slice_mixed/rome_slow_close/tr0/exp1/bs2/bs2.csv,0.0
1602351779152,2,0.0,0.0,slice_mixed,rome_slow_close,tr0,exp1,bs2,data/colosseum-oran-commag-dataset/slice_mixed/rome_slow_close/tr0/exp1/bs2/bs2.csv,0.0
1602351779402,2,0.0,0.0,slice_mixed,rome_slow_close,tr0,exp1,bs2,data/colosseum-oran-commag-dataset/slice_mixed/rome_slow_close/tr0/exp1/bs2/bs2.csv,0.0
1602351779652,2,0.0,0.0,slice_mixed,rome_slow_close,tr0,exp1,bs2,data/colosseum-oran-commag-dataset/slice_mixed/rome_slow_close/tr0/exp1/bs2/bs2.csv,0.0
1602351779902,2,0.0,0.0,slice_mixed,rome_slow_close,tr0,exp1,bs2,data/colosseum-oran-commag-dataset/slice_mixed/rome_slow_close/tr0/exp1/bs2/bs2.csv,0.0
1602351780152,2,0.0,0.0,slice_mixed,rome_slow_close,tr0,exp1,bs2,data/colosseum-oran-commag-dataset/slice_mixed/rome_slow_close/tr0/exp1/bs2/bs2.csv,0.0
1602351780402,2,0.0,0.0,slice_mixed,rome_slow_close,tr0,exp1,bs2,data/colosseum-oran-commag-dataset/slice_mixed/rome_slow_close/tr0/exp1/bs2/bs2.csv,0.0
1602351780652,2,0.0,0.0,slice_mixed,rome_slow_close,tr0,exp1,bs2,data/colosseum-oran-commag-dataset/slice_mixed/rome_slow_close/tr0/exp1/bs2/bs2.csv,0.0
1602351780902,2,0.0,0.0,slice_mixed,rome_slow_close,tr0,exp1,bs2,data/colosseum-oran-commag-dataset/slice_mixed/rome_slow_close/tr0/exp1/bs2/bs2.csv,0.0
1602351781152,2,0.0,0.0,slice_mixed,rome_slow_close,tr0,exp1,bs2,data/colosseum-oran-commag-dataset/slice_mixed/rome_slow_close/tr0/exp1/bs2/bs2.csv,0.0
1602351781402,2,0.0,0.0,slice_mixed,rome_slow_close,tr0,exp1,bs2,data/colosseum-oran-commag-dataset/slice_mixed/rome_slow_close/tr0/exp1/bs2/bs2.csv,0.0
1602351781652,2,0.0,0.0,slice_mixed,rome_slow_close,tr0,exp1,bs2,data/colosseum-oran-commag-dataset/slice_mixed/rome_slow_close/tr0/exp1/bs2/bs2.csv,0.0
1602351781902,2,0.0,0.0,slice_mixed,rome_slow_close,tr0,exp1,bs2,data/colosseum-oran-commag-dataset/slice_mixed/rome_slow_close/tr0/exp1/bs2/bs2.csv,0.0
1602351782152,2,0.0,0.0,slice_mixed,rome_slow_close,tr0,exp1,bs2,data/colosseum-oran-commag-dataset/slice_mixed/rome_slow_close/tr0/exp1/bs2/bs2.csv,0.0
1602351782402,2,0.0,0.0,slice_mixed,rome_slow_close,tr0,exp1,bs2,data/colosseum-oran-commag-dataset/slice_mixed/rome_slow_close/tr0/exp1/bs2/bs2.csv,0.0
1602351782652,2,0.0,0.0,slice_mixed,rome_slow_close,tr0,exp1,bs2,data/colosseum-oran-commag-dataset/slice_mixed/rome_slow_close/tr0/exp1/bs2/bs2.csv,0.0
1602351782902,2,0.0,0.0,slice_mixed,rome_slow_close,tr0,exp1,bs2,data/colosseum-oran-commag-dataset/slice_mixed/rome_slow_close/tr0/exp1/bs2/bs2.csv,0.0
1602351783152,2,0.0,0.0,slice_mixed,rome_slow_close,tr0,exp1,bs2,data/colosseum-oran-commag-dataset/slice_mixed/rome_slow_close/tr0/exp1/bs2/bs2.csv,0.0
1602351783402,2,0.0,0.0,slice_mixed,rome_slow_close,tr0,exp1,bs2,data/colosseum-oran-commag-dataset/slice_mixed/rome_slow_close/tr0/exp1/bs2/bs2.csv,0.0
1602351783652,2,0.0,0.0,slice_mixed,rome_slow_close,tr0,exp1,bs2,data/colosseum-oran-commag-dataset/slice_mixed/rome_slow_close/tr0/exp1/bs2/bs2.csv,0.0
1602351783902,2,0.0,0.0,slice_mixed,rome_slow_close,tr0,exp1,bs2,data/colosseum-oran-commag-dataset/slice_mixed/rome_slow_close/tr0/exp1/bs2/bs2.csv,0.0
1602351784152,2,0.0,0.0,slice_mixed,rome_slow_close,tr0,exp1,bs2,data/colosseum-oran-commag-dataset/slice_mixed/rome_slow_close/tr0/exp1/bs2/bs2.csv,0.0
1602351784402,2,0.0,0.0,slice_mixed,rome_slow_close,tr0,exp1,bs2,data/colosseum-oran-commag-dataset/slice_mixed/rome_slow_close/tr0/exp1/bs2/bs2.csv,0.0
1602351784652,2,0.0,0.0,slice_mixed,rome_slow_close,tr0,exp1,bs2,data/colosseum-oran-commag-dataset/slice_mixed/rome_slow_close/tr0/exp1/bs2/bs2.csv,0.0
1602351784902,2,0.0,0.0,slice_mixed,rome_slow_close,tr0,exp1,bs2,data/colosseum-oran-commag-dataset/slice_mixed/rome_slow_close/tr0/exp1/bs2/bs2.csv,0.0
1602351785152,2,0.0,0.0,slice_mixed,rome_slow_close,tr0,exp1,bs2,data/colosseum-oran-commag-dataset/slice_mixed/rome_slow_close/tr0/exp1/bs2/bs2.csv,0.0
1602351785402,2,0.0,0.0,slice_mixed,rome_slow_close,tr0,exp1,bs2,data/colosseum-oran-commag-dataset/slice_mixed/rome_slow_close/tr0/exp1/bs2/bs2.csv,0.0
1602351785652,2,0.0,0.0,slice_mixed,rome_slow_close,tr0,exp1,bs2,data/colosseum-oran-commag-dataset/slice_mixed/rome_slow_close/tr0/exp1/bs2/bs2.csv,0.0
1602351785902,2,0.0,0.0,slice_mixed,rome_slow_close,tr0,exp1,bs2,data/colosseum-oran-commag-dataset/slice_mixed/rome_slow_close/tr0/exp1/bs2/bs2.csv,0.0
1602351786152,2,0.0,0.0,slice_mixed,rome_slow_close,tr0,exp1,bs2,data/colosseum-oran-commag-dataset/slice_mixed/rome_slow_close/tr0/exp1/bs2/bs2.csv,0.0
1602351786402,2,0.0,0.0,slice_mixed,rome_slow_close,tr0,exp1,bs2,data/colosseum-oran-commag-dataset/slice_mixed/rome_slow_close/tr0/exp1/bs2/bs2.csv,0.0
1602351786652,2,0.0,0.0,slice_mixed,rome_slow_close,tr0,exp1,bs2,data/colosseum-oran-commag-dataset/slice_mixed/rome_slow_close/tr0/exp1/bs2/bs2.csv,0.0
1602351786902,2,0.0,0.0,slice_mixed,rome_slow_close,tr0,exp1,bs2,data/colosseum-oran-commag-dataset/slice_mixed/rome_slow_close/tr0/exp1/bs2/bs2.csv,0.0
1602351787152,2,0.0,0.0,slice_mixed,rome_slow_close,tr0,exp1,bs2,data/colosseum-oran-commag-dataset/slice_mixed/rome_slow_close/tr0/exp1/bs2/bs2.csv,0.0
1602351787402,2,0.0,0.0,slice_mixed,rome_slow_close,tr0,exp1,bs2,data/colosseum-oran-commag-dataset/slice_mixed/rome_slow_close/tr0/exp1/bs2/bs2.csv,0.0
1602351787652,2,0.0,0.0,slice_mixed,rome_slow_close,tr0,exp1,bs2,data/colosseum-oran-commag-dataset/slice_mixed/rome_slow_close/tr0/exp1/bs2/bs2.csv,0.0
1602351787902,2,0.0,0.0,slice_mixed,rome_slow_close,tr0,exp1,bs2,data/colosseum-oran-commag-dataset/slice_mixed/rome_slow_close/tr0/exp1/bs2/bs2.csv,0.0
1602351788152,2,0.0,0.0,slice_mixed,rome_slow_close,tr0,exp1,bs2,data/colosseum-oran-commag-dataset/slice_mixed/rome_slow_close/tr0/exp1/bs2/bs2.csv,0.0
1602351788402,2,0.0,0.0,slice_mixed,rome_slow_close,tr0,exp1,bs2,data/colosseum-oran-commag-dataset/slice_mixed/rome_slow_close/tr0/exp1/bs2/bs2.csv,0.0
1602351788652,2,0.0,0.0,slice_mixed,rome_slow_close,tr0,exp1,bs2,data/colosseum-oran-commag-dataset/slice_mixed/rome_slow_close/tr0/exp1/bs2/bs2.csv,0.0
1602351788902,2,0.0,0.0,slice_mixed,rome_slow_close,tr0,exp1,bs2,data/colosseum-oran-commag-dataset/slice_mixed/rome_slow_close/tr0/exp1/bs2/bs2.csv,0.0
1602351789152,2,0.0,0.0,slice_mixed,rome_slow_close,tr0,exp1,bs2,data/colosseum-oran-commag-dataset/slice_mixed/rome_slow_close/tr0/exp1/bs2/bs2.csv,0.0
1602351789402,2,0.0,0.0,slice_mixed,rome_slow_close,tr0,exp1,bs2,data/colosseum-oran-commag-dataset/slice_mixed/rome_slow_close/tr0/exp1/bs2/bs2.csv,0.0
1602351789652,2,0.0,0.0,slice_mixed,rome_slow_close,tr0,exp1,bs2,data/colosseum-oran-commag-dataset/slice_mixed/rome_slow_close/tr0/exp1/bs2/bs2.csv,0.0
1602351789902,2,0.0,0.0,slice_mixed,rome_slow_close,tr0,exp1,bs2,data/colosseum-oran-commag-dataset/slice_mixed/rome_slow_close/tr0/exp1/bs2/bs2.csv,0.0
1602351790152,2,0.0,0.0,slice_mixed,rome_slow_close,tr0,exp1,bs2,data/colosseum-oran-commag-dataset/slice_mixed/rome_slow_close/tr0/exp1/bs2/bs2.csv,0.0
1602351790402,2,0.0,0.0,slice_mixed,rome_slow_close,tr0,exp1,bs2,data/colosseum-oran-commag-dataset/slice_mixed/rome_slow_close/tr0/exp1/bs2/bs2.csv,0.0
1602351790652,2,0.0,0.0,slice_mixed,rome_slow_close,tr0,exp1,bs2,data/colosseum-oran-commag-dataset/slice_mixed/rome_slow_close/tr0/exp1/bs2/bs2.csv,0.0
1602351790902,2,0.0,0.0,slice_mixed,rome_slow_close,tr0,exp1,bs2,data/colosseum-oran-commag-dataset/slice_mixed/rome_slow_close/tr0/exp1/bs2/bs2.csv,0.0
1602351791152,2,0.0,0.0,slice_mixed,rome_slow_close,tr0,exp1,bs2,data/colosseum-oran-commag-dataset/slice_mixed/rome_slow_close/tr0/exp1/bs2/bs2.csv,0.0
1602351791402,2,0.0,0.0,slice_mixed,rome_slow_close,tr0,exp1,bs2,data/colosseum-oran-commag-dataset/slice_mixed/rome_slow_close/tr0/exp1/bs2/bs2.csv,0.0
1602351791652,2,0.0,0.0,slice_mixed,rome_slow_close,tr0,exp1,bs2,data/colosseum-oran-commag-dataset/slice_mixed/rome_slow_close/tr0/exp1/bs2/bs2.csv,0.0
1602351791902,2,0.0,0.0,slice_mixed,rome_slow_close,tr0,exp1,bs2,data/colosseum-oran-commag-dataset/slice_mixed/rome_slow_close/tr0/exp1/bs2/bs2.csv,0.0
1602351792152,2,0.0,0.0,slice_mixed,rome_slow_close,tr0,exp1,bs2,data/colosseum-oran-commag-dataset/slice_mixed/rome_slow_close/tr0/exp1/bs2/bs2.csv,0.0
1602351792402,2,0.0,0.0,slice_mixed,rome_slow_close,tr0,exp1,bs2,data/colosseum-oran-commag-dataset/slice_mixed/rome_slow_close/tr0/exp1/bs2/bs2.csv,0.0
1602351792652,2,0.0,0.0,slice_mixed,rome_slow_close,tr0,exp1,bs2,data/colosseum-oran-commag-dataset/slice_mixed/rome_slow_close/tr0/exp1/bs2/bs2.csv,0.0
1602351792902,2,0.0,0.0,slice_mixed,rome_slow_close,tr0,exp1,bs2,data/colosseum-oran-commag-dataset/slice_mixed/rome_slow_close/tr0/exp1/bs2/bs2.csv,0.0
1602351793152,2,0.0,0.0,slice_mixed,rome_slow_close,tr0,exp1,bs2,data/colosseum-oran-commag-dataset/slice_mixed/rome_slow_close/tr0/exp1/bs2/bs2.csv,0.0
1602351793402,2,0.0,0.0,slice_mixed,rome_slow_close,tr0,exp1,bs2,data/colosseum-oran-commag-dataset/slice_mixed/rome_slow_close/tr0/exp1/bs2/bs2.csv,0.0
1602351793652,2,0.0,0.0,slice_mixed,rome_slow_close,tr0,exp1,bs2,data/colosseum-oran-commag-dataset/slice_mixed/rome_slow_close/tr0/exp1/bs2/bs2.csv,0.0
1602351793902,2,0.0,0.0,slice_mixed,rome_slow_close,tr0,exp1,bs2,data/colosseum-oran-commag-dataset/slice_mixed/rome_slow_close/tr0/exp1/bs2/bs2.csv,0.0
1602351794152,2,0.0,0.0,slice_mixed,rome_slow_close,tr0,exp1,bs2,data/colosseum-oran-commag-dataset/slice_mixed/rome_slow_close/tr0/exp1/bs2/bs2.csv,0.0
1602351794402,2,0.0,0.0,slice_mixed,rome_slow_close,tr0,exp1,bs2,data/colosseum-oran-commag-dataset/slice_mixed/rome_slow_close/tr0/exp1/bs2/bs2.csv,0.0
1602351794652,2,0.0,0.0,slice_mixed,rome_slow_close,tr0,exp1,bs2,data/colosseum-oran-commag-dataset/slice_mixed/rome_slow_close/tr0/exp1/bs2/bs2.csv,0.0
1602351794902,2,0.0,0.0,slice_mixed,rome_slow_close,tr0,exp1,bs2,data/colosseum-oran-commag-dataset/slice_mixed/rome_slow_close/tr0/exp1/bs2/bs2.csv,0.0
1602351795152,2,0.0,0.0,slice_mixed,rome_slow_close,tr0,exp1,bs2,data/colosseum-oran-commag-dataset/slice_mixed/rome_slow_close/tr0/exp1/bs2/bs2.csv,0.0
1602351795402,2,0.0,0.0,slice_mixed,rome_slow_close,tr0,exp1,bs2,data/colosseum-oran-commag-dataset/slice_mixed/rome_slow_close/tr0/exp1/bs2/bs2.csv,0.0
1602351795652,2,0.0,0.0,slice_mixed,rome_slow_close,tr0,exp1,bs2,data/colosseum-oran-commag-dataset/slice_mixed/rome_slow_close/tr0/exp1/bs2/bs2.csv,0.0
1602351795902,2,0.0,0.0,slice_mixed,rome_slow_close,tr0,exp1,bs2,data/colosseum-oran-commag-dataset/slice_mixed/rome_slow_close/tr0/exp1/bs2/bs2.csv,0.0
1602351796152,2,0.0,0.0,slice_mixed,rome_slow_close,tr0,exp1,bs2,data/colosseum-oran-commag-dataset/slice_mixed/rome_slow_close/tr0/exp1/bs2/bs2.csv,0.0
1602351796402,2,0.0,0.0,slice_mixed,rome_slow_close,tr0,exp1,bs2,data/colosseum-oran-commag-dataset/slice_mixed/rome_slow_close/tr0/exp1/bs2/bs2.csv,0.0
1602351796652,2,0.0,0.0,slice_mixed,rome_slow_close,tr0,exp1,bs2,data/colosseum-oran-commag-dataset/slice_mixed/rome_slow_close/tr0/exp1/bs2/bs2.csv,0.0
1602351796902,2,0.0,0.0,slice_mixed,rome_slow_close,tr0,exp1,bs2,data/colosseum-oran-commag-dataset/slice_mixed/rome_slow_close/tr0/exp1/bs2/bs2.csv,0.0
1602351797152,2,0.0,0.0,slice_mixed,rome_slow_close,tr0,exp1,bs2,data/colosseum-oran-commag-dataset/slice_mixed/rome_slow_close/tr0/exp1/bs2/bs2.csv,0.0
1602351797402,2,0.0,0.0,slice_mixed,rome_slow_close,tr0,exp1,bs2,data/colosseum-oran-commag-dataset/slice_mixed/rome_slow_close/tr0/exp1/bs2/bs2.csv,0.0
1602351797652,2,0.0,0.0,slice_mixed,rome_slow_close,tr0,exp1,bs2,data/colosseum-oran-commag-dataset/slice_mixed/rome_slow_close/tr0/exp1/bs2/bs2.csv,0.0
1602351797902,2,0.0,0.0,slice_mixed,rome_slow_close,tr0,exp1,bs2,data/colosseum-oran-commag-dataset/slice_mixed/rome_slow_close/tr0/exp1/bs2/bs2.csv,0.0
1602351798152,2,0.0,0.0,slice_mixed,rome_slow_close,tr0,exp1,bs2,data/colosseum-oran-commag-dataset/slice_mixed/rome_slow_close/tr0/exp1/bs2/bs2.csv,0.0
1602351798402,2,0.0,0.0,slice_mixed,rome_slow_close,tr0,exp1,bs2,data/colosseum-oran-commag-dataset/slice_mixed/rome_slow_close/tr0/exp1/bs2/bs2.csv,0.0
1602351798652,2,0.0,0.0,slice_mixed,rome_slow_close,tr0,exp1,bs2,data/colosseum-oran-commag-dataset/slice_mixed/rome_slow_close/tr0/exp1/bs2/bs2.csv,0.0
1602351798902,2,0.0,0.0,slice_mixed,rome_slow_close,tr0,exp1,bs2,data/colosseum-oran-commag-dataset/slice_mixed/rome_slow_close/tr0/exp1/bs2/bs2.csv,0.0
1602351799152,2,0.0,0.0,slice_mixed,rome_slow_close,tr0,exp1,bs2,data/colosseum-oran-commag-dataset/slice_mixed/rome_slow_close/tr0/exp1/bs2/bs2.csv,0.0
1602351799402,2,0.0,0.0,slice_mixed,rome_slow_close,tr0,exp1,bs2,data/colosseum-oran-commag-dataset/slice_mixed/rome_slow_close/tr0/exp1/bs2/bs2.csv,0.0
1602351799652,2,0.0,0.0,slice_mixed,rome_slow_close,tr0,exp1,bs2,data/colosseum-oran-commag-dataset/slice_mixed/rome_slow_close/tr0/exp1/bs2/bs2.csv,0.0
1602351799902,2,0.0,0.0,slice_mixed,rome_slow_close,tr0,exp1,bs2,data/colosseum-oran-commag-dataset/slice_mixed/rome_slow_close/tr0/exp1/bs2/bs2.csv,0.0
1602351800152,2,0.0,0.0,slice_mixed,rome_slow_close,tr0,exp1,bs2,data/colosseum-oran-commag-dataset/slice_mixed/rome_slow_close/tr0/exp1/bs2/bs2.csv,0.0
1602351800402,2,0.0,0.0,slice_mixed,rome_slow_close,tr0,exp1,bs2,data/colosseum-oran-commag-dataset/slice_mixed/rome_slow_close/tr0/exp1/bs2/bs2.csv,0.0
1602351800652,2,0.0,0.0,slice_mixed,rome_slow_close,tr0,exp1,bs2,data/colosseum-oran-commag-dataset/slice_mixed/rome_slow_close/tr0/exp1/bs2/bs2.csv,0.0
1602351800902,2,0.0,0.0,slice_mixed,rome_slow_close,tr0,exp1,bs2,data/colosseum-oran-commag-dataset/slice_mixed/rome_slow_close/tr0/exp1/bs2/bs2.csv,0.0
1602351801152,2,0.0,0.0,slice_mixed,rome_slow_close,tr0,exp1,bs2,data/colosseum-oran-commag-dataset/slice_mixed/rome_slow_close/tr0/exp1/bs2/bs2.csv,0.0
1602351801402,2,0.0,0.0,slice_mixed,rome_slow_close,tr0,exp1,bs2,data/colosseum-oran-commag-dataset/slice_mixed/rome_slow_close/tr0/exp1/bs2/bs2.csv,0.0
1602351801652,2,0.0,0.0,slice_mixed,rome_slow_close,tr0,exp1,bs2,data/colosseum-oran-commag-dataset/slice_mixed/rome_slow_close/tr0/exp1/bs2/bs2.csv,0.0
1602351801902,2,0.0,0.0,slice_mixed,rome_slow_close,tr0,exp1,bs2,data/colosseum-oran-commag-dataset/slice_mixed/rome_slow_close/tr0/exp1/bs2/bs2.csv,0.0
1602351802152,2,0.0,0.0,slice_mixed,rome_slow_close,tr0,exp1,bs2,data/colosseum-oran-commag-dataset/slice_mixed/rome_slow_close/tr0/exp1/bs2/bs2.csv,0.0
1602351802402,2,0.0,0.0,slice_mixed,rome_slow_close,tr0,exp1,bs2,data/colosseum-oran-commag-dataset/slice_mixed/rome_slow_close/tr0/exp1/bs2/bs2.csv,0.0
1602351802652,2,0.0,0.0,slice_mixed,rome_slow_close,tr0,exp1,bs2,data/colosseum-oran-commag-dataset/slice_mixed/rome_slow_close/tr0/exp1/bs2/bs2.csv,0.0
1602351802902,2,0.0,0.0,slice_mixed,rome_slow_close,tr0,exp1,bs2,data/colosseum-oran-commag-dataset/slice_mixed/rome_slow_close/tr0/exp1/bs2/bs2.csv,0.0
1602351803152,2,0.0,0.0,slice_mixed,rome_slow_close,tr0,exp1,bs2,data/colosseum-oran-commag-dataset/slice_mixed/rome_slow_close/tr0/exp1/bs2/bs2.csv,0.0
1602351803402,2,0.0,0.0,slice_mixed,rome_slow_close,tr0,exp1,bs2,data/colosseum-oran-commag-dataset/slice_mixed/rome_slow_close/tr0/exp1/bs2/bs2.csv,0.0
1602351803652,2,0.0,0.0,slice_mixed,rome_slow_close,tr0,exp1,bs2,data/colosseum-oran-commag-dataset/slice_mixed/rome_slow_close/tr0/exp1/bs2/bs2.csv,0.0
1602351803902,2,0.0,0.0,slice_mixed,rome_slow_close,tr0,exp1,bs2,data/colosseum-oran-commag-dataset/slice_mixed/rome_slow_close/tr0/exp1/bs2/bs2.csv,0.0
1602351804152,2,0.0,0.0,slice_mixed,rome_slow_close,tr0,exp1,bs2,data/colosseum-oran-commag-dataset/slice_mixed/rome_slow_close/tr0/exp1/bs2/bs2.csv,0.0
1602351804402,2,0.0,0.0,slice_mixed,rome_slow_close,tr0,exp1,bs2,data/colosseum-oran-commag-dataset/slice_mixed/rome_slow_close/tr0/exp1/bs2/bs2.csv,0.0
1602351804652,2,0.0,0.0,slice_mixed,rome_slow_close,tr0,exp1,bs2,data/colosseum-oran-commag-dataset/slice_mixed/rome_slow_close/tr0/exp1/bs2/bs2.csv,0.0
1602351804902,2,0.0,0.0,slice_mixed,rome_slow_close,tr0,exp1,bs2,data/colosseum-oran-commag-dataset/slice_mixed/rome_slow_close/tr0/exp1/bs2/bs2.csv,0.0
1602351805152,2,0.0,0.0,slice_mixed,rome_slow_close,tr0,exp1,bs2,data/colosseum-oran-commag-dataset/slice_mixed/rome_slow_close/tr0/exp1/bs2/bs2.csv,0.0
1602351805402,2,0.0,0.0,slice_mixed,rome_slow_close,tr0,exp1,bs2,data/colosseum-oran-commag-dataset/slice_mixed/rome_slow_close/tr0/exp1/bs2/bs2.csv,0.0
1602351805652,2,0.0,0.0,slice_mixed,rome_slow_close,tr0,exp1,bs2,data/colosseum-oran-commag-dataset/slice_mixed/rome_slow_close/tr0/exp1/bs2/bs2.csv,0.0
1602351805902,2,0.0,0.0,slice_mixed,rome_slow_close,tr0,exp1,bs2,data/colosseum-oran-commag-dataset/slice_mixed/rome_slow_close/tr0/exp1/bs2/bs2.csv,0.0
1602351806152,2,0.0,0.0,slice_mixed,rome_slow_close,tr0,exp1,bs2,data/colosseum-oran-commag-dataset/slice_mixed/rome_slow_close/tr0/exp1/bs2/bs2.csv,0.0
1602351806402,1,0.0,0.0,slice_mixed,rome_slow_close,tr0,exp1,bs2,data/colosseum-oran-commag-dataset/slice_mixed/rome_slow_close/tr0/exp1/bs2/bs2.csv,0.0
1602351806652,1,0.0,0.0,slice_mixed,rome_slow_close,tr0,exp1,bs2,data/colosseum-oran-commag-dataset/slice_mixed/rome_slow_close/tr0/exp1/bs2/bs2.csv,0.0
1602351806902,1,0.0,0.0,slice_mixed,rome_slow_close,tr0,exp1,bs2,data/colosseum-oran-commag-dataset/slice_mixed/rome_slow_close/tr0/exp1/bs2/bs2.csv,0.0
1602351807152,1,0.0,0.0,slice_mixed,rome_slow_close,tr0,exp1,bs2,data/colosseum-oran-commag-dataset/slice_mixed/rome_slow_close/tr0/exp1/bs2/bs2.csv,0.0
1602351807402,1,0.0,0.0,slice_mixed,rome_slow_close,tr0,exp1,bs2,data/colosseum-oran-commag-dataset/slice_mixed/rome_slow_close/tr0/exp1/bs2/bs2.csv,0.0
1602351807652,1,0.0,0.0,slice_mixed,rome_slow_close,tr0,exp1,bs2,data/colosseum-oran-commag-dataset/slice_mixed/rome_slow_close/tr0/exp1/bs2/bs2.csv,0.0
1602351807902,1,0.0,0.0,slice_mixed,rome_slow_close,tr0,exp1,bs2,data/colosseum-oran-commag-dataset/slice_mixed/rome_slow_close/tr0/exp1/bs2/bs2.csv,0.0
1602351808152,1,0.0,0.0,slice_mixed,rome_slow_close,tr0,exp1,bs2,data/colosseum-oran-commag-dataset/slice_mixed/rome_slow_close/tr0/exp1/bs2/bs2.csv,0.0
1602351808402,1,0.0,0.0,slice_mixed,rome_slow_close,tr0,exp1,bs2,data/colosseum-oran-commag-dataset/slice_mixed/rome_slow_close/tr0/exp1/bs2/bs2.csv,0.0
1602351808652,1,0.0,0.0,slice_mixed,rome_slow_close,tr0,exp1,bs2,data/colosseum-oran-commag-dataset/slice_mixed/rome_slow_close/tr0/exp1/bs2/bs2.csv,0.0
1602351808902,1,0.0,0.0,slice_mixed,rome_slow_close,tr0,exp1,bs2,data/colosseum-oran-commag-dataset/slice_mixed/rome_slow_close/tr0/exp1/bs2/bs2.csv,0.0
1602351809152,1,0.0,0.0,slice_mixed,rome_slow_close,tr0,exp1,bs2,data/colosseum-oran-commag-dataset/slice_mixed/rome_slow_close/tr0/exp1/bs2/bs2.csv,0.0
1602351809402,1,0.0,0.0,slice_mixed,rome_slow_close,tr0,exp1,bs2,data/colosseum-oran-commag-dataset/slice_mixed/rome_slow_close/tr0/exp1/bs2/bs2.csv,0.0
1602351809652,1,0.0,0.0,slice_mixed,rome_slow_close,tr0,exp1,bs2,data/colosseum-oran-commag-dataset/slice_mixed/rome_slow_close/tr0/exp1/bs2/bs2.csv,0.0
1602351809902,1,0.0,0.0,slice_mixed,rome_slow_close,tr0,exp1,bs2,data/colosseum-oran-commag-dataset/slice_mixed/rome_slow_close/tr0/exp1/bs2/bs2.csv,0.0
1602351810152,1,0.0,0.0,slice_mixed,rome_slow_close,tr0,exp1,bs2,data/colosseum-oran-commag-dataset/slice_mixed/rome_slow_close/tr0/exp1/bs2/bs2.csv,0.0
1602351810402,1,0.0,0.0,slice_mixed,rome_slow_close,tr0,exp1,bs2,data/colosseum-oran-commag-dataset/slice_mixed/rome_slow_close/tr0/exp1/bs2/bs2.csv,0.0
1602351810652,1,0.0,0.0,slice_mixed,rome_slow_close,tr0,exp1,bs2,data/colosseum-oran-commag-dataset/slice_mixed/rome_slow_close/tr0/exp1/bs2/bs2.csv,0.0
1602351810902,1,0.0,0.0,slice_mixed,rome_slow_close,tr0,exp1,bs2,data/colosseum-oran-commag-dataset/slice_mixed/rome_slow_close/tr0/exp1/bs2/bs2.csv,0.0
1602351811152,1,0.0,0.0,slice_mixed,rome_slow_close,tr0,exp1,bs2,data/colosseum-oran-commag-dataset/slice_mixed/rome_slow_close/tr0/exp1/bs2/bs2.csv,0.0
1602351811402,1,0.0,0.0,slice_mixed,rome_slow_close,tr0,exp1,bs2,data/colosseum-oran-commag-dataset/slice_mixed/rome_slow_close/tr0/exp1/bs2/bs2.csv,0.0
1602351811652,1,0.0,0.0,slice_mixed,rome_slow_close,tr0,exp1,bs2,data/colosseum-oran-commag-dataset/slice_mixed/rome_slow_close/tr0/exp1/bs2/bs2.csv,0.0
1602351811902,1,0.0,0.0,slice_mixed,rome_slow_close,tr0,exp1,bs2,data/colosseum-oran-commag-dataset/slice_mixed/rome_slow_close/tr0/exp1/bs2/bs2.csv,0.0
1602351812152,2,0.0,0.0,slice_mixed,rome_slow_close,tr0,exp1,bs2,data/colosseum-oran-commag-dataset/slice_mixed/rome_slow_close/tr0/exp1/bs2/bs2.csv,0.0
1602351812402,1,0.0,0.0,slice_mixed,rome_slow_close,tr0,exp1,bs2,data/colosseum-oran-commag-dataset/slice_mixed/rome_slow_close/tr0/exp1/bs2/bs2.csv,0.0
1602351812652,1,0.0,0.0,slice_mixed,rome_slow_close,tr0,exp1,bs2,data/colosseum-oran-commag-dataset/slice_mixed/rome_slow_close/tr0/exp1/bs2/bs2.csv,0.0
1602351812902,1,0.0,0.0,slice_mixed,rome_slow_close,tr0,exp1,bs2,data/colosseum-oran-commag-dataset/slice_mixed/rome_slow_close/tr0/exp1/bs2/bs2.csv,0.0
1602351813152,1,0.0,0.0,slice_mixed,rome_slow_close,tr0,exp1,bs2,data/colosseum-oran-commag-dataset/slice_mixed/rome_slow_close/tr0/exp1/bs2/bs2.csv,0.0
1602351813402,1,0.0,0.0,slice_mixed,rome_slow_close,tr0,exp1,bs2,data/colosseum-oran-commag-dataset/slice_mixed/rome_slow_close/tr0/exp1/bs2/bs2.csv,0.0
1602351813652,1,0.0,0.0,slice_mixed,rome_slow_close,tr0,exp1,bs2,data/colosseum-oran-commag-dataset/slice_mixed/rome_slow_close/tr0/exp1/bs2/bs2.csv,0.0
1602351813902,1,0.0,0.0,slice_mixed,rome_slow_close,tr0,exp1,bs2,data/colosseum-oran-commag-dataset/slice_mixed/rome_slow_close/tr0/exp1/bs2/bs2.csv,0.0
1602351814152,2,0.0,1647.058838,slice_mixed,rome_slow_close,tr0,exp1,bs2,data/colosseum-oran-commag-dataset/slice_mixed/rome_slow_close/tr0/exp1/bs2/bs2.csv,1647.058838
1602351814407,5,0.0,4098.350586,slice_mixed,rome_slow_close,tr0,exp1,bs2,data/colosseum-oran-commag-dataset/slice_mixed/rome_slow_close/tr0/exp1/bs2/bs2.csv,4098.350586
1602351814653,5,1040.650391,0.0,slice_mixed,rome_slow_close,tr0,exp1,bs2,data/colosseum-oran-commag-dataset/slice_mixed/rome_slow_close/tr0/exp1/bs2/bs2.csv,1040.650391
1602351814902,5,5664.0,12896.0,slice_mixed,rome_slow_close,tr0,exp1,bs2,data/colosseum-oran-commag-dataset/slice_mixed/rome_slow_close/tr0/exp1/bs2/bs2.csv,18560.0
1602351815152,4,10176.0,14016.0,slice_mixed,rome_slow_close,tr0,exp1,bs2,data/colosseum-oran-commag-dataset/slice_mixed/rome_slow_close/tr0/exp1/bs2/bs2.csv,24192.0
1602351815402,2,7456.0,8352.0,slice_mixed,rome_slow_close,tr0,exp1,bs2,data/colosseum-oran-commag-dataset/slice_mixed/rome_slow_close/tr0/exp1/bs2/bs2.csv,15808.0
1602351815652,2,0.0,0.0,slice_mixed,rome_slow_close,tr0,exp1,bs2,data/colosseum-oran-commag-dataset/slice_mixed/rome_slow_close/tr0/exp1/bs2/bs2.csv,0.0
1602351815902,2,0.0,0.0,slice_mixed,rome_slow_close,tr0,exp1,bs2,data/colosseum-oran-commag-dataset/slice_mixed/rome_slow_close/tr0/exp1/bs2/bs2.csv,0.0
1602351816152,2,0.0,0.0,slice_mixed,rome_slow_close,tr0,exp1,bs2,data/colosseum-oran-commag-dataset/slice_mixed/rome_slow_close/tr0/exp1/bs2/bs2.csv,0.0
1602351816402,2,0.0,0.0,slice_mixed,rome_slow_close,tr0,exp1,bs2,data/colosseum-oran-commag-dataset/slice_mixed/rome_slow_close/tr0/exp1/bs2/bs2.csv,0.0
1602351816652,2,0.0,0.0,slice_mixed,rome_slow_close,tr0,exp1,bs2,data/colosseum-oran-commag-dataset/slice_mixed/rome_slow_close/tr0/exp1/bs2/bs2.csv,0.0
1602351816902,2,0.0,0.0,slice_mixed,rome_slow_close,tr0,exp1,bs2,data/colosseum-oran-commag-dataset/slice_mixed/rome_slow_close/tr0/exp1/bs2/bs2.csv,0.0
1602351817152,2,0.0,0.0,slice_mixed,rome_slow_close,tr0,exp1,bs2,data/colosseum-oran-commag-dataset/slice_mixed/rome_slow_close/tr0/exp1/bs2/bs2.csv,0.0
1602351817402,2,0.0,0.0,slice_mixed,rome_slow_close,tr0,exp1,bs2,data/colosseum-oran-commag-dataset/slice_mixed/rome_slow_close/tr0/exp1/bs2/bs2.csv,0.0
1602351817652,2,0.0,0.0,slice_mixed,rome_slow_close,tr0,exp1,bs2,data/colosseum-oran-commag-dataset/slice_mixed/rome_slow_close/tr0/exp1/bs2/bs2.csv,0.0
1602351817902,2,0.0,0.0,slice_mixed,rome_slow_close,tr0,exp1,bs2,data/colosseum-oran-commag-dataset/slice_mixed/rome_slow_close/tr0/exp1/bs2/bs2.csv,0.0
1602351818152,2,0.0,0.0,slice_mixed,rome_slow_close,tr0,exp1,bs2,data/colosseum-oran-commag-dataset/slice_mixed/rome_slow_close/tr0/exp1/bs2/bs2.csv,0.0
1602351818402,2,0.0,0.0,slice_mixed,rome_slow_close,tr0,exp1,bs2,data/colosseum-oran-commag-dataset/slice_mixed/rome_slow_close/tr0/exp1/bs2/bs2.csv,0.0
1602351818652,2,0.0,0.0,slice_mixed,rome_slow_close,tr0,exp1,bs2,data/colosseum-oran-commag-dataset/slice_mixed/rome_slow_close/tr0/exp1/bs2/bs2.csv,0.0
1602351818902,2,0.0,0.0,slice_mixed,rome_slow_close,tr0,exp1,bs2,data/colosseum-oran-commag-dataset/slice_mixed/rome_slow_close/tr0/exp1/bs2/bs2.csv,0.0
1602351819152,2,0.0,0.0,slice_mixed,rome_slow_close,tr0,exp1,bs2,data/colosseum-oran-commag-dataset/slice_mixed/rome_slow_close/tr0/exp1/bs2/bs2.csv,0.0
1602351819402,2,0.0,0.0,slice_mixed,rome_slow_close,tr0,exp1,bs2,data/colosseum-oran-commag-dataset/slice_mixed/rome_slow_close/tr0/exp1/bs2/bs2.csv,0.0
1602351819652,2,0.0,0.0,slice_mixed,rome_slow_close,tr0,exp1,bs2,data/colosseum-oran-commag-dataset/slice_mixed/rome_slow_close/tr0/exp1/bs2/bs2.csv,0.0
1602351819902,2,0.0,0.0,slice_mixed,rome_slow_close,tr0,exp1,bs2,data/colosseum-oran-commag-dataset/slice_mixed/rome_slow_close/tr0/exp1/bs2/bs2.csv,0.0
1602351820152,2,0.0,0.0,slice_mixed,rome_slow_close,tr0,exp1,bs2,data/colosseum-oran-commag-dataset/slice_mixed/rome_slow_close/tr0/exp1/bs2/bs2.csv,0.0
1602351820402,2,0.0,0.0,slice_mixed,rome_slow_close,tr0,exp1,bs2,data/colosseum-oran-commag-dataset/slice_mixed/rome_slow_close/tr0/exp1/bs2/bs2.csv,0.0
1602351820652,2,0.0,0.0,slice_mixed,rome_slow_close,tr0,exp1,bs2,data/colosseum-oran-commag-dataset/slice_mixed/rome_slow_close/tr0/exp1/bs2/bs2.csv,0.0
1602351820902,2,0.0,0.0,slice_mixed,rome_slow_close,tr0,exp1,bs2,data/colosseum-oran-commag-dataset/slice_mixed/rome_slow_close/tr0/exp1/bs2/bs2.csv,0.0
1602351821152,2,0.0,0.0,slice_mixed,rome_slow_close,tr0,exp1,bs2,data/colosseum-oran-commag-dataset/slice_mixed/rome_slow_close/tr0/exp1/bs2/bs2.csv,0.0
1602351821402,2,0.0,0.0,slice_mixed,rome_slow_close,tr0,exp1,bs2,data/colosseum-oran-commag-dataset/slice_mixed/rome_slow_close/tr0/exp1/bs2/bs2.csv,0.0
1602351821652,2,0.0,0.0,slice_mixed,rome_slow_close,tr0,exp1,bs2,data/colosseum-oran-commag-dataset/slice_mixed/rome_slow_close/tr0/exp1/bs2/bs2.csv,0.0
1602351821902,2,0.0,0.0,slice_mixed,rome_slow_close,tr0,exp1,bs2,data/colosseum-oran-commag-dataset/slice_mixed/rome_slow_close/tr0/exp1/bs2/bs2.csv,0.0
1602351822152,2,0.0,0.0,slice_mixed,rome_slow_close,tr0,exp1,bs2,data/colosseum-oran-commag-dataset/slice_mixed/rome_slow_close/tr0/exp1/bs2/bs2.csv,0.0
1602351822402,2,0.0,0.0,slice_mixed,rome_slow_close,tr0,exp1,bs2,data/colosseum-oran-commag-dataset/slice_mixed/rome_slow_close/tr0/exp1/bs2/bs2.csv,0.0
1602351822652,2,0.0,0.0,slice_mixed,rome_slow_close,tr0,exp1,bs2,data/colosseum-oran-commag-dataset/slice_mixed/rome_slow_close/tr0/exp1/bs2/bs2.csv,0.0
1602351822902,2,0.0,0.0,slice_mixed,rome_slow_close,tr0,exp1,bs2,data/colosseum-oran-commag-dataset/slice_mixed/rome_slow_close/tr0/exp1/bs2/bs2.csv,0.0
1602351823152,2,0.0,0.0,slice_mixed,rome_slow_close,tr0,exp1,bs2,data/colosseum-oran-commag-dataset/slice_mixed/rome_slow_close/tr0/exp1/bs2/bs2.csv,0.0
1602351823402,2,0.0,0.0,slice_mixed,rome_slow_close,tr0,exp1,bs2,data/colosseum-oran-commag-dataset/slice_mixed/rome_slow_close/tr0/exp1/bs2/bs2.csv,0.0
1602351823652,2,0.0,0.0,slice_mixed,rome_slow_close,tr0,exp1,bs2,data/colosseum-oran-commag-dataset/slice_mixed/rome_slow_close/tr0/exp1/bs2/bs2.csv,0.0
1602351823902,2,0.0,0.0,slice_mixed,rome_slow_close,tr0,exp1,bs2,data/colosseum-oran-commag-dataset/slice_mixed/rome_slow_close/tr0/exp1/bs2/bs2.csv,0.0
1602351824152,2,0.0,0.0,slice_mixed,rome_slow_close,tr0,exp1,bs2,data/colosseum-oran-commag-dataset/slice_mixed/rome_slow_close/tr0/exp1/bs2/bs2.csv,0.0
1602351824402,2,0.0,0.0,slice_mixed,rome_slow_close,tr0,exp1,bs2,data/colosseum-oran-commag-dataset/slice_mixed/rome_slow_close/tr0/exp1/bs2/bs2.csv,0.0
1602351824652,2,0.0,0.0,slice_mixed,rome_slow_close,tr0,exp1,bs2,data/colosseum-oran-commag-dataset/slice_mixed/rome_slow_close/tr0/exp1/bs2/bs2.csv,0.0
1602351824902,2,0.0,0.0,slice_mixed,rome_slow_close,tr0,exp1,bs2,data/colosseum-oran-commag-dataset/slice_mixed/rome_slow_close/tr0/exp1/bs2/bs2.csv,0.0
1602351825152,2,0.0,0.0,slice_mixed,rome_slow_close,tr0,exp1,bs2,data/colosseum-oran-commag-dataset/slice_mixed/rome_slow_close/tr0/exp1/bs2/bs2.csv,0.0
1602351825402,2,0.0,0.0,slice_mixed,rome_slow_close,tr0,exp1,bs2,data/colosseum-oran-commag-dataset/slice_mixed/rome_slow_close/tr0/exp1/bs2/bs2.csv,0.0
1602351825652,2,0.0,0.0,slice_mixed,rome_slow_close,tr0,exp1,bs2,data/colosseum-oran-commag-dataset/slice_mixed/rome_slow_close/tr0/exp1/bs2/bs2.csv,0.0
1602351825902,2,0.0,0.0,slice_mixed,rome_slow_close,tr0,exp1,bs2,data/colosseum-oran-commag-dataset/slice_mixed/rome_slow_close/tr0/exp1/bs2/bs2.csv,0.0
1602351826152,2,0.0,0.0,slice_mixed,rome_slow_close,tr0,exp1,bs2,data/colosseum-oran-commag-dataset/slice_mixed/rome_slow_close/tr0/exp1/bs2/bs2.csv,0.0
1602351826402,2,0.0,0.0,slice_mixed,rome_slow_close,tr0,exp1,bs2,data/colosseum-oran-commag-dataset/slice_mixed/rome_slow_close/tr0/exp1/bs2/bs2.csv,0.0
1602351826652,2,0.0,0.0,slice_mixed,rome_slow_close,tr0,exp1,bs2,data/colosseum-oran-commag-dataset/slice_mixed/rome_slow_close/tr0/exp1/bs2/bs2.csv,0.0
1602351826902,2,0.0,0.0,slice_mixed,rome_slow_close,tr0,exp1,bs2,data/colosseum-oran-commag-dataset/slice_mixed/rome_slow_close/tr0/exp1/bs2/bs2.csv,0.0
1602351827152,2,0.0,0.0,slice_mixed,rome_slow_close,tr0,exp1,bs2,data/colosseum-oran-commag-dataset/slice_mixed/rome_slow_close/tr0/exp1/bs2/bs2.csv,0.0
1602351827402,2,0.0,0.0,slice_mixed,rome_slow_close,tr0,exp1,bs2,data/colosseum-oran-commag-dataset/slice_mixed/rome_slow_close/tr0/exp1/bs2/bs2.csv,0.0
1602351827652,2,0.0,0.0,slice_mixed,rome_slow_close,tr0,exp1,bs2,data/colosseum-oran-commag-dataset/slice_mixed/rome_slow_close/tr0/exp1/bs2/bs2.csv,0.0
1602351827902,2,0.0,0.0,slice_mixed,rome_slow_close,tr0,exp1,bs2,data/colosseum-oran-commag-dataset/slice_mixed/rome_slow_close/tr0/exp1/bs2/bs2.csv,0.0
1602351828152,2,0.0,0.0,slice_mixed,rome_slow_close,tr0,exp1,bs2,data/colosseum-oran-commag-dataset/slice_mixed/rome_slow_close/tr0/exp1/bs2/bs2.csv,0.0
1602351828402,2,0.0,0.0,slice_mixed,rome_slow_close,tr0,exp1,bs2,data/colosseum-oran-commag-dataset/slice_mixed/rome_slow_close/tr0/exp1/bs2/bs2.csv,0.0
1602351828652,2,0.0,0.0,slice_mixed,rome_slow_close,tr0,exp1,bs2,data/colosseum-oran-commag-dataset/slice_mixed/rome_slow_close/tr0/exp1/bs2/bs2.csv,0.0
1602351828902,2,0.0,0.0,slice_mixed,rome_slow_close,tr0,exp1,bs2,data/colosseum-oran-commag-dataset/slice_mixed/rome_slow_close/tr0/exp1/bs2/bs2.csv,0.0
1602351829152,2,0.0,0.0,slice_mixed,rome_slow_close,tr0,exp1,bs2,data/colosseum-oran-commag-dataset/slice_mixed/rome_slow_close/tr0/exp1/bs2/bs2.csv,0.0
1602351829402,2,0.0,0.0,slice_mixed,rome_slow_close,tr0,exp1,bs2,data/colosseum-oran-commag-dataset/slice_mixed/rome_slow_close/tr0/exp1/bs2/bs2.csv,0.0
1602351829652,2,0.0,0.0,slice_mixed,rome_slow_close,tr0,exp1,bs2,data/colosseum-oran-commag-dataset/slice_mixed/rome_slow_close/tr0/exp1/bs2/bs2.csv,0.0
1602351829902,2,0.0,0.0,slice_mixed,rome_slow_close,tr0,exp1,bs2,data/colosseum-oran-commag-dataset/slice_mixed/rome_slow_close/tr0/exp1/bs2/bs2.csv,0.0
1602351830152,2,0.0,0.0,slice_mixed,rome_slow_close,tr0,exp1,bs2,data/colosseum-oran-commag-dataset/slice_mixed/rome_slow_close/tr0/exp1/bs2/bs2.csv,0.0
1602351830402,2,0.0,0.0,slice_mixed,rome_slow_close,tr0,exp1,bs2,data/colosseum-oran-commag-dataset/slice_mixed/rome_slow_close/tr0/exp1/bs2/bs2.csv,0.0
1602351830652,2,0.0,0.0,slice_mixed,rome_slow_close,tr0,exp1,bs2,data/colosseum-oran-commag-dataset/slice_mixed/rome_slow_close/tr0/exp1/bs2/bs2.csv,0.0
1602351830902,2,0.0,0.0,slice_mixed,rome_slow_close,tr0,exp1,bs2,data/colosseum-oran-commag-dataset/slice_mixed/rome_slow_close/tr0/exp1/bs2/bs2.csv,0.0
1602351831152,2,0.0,0.0,slice_mixed,rome_slow_close,tr0,exp1,bs2,data/colosseum-oran-commag-dataset/slice_mixed/rome_slow_close/tr0/exp1/bs2/bs2.csv,0.0
1602351831402,2,0.0,0.0,slice_mixed,rome_slow_close,tr0,exp1,bs2,data/colosseum-oran-commag-dataset/slice_mixed/rome_slow_close/tr0/exp1/bs2/bs2.csv,0.0
1602351831652,2,0.0,0.0,slice_mixed,rome_slow_close,tr0,exp1,bs2,data/colosseum-oran-commag-dataset/slice_mixed/rome_slow_close/tr0/exp1/bs2/bs2.csv,0.0
1602351831902,2,0.0,0.0,slice_mixed,rome_slow_close,tr0,exp1,bs2,data/colosseum-oran-commag-dataset/slice_mixed/rome_slow_close/tr0/exp1/bs2/bs2.csv,0.0
1602351832152,2,0.0,0.0,slice_mixed,rome_slow_close,tr0,exp1,bs2,data/colosseum-oran-commag-dataset/slice_mixed/rome_slow_close/tr0/exp1/bs2/bs2.csv,0.0
1602351832402,2,0.0,0.0,slice_mixed,rome_slow_close,tr0,exp1,bs2,data/colosseum-oran-commag-dataset/slice_mixed/rome_slow_close/tr0/exp1/bs2/bs2.csv,0.0
1602351832652,2,0.0,0.0,slice_mixed,rome_slow_close,tr0,exp1,bs2,data/colosseum-oran-commag-dataset/slice_mixed/rome_slow_close/tr0/exp1/bs2/bs2.csv,0.0
1602351832902,2,0.0,0.0,slice_mixed,rome_slow_close,tr0,exp1,bs2,data/colosseum-oran-commag-dataset/slice_mixed/rome_slow_close/tr0/exp1/bs2/bs2.csv,0.0
1602351833152,2,0.0,0.0,slice_mixed,rome_slow_close,tr0,exp1,bs2,data/colosseum-oran-commag-dataset/slice_mixed/rome_slow_close/tr0/exp1/bs2/bs2.csv,0.0
1602351833402,2,0.0,0.0,slice_mixed,rome_slow_close,tr0,exp1,bs2,data/colosseum-oran-commag-dataset/slice_mixed/rome_slow_close/tr0/exp1/bs2/bs2.csv,0.0
1602351833652,2,0.0,0.0,slice_mixed,rome_slow_close,tr0,exp1,bs2,data/colosseum-oran-commag-dataset/slice_mixed/rome_slow_close/tr0/exp1/bs2/bs2.csv,0.0
1602351833902,2,0.0,0.0,slice_mixed,rome_slow_close,tr0,exp1,bs2,data/colosseum-oran-commag-dataset/slice_mixed/rome_slow_close/tr0/exp1/bs2/bs2.csv,0.0
1602351834152,2,0.0,0.0,slice_mixed,rome_slow_close,tr0,exp1,bs2,data/colosseum-oran-commag-dataset/slice_mixed/rome_slow_close/tr0/exp1/bs2/bs2.csv,0.0
1602351834402,2,0.0,0.0,slice_mixed,rome_slow_close,tr0,exp1,bs2,data/colosseum-oran-commag-dataset/slice_mixed/rome_slow_close/tr0/exp1/bs2/bs2.csv,0.0
1602351834652,2,0.0,0.0,slice_mixed,rome_slow_close,tr0,exp1,bs2,data/colosseum-oran-commag-dataset/slice_mixed/rome_slow_close/tr0/exp1/bs2/bs2.csv,0.0
1602351834902,2,0.0,0.0,slice_mixed,rome_slow_close,tr0,exp1,bs2,data/colosseum-oran-commag-dataset/slice_mixed/rome_slow_close/tr0/exp1/bs2/bs2.csv,0.0
1602351835152,2,0.0,0.0,slice_mixed,rome_slow_close,tr0,exp1,bs2,data/colosseum-oran-commag-dataset/slice_mixed/rome_slow_close/tr0/exp1/bs2/bs2.csv,0.0
1602351835402,2,0.0,0.0,slice_mixed,rome_slow_close,tr0,exp1,bs2,data/colosseum-oran-commag-dataset/slice_mixed/rome_slow_close/tr0/exp1/bs2/bs2.csv,0.0
1602351835652,2,0.0,0.0,slice_mixed,rome_slow_close,tr0,exp1,bs2,data/colosseum-oran-commag-dataset/slice_mixed/rome_slow_close/tr0/exp1/bs2/bs2.csv,0.0
1602351835902,2,0.0,0.0,slice_mixed,rome_slow_close,tr0,exp1,bs2,data/colosseum-oran-commag-dataset/slice_mixed/rome_slow_close/tr0/exp1/bs2/bs2.csv,0.0
1602351836152,2,0.0,0.0,slice_mixed,rome_slow_close,tr0,exp1,bs2,data/colosseum-oran-commag-dataset/slice_mixed/rome_slow_close/tr0/exp1/bs2/bs2.csv,0.0
1602351836402,2,0.0,0.0,slice_mixed,rome_slow_close,tr0,exp1,bs2,data/colosseum-oran-commag-dataset/slice_mixed/rome_slow_close/tr0/exp1/bs2/bs2.csv,0.0
1602351836652,2,0.0,0.0,slice_mixed,rome_slow_close,tr0,exp1,bs2,data/colosseum-oran-commag-dataset/slice_mixed/rome_slow_close/tr0/exp1/bs2/bs2.csv,0.0
1602351836902,2,0.0,0.0,slice_mixed,rome_slow_close,tr0,exp1,bs2,data/colosseum-oran-commag-dataset/slice_mixed/rome_slow_close/tr0/exp1/bs2/bs2.csv,0.0
1602351837152,2,0.0,0.0,slice_mixed,rome_slow_close,tr0,exp1,bs2,data/colosseum-oran-commag-dataset/slice_mixed/rome_slow_close/tr0/exp1/bs2/bs2.csv,0.0
1602351837402,2,0.0,0.0,slice_mixed,rome_slow_close,tr0,exp1,bs2,data/colosseum-oran-commag-dataset/slice_mixed/rome_slow_close/tr0/exp1/bs2/bs2.csv,0.0
1602351837652,2,0.0,0.0,slice_mixed,rome_slow_close,tr0,exp1,bs2,data/colosseum-oran-commag-dataset/slice_mixed/rome_slow_close/tr0/exp1/bs2/bs2.csv,0.0
1602351837902,2,0.0,0.0,slice_mixed,rome_slow_close,tr0,exp1,bs2,data/colosseum-oran-commag-dataset/slice_mixed/rome_slow_close/tr0/exp1/bs2/bs2.csv,0.0
1602351838152,2,0.0,0.0,slice_mixed,rome_slow_close,tr0,exp1,bs2,data/colosseum-oran-commag-dataset/slice_mixed/rome_slow_close/tr0/exp1/bs2/bs2.csv,0.0
1602351838402,2,0.0,0.0,slice_mixed,rome_slow_close,tr0,exp1,bs2,data/colosseum-oran-commag-dataset/slice_mixed/rome_slow_close/tr0/exp1/bs2/bs2.csv,0.0
1602351838652,2,0.0,0.0,slice_mixed,rome_slow_close,tr0,exp1,bs2,data/colosseum-oran-commag-dataset/slice_mixed/rome_slow_close/tr0/exp1/bs2/bs2.csv,0.0
1602351838902,2,0.0,0.0,slice_mixed,rome_slow_close,tr0,exp1,bs2,data/colosseum-oran-commag-dataset/slice_mixed/rome_slow_close/tr0/exp1/bs2/bs2.csv,0.0
1602351839152,2,0.0,0.0,slice_mixed,rome_slow_close,tr0,exp1,bs2,data/colosseum-oran-commag-dataset/slice_mixed/rome_slow_close/tr0/exp1/bs2/bs2.csv,0.0
1602351839402,2,0.0,0.0,slice_mixed,rome_slow_close,tr0,exp1,bs2,data/colosseum-oran-commag-dataset/slice_mixed/rome_slow_close/tr0/exp1/bs2/bs2.csv,0.0
1602351839652,2,0.0,0.0,slice_mixed,rome_slow_close,tr0,exp1,bs2,data/colosseum-oran-commag-dataset/slice_mixed/rome_slow_close/tr0/exp1/bs2/bs2.csv,0.0
1602351839902,2,0.0,0.0,slice_mixed,rome_slow_close,tr0,exp1,bs2,data/colosseum-oran-commag-dataset/slice_mixed/rome_slow_close/tr0/exp1/bs2/bs2.csv,0.0
1602351840152,2,0.0,0.0,slice_mixed,rome_slow_close,tr0,exp1,bs2,data/colosseum-oran-commag-dataset/slice_mixed/rome_slow_close/tr0/exp1/bs2/bs2.csv,0.0
1602351840402,2,0.0,0.0,slice_mixed,rome_slow_close,tr0,exp1,bs2,data/colosseum-oran-commag-dataset/slice_mixed/rome_slow_close/tr0/exp1/bs2/bs2.csv,0.0
1602351840652,2,0.0,0.0,slice_mixed,rome_slow_close,tr0,exp1,bs2,data/colosseum-oran-commag-dataset/slice_mixed/rome_slow_close/tr0/exp1/bs2/bs2.csv,0.0
1602351840902,2,0.0,0.0,slice_mixed,rome_slow_close,tr0,exp1,bs2,data/colosseum-oran-commag-dataset/slice_mixed/rome_slow_close/tr0/exp1/bs2/bs2.csv,0.0
1602351841152,2,0.0,0.0,slice_mixed,rome_slow_close,tr0,exp1,bs2,data/colosseum-oran-commag-dataset/slice_mixed/rome_slow_close/tr0/exp1/bs2/bs2.csv,0.0
1602351841402,2,0.0,0.0,slice_mixed,rome_slow_close,tr0,exp1,bs2,data/colosseum-oran-commag-dataset/slice_mixed/rome_slow_close/tr0/exp1/bs2/bs2.csv,0.0
1602351841652,2,0.0,0.0,slice_mixed,rome_slow_close,tr0,exp1,bs2,data/colosseum-oran-commag-dataset/slice_mixed/rome_slow_close/tr0/exp1/bs2/bs2.csv,0.0
1602351841902,2,0.0,0.0,slice_mixed,rome_slow_close,tr0,exp1,bs2,data/colosseum-oran-commag-dataset/slice_mixed/rome_slow_close/tr0/exp1/bs2/bs2.csv,0.0
1602351842152,2,0.0,0.0,slice_mixed,rome_slow_close,tr0,exp1,bs2,data/colosseum-oran-commag-dataset/slice_mixed/rome_slow_close/tr0/exp1/bs2/bs2.csv,0.0
1602351842402,2,0.0,0.0,slice_mixed,rome_slow_close,tr0,exp1,bs2,data/colosseum-oran-commag-dataset/slice_mixed/rome_slow_close/tr0/exp1/bs2/bs2.csv,0.0
1602351842652,2,0.0,0.0,slice_mixed,rome_slow_close,tr0,exp1,bs2,data/colosseum-oran-commag-dataset/slice_mixed/rome_slow_close/tr0/exp1/bs2/bs2.csv,0.0
1602351842902,2,0.0,0.0,slice_mixed,rome_slow_close,tr0,exp1,bs2,data/colosseum-oran-commag-dataset/slice_mixed/rome_slow_close/tr0/exp1/bs2/bs2.csv,0.0
1602351843152,2,0.0,0.0,slice_mixed,rome_slow_close,tr0,exp1,bs2,data/colosseum-oran-commag-dataset/slice_mixed/rome_slow_close/tr0/exp1/bs2/bs2.csv,0.0
1602351843402,2,0.0,0.0,slice_mixed,rome_slow_close,tr0,exp1,bs2,data/colosseum-oran-commag-dataset/slice_mixed/rome_slow_close/tr0/exp1/bs2/bs2.csv,0.0
1602351843652,2,0.0,0.0,slice_mixed,rome_slow_close,tr0,exp1,bs2,data/colosseum-oran-commag-dataset/slice_mixed/rome_slow_close/tr0/exp1/bs2/bs2.csv,0.0
1602351843902,2,0.0,0.0,slice_mixed,rome_slow_close,tr0,exp1,bs2,data/colosseum-oran-commag-dataset/slice_mixed/rome_slow_close/tr0/exp1/bs2/bs2.csv,0.0
1602351844152,2,0.0,0.0,slice_mixed,rome_slow_close,tr0,exp1,bs2,data/colosseum-oran-commag-dataset/slice_mixed/rome_slow_close/tr0/exp1/bs2/bs2.csv,0.0
1602351844402,2,0.0,0.0,slice_mixed,rome_slow_close,tr0,exp1,bs2,data/colosseum-oran-commag-dataset/slice_mixed/rome_slow_close/tr0/exp1/bs2/bs2.csv,0.0
1602351844652,2,0.0,0.0,slice_mixed,rome_slow_close,tr0,exp1,bs2,data/colosseum-oran-commag-dataset/slice_mixed/rome_slow_close/tr0/exp1/bs2/bs2.csv,0.0
1602351844902,2,0.0,0.0,slice_mixed,rome_slow_close,tr0,exp1,bs2,data/colosseum-oran-commag-dataset/slice_mixed/rome_slow_close/tr0/exp1/bs2/bs2.csv,0.0
1602351845152,2,0.0,0.0,slice_mixed,rome_slow_close,tr0,exp1,bs2,data/colosseum-oran-commag-dataset/slice_mixed/rome_slow_close/tr0/exp1/bs2/bs2.csv,0.0
1602351845402,2,0.0,0.0,slice_mixed,rome_slow_close,tr0,exp1,bs2,data/colosseum-oran-commag-dataset/slice_mixed/rome_slow_close/tr0/exp1/bs2/bs2.csv,0.0
1602351845652,2,0.0,0.0,slice_mixed,rome_slow_close,tr0,exp1,bs2,data/colosseum-oran-commag-dataset/slice_mixed/rome_slow_close/tr0/exp1/bs2/bs2.csv,0.0
1602351845902,2,0.0,0.0,slice_mixed,rome_slow_close,tr0,exp1,bs2,data/colosseum-oran-commag-dataset/slice_mixed/rome_slow_close/tr0/exp1/bs2/bs2.csv,0.0
1602351846152,2,0.0,0.0,slice_mixed,rome_slow_close,tr0,exp1,bs2,data/colosseum-oran-commag-dataset/slice_mixed/rome_slow_close/tr0/exp1/bs2/bs2.csv,0.0
1602351846402,2,0.0,0.0,slice_mixed,rome_slow_close,tr0,exp1,bs2,data/colosseum-oran-commag-dataset/slice_mixed/rome_slow_close/tr0/exp1/bs2/bs2.csv,0.0
1602351846652,2,0.0,0.0,slice_mixed,rome_slow_close,tr0,exp1,bs2,data/colosseum-oran-commag-dataset/slice_mixed/rome_slow_close/tr0/exp1/bs2/bs2.csv,0.0
1602351846902,2,0.0,0.0,slice_mixed,rome_slow_close,tr0,exp1,bs2,data/colosseum-oran-commag-dataset/slice_mixed/rome_slow_close/tr0/exp1/bs2/bs2.csv,0.0
1602351847152,2,0.0,0.0,slice_mixed,rome_slow_close,tr0,exp1,bs2,data/colosseum-oran-commag-dataset/slice_mixed/rome_slow_close/tr0/exp1/bs2/bs2.csv,0.0
1602351847402,2,0.0,0.0,slice_mixed,rome_slow_close,tr0,exp1,bs2,data/colosseum-oran-commag-dataset/slice_mixed/rome_slow_close/tr0/exp1/bs2/bs2.csv,0.0
1602351847652,2,0.0,0.0,slice_mixed,rome_slow_close,tr0,exp1,bs2,data/colosseum-oran-commag-dataset/slice_mixed/rome_slow_close/tr0/exp1/bs2/bs2.csv,0.0
1602351847902,2,0.0,0.0,slice_mixed,rome_slow_close,tr0,exp1,bs2,data/colosseum-oran-commag-dataset/slice_mixed/rome_slow_close/tr0/exp1/bs2/bs2.csv,0.0
1602351848152,2,0.0,0.0,slice_mixed,rome_slow_close,tr0,exp1,bs2,data/colosseum-oran-commag-dataset/slice_mixed/rome_slow_close/tr0/exp1/bs2/bs2.csv,0.0
1602351848402,2,0.0,0.0,slice_mixed,rome_slow_close,tr0,exp1,bs2,data/colosseum-oran-commag-dataset/slice_mixed/rome_slow_close/tr0/exp1/bs2/bs2.csv,0.0
1602351848652,2,0.0,0.0,slice_mixed,rome_slow_close,tr0,exp1,bs2,data/colosseum-oran-commag-dataset/slice_mixed/rome_slow_close/tr0/exp1/bs2/bs2.csv,0.0
1602351848902,2,0.0,0.0,slice_mixed,rome_slow_close,tr0,exp1,bs2,data/colosseum-oran-commag-dataset/slice_mixed/rome_slow_close/tr0/exp1/bs2/bs2.csv,0.0
1602351849152,2,0.0,0.0,slice_mixed,rome_slow_close,tr0,exp1,bs2,data/colosseum-oran-commag-dataset/slice_mixed/rome_slow_close/tr0/exp1/bs2/bs2.csv,0.0
1602351849402,2,0.0,0.0,slice_mixed,rome_slow_close,tr0,exp1,bs2,data/colosseum-oran-commag-dataset/slice_mixed/rome_slow_close/tr0/exp1/bs2/bs2.csv,0.0
1602351849652,2,0.0,0.0,slice_mixed,rome_slow_close,tr0,exp1,bs2,data/colosseum-oran-commag-dataset/slice_mixed/rome_slow_close/tr0/exp1/bs2/bs2.csv,0.0
1602351849902,2,0.0,0.0,slice_mixed,rome_slow_close,tr0,exp1,bs2,data/colosseum-oran-commag-dataset/slice_mixed/rome_slow_close/tr0/exp1/bs2/bs2.csv,0.0
1602351850152,2,0.0,0.0,slice_mixed,rome_slow_close,tr0,exp1,bs2,data/colosseum-oran-commag-dataset/slice_mixed/rome_slow_close/tr0/exp1/bs2/bs2.csv,0.0
1602351850402,2,0.0,0.0,slice_mixed,rome_slow_close,tr0,exp1,bs2,data/colosseum-oran-commag-dataset/slice_mixed/rome_slow_close/tr0/exp1/bs2/bs2.csv,0.0
1602351850652,2,0.0,0.0,slice_mixed,rome_slow_close,tr0,exp1,bs2,data/colosseum-oran-commag-dataset/slice_mixed/rome_slow_close/tr0/exp1/bs2/bs2.csv,0.0
1602351850902,2,0.0,0.0,slice_mixed,rome_slow_close,tr0,exp1,bs2,data/colosseum-oran-commag-dataset/slice_mixed/rome_slow_close/tr0/exp1/bs2/bs2.csv,0.0
1602351851152,2,0.0,0.0,slice_mixed,rome_slow_close,tr0,exp1,bs2,data/colosseum-oran-commag-dataset/slice_mixed/rome_slow_close/tr0/exp1/bs2/bs2.csv,0.0
1602351851402,2,0.0,0.0,slice_mixed,rome_slow_close,tr0,exp1,bs2,data/colosseum-oran-commag-dataset/slice_mixed/rome_slow_close/tr0/exp1/bs2/bs2.csv,0.0
1602351851652,2,0.0,0.0,slice_mixed,rome_slow_close,tr0,exp1,bs2,data/colosseum-oran-commag-dataset/slice_mixed/rome_slow_close/tr0/exp1/bs2/bs2.csv,0.0
1602351851902,2,0.0,0.0,slice_mixed,rome_slow_close,tr0,exp1,bs2,data/colosseum-oran-commag-dataset/slice_mixed/rome_slow_close/tr0/exp1/bs2/bs2.csv,0.0
1602351852152,2,0.0,0.0,slice_mixed,rome_slow_close,tr0,exp1,bs2,data/colosseum-oran-commag-dataset/slice_mixed/rome_slow_close/tr0/exp1/bs2/bs2.csv,0.0
1602351852402,2,0.0,0.0,slice_mixed,rome_slow_close,tr0,exp1,bs2,data/colosseum-oran-commag-dataset/slice_mixed/rome_slow_close/tr0/exp1/bs2/bs2.csv,0.0
1602351852652,2,0.0,0.0,slice_mixed,rome_slow_close,tr0,exp1,bs2,data/colosseum-oran-commag-dataset/slice_mixed/rome_slow_close/tr0/exp1/bs2/bs2.csv,0.0
1602351852902,2,0.0,0.0,slice_mixed,rome_slow_close,tr0,exp1,bs2,data/colosseum-oran-commag-dataset/slice_mixed/rome_slow_close/tr0/exp1/bs2/bs2.csv,0.0
1602351853152,2,0.0,0.0,slice_mixed,rome_slow_close,tr0,exp1,bs2,data/colosseum-oran-commag-dataset/slice_mixed/rome_slow_close/tr0/exp1/bs2/bs2.csv,0.0
1602351853402,2,0.0,0.0,slice_mixed,rome_slow_close,tr0,exp1,bs2,data/colosseum-oran-commag-dataset/slice_mixed/rome_slow_close/tr0/exp1/bs2/bs2.csv,0.0
1602351853652,2,0.0,0.0,slice_mixed,rome_slow_close,tr0,exp1,bs2,data/colosseum-oran-commag-dataset/slice_mixed/rome_slow_close/tr0/exp1/bs2/bs2.csv,0.0
1602351853902,2,0.0,0.0,slice_mixed,rome_slow_close,tr0,exp1,bs2,data/colosseum-oran-commag-dataset/slice_mixed/rome_slow_close/tr0/exp1/bs2/bs2.csv,0.0
1602351854152,2,0.0,0.0,slice_mixed,rome_slow_close,tr0,exp1,bs2,data/colosseum-oran-commag-dataset/slice_mixed/rome_slow_close/tr0/exp1/bs2/bs2.csv,0.0
1602351854402,2,0.0,0.0,slice_mixed,rome_slow_close,tr0,exp1,bs2,data/colosseum-oran-commag-dataset/slice_mixed/rome_slow_close/tr0/exp1/bs2/bs2.csv,0.0
1602351854652,2,0.0,0.0,slice_mixed,rome_slow_close,tr0,exp1,bs2,data/colosseum-oran-commag-dataset/slice_mixed/rome_slow_close/tr0/exp1/bs2/bs2.csv,0.0
1602351854902,2,0.0,0.0,slice_mixed,rome_slow_close,tr0,exp1,bs2,data/colosseum-oran-commag-dataset/slice_mixed/rome_slow_close/tr0/exp1/bs2/bs2.csv,0.0
1602351855152,2,0.0,0.0,slice_mixed,rome_slow_close,tr0,exp1,bs2,data/colosseum-oran-commag-dataset/slice_mixed/rome_slow_close/tr0/exp1/bs2/bs2.csv,0.0
1602351855402,2,0.0,0.0,slice_mixed,rome_slow_close,tr0,exp1,bs2,data/colosseum-oran-commag-dataset/slice_mixed/rome_slow_close/tr0/exp1/bs2/bs2.csv,0.0
1602351855652,2,0.0,0.0,slice_mixed,rome_slow_close,tr0,exp1,bs2,data/colosseum-oran-commag-dataset/slice_mixed/rome_slow_close/tr0/exp1/bs2/bs2.csv,0.0
1602351855902,2,0.0,0.0,slice_mixed,rome_slow_close,tr0,exp1,bs2,data/colosseum-oran-commag-dataset/slice_mixed/rome_slow_close/tr0/exp1/bs2/bs2.csv,0.0
1602351856152,2,0.0,0.0,slice_mixed,rome_slow_close,tr0,exp1,bs2,data/colosseum-oran-commag-dataset/slice_mixed/rome_slow_close/tr0/exp1/bs2/bs2.csv,0.0
1602351856402,2,0.0,0.0,slice_mixed,rome_slow_close,tr0,exp1,bs2,data/colosseum-oran-commag-dataset/slice_mixed/rome_slow_close/tr0/exp1/bs2/bs2.csv,0.0
1602351856652,2,0.0,0.0,slice_mixed,rome_slow_close,tr0,exp1,bs2,data/colosseum-oran-commag-dataset/slice_mixed/rome_slow_close/tr0/exp1/bs2/bs2.csv,0.0
1602351856902,2,0.0,0.0,slice_mixed,rome_slow_close,tr0,exp1,bs2,data/colosseum-oran-commag-dataset/slice_mixed/rome_slow_close/tr0/exp1/bs2/bs2.csv,0.0
1602351857152,2,0.0,0.0,slice_mixed,rome_slow_close,tr0,exp1,bs2,data/colosseum-oran-commag-dataset/slice_mixed/rome_slow_close/tr0/exp1/bs2/bs2.csv,0.0
1602351857402,2,0.0,0.0,slice_mixed,rome_slow_close,tr0,exp1,bs2,data/colosseum-oran-commag-dataset/slice_mixed/rome_slow_close/tr0/exp1/bs2/bs2.csv,0.0
1602351857652,2,0.0,0.0,slice_mixed,rome_slow_close,tr0,exp1,bs2,data/colosseum-oran-commag-dataset/slice_mixed/rome_slow_close/tr0/exp1/bs2/bs2.csv,0.0
1602351857902,2,0.0,0.0,slice_mixed,rome_slow_close,tr0,exp1,bs2,data/colosseum-oran-commag-dataset/slice_mixed/rome_slow_close/tr0/exp1/bs2/bs2.csv,0.0
1602351858152,2,0.0,0.0,slice_mixed,rome_slow_close,tr0,exp1,bs2,data/colosseum-oran-commag-dataset/slice_mixed/rome_slow_close/tr0/exp1/bs2/bs2.csv,0.0
1602351858402,2,0.0,0.0,slice_mixed,rome_slow_close,tr0,exp1,bs2,data/colosseum-oran-commag-dataset/slice_mixed/rome_slow_close/tr0/exp1/bs2/bs2.csv,0.0
1602351858652,2,0.0,0.0,slice_mixed,rome_slow_close,tr0,exp1,bs2,data/colosseum-oran-commag-dataset/slice_mixed/rome_slow_close/tr0/exp1/bs2/bs2.csv,0.0
1602351858902,2,0.0,0.0,slice_mixed,rome_slow_close,tr0,exp1,bs2,data/colosseum-oran-commag-dataset/slice_mixed/rome_slow_close/tr0/exp1/bs2/bs2.csv,0.0
1602351859152,2,0.0,0.0,slice_mixed,rome_slow_close,tr0,exp1,bs2,data/colosseum-oran-commag-dataset/slice_mixed/rome_slow_close/tr0/exp1/bs2/bs2.csv,0.0
1602351859402,2,0.0,0.0,slice_mixed,rome_slow_close,tr0,exp1,bs2,data/colosseum-oran-commag-dataset/slice_mixed/rome_slow_close/tr0/exp1/bs2/bs2.csv,0.0
1602351859652,2,0.0,0.0,slice_mixed,rome_slow_close,tr0,exp1,bs2,data/colosseum-oran-commag-dataset/slice_mixed/rome_slow_close/tr0/exp1/bs2/bs2.csv,0.0
1602351859902,2,0.0,0.0,slice_mixed,rome_slow_close,tr0,exp1,bs2,data/colosseum-oran-commag-dataset/slice_mixed/rome_slow_close/tr0/exp1/bs2/bs2.csv,0.0
1602351860152,2,0.0,0.0,slice_mixed,rome_slow_close,tr0,exp1,bs2,data/colosseum-oran-commag-dataset/slice_mixed/rome_slow_close/tr0/exp1/bs2/bs2.csv,0.0
1602351860402,2,0.0,0.0,slice_mixed,rome_slow_close,tr0,exp1,bs2,data/colosseum-oran-commag-dataset/slice_mixed/rome_slow_close/tr0/exp1/bs2/bs2.csv,0.0
1602351860652,2,0.0,0.0,slice_mixed,rome_slow_close,tr0,exp1,bs2,data/colosseum-oran-commag-dataset/slice_mixed/rome_slow_close/tr0/exp1/bs2/bs2.csv,0.0
1602351860902,2,0.0,0.0,slice_mixed,rome_slow_close,tr0,exp1,bs2,data/colosseum-oran-commag-dataset/slice_mixed/rome_slow_close/tr0/exp1/bs2/bs2.csv,0.0
1602351861152,2,0.0,0.0,slice_mixed,rome_slow_close,tr0,exp1,bs2,data/colosseum-oran-commag-dataset/slice_mixed/rome_slow_close/tr0/exp1/bs2/bs2.csv,0.0
1602351861402,2,0.0,0.0,slice_mixed,rome_slow_close,tr0,exp1,bs2,data/colosseum-oran-commag-dataset/slice_mixed/rome_slow_close/tr0/exp1/bs2/bs2.csv,0.0
1602351861652,2,0.0,0.0,slice_mixed,rome_slow_close,tr0,exp1,bs2,data/colosseum-oran-commag-dataset/slice_mixed/rome_slow_close/tr0/exp1/bs2/bs2.csv,0.0
1602351861902,2,0.0,0.0,slice_mixed,rome_slow_close,tr0,exp1,bs2,data/colosseum-oran-commag-dataset/slice_mixed/rome_slow_close/tr0/exp1/bs2/bs2.csv,0.0
1602351862152,2,0.0,0.0,slice_mixed,rome_slow_close,tr0,exp1,bs2,data/colosseum-oran-commag-dataset/slice_mixed/rome_slow_close/tr0/exp1/bs2/bs2.csv,0.0
1602351862402,2,0.0,0.0,slice_mixed,rome_slow_close,tr0,exp1,bs2,data/colosseum-oran-commag-dataset/slice_mixed/rome_slow_close/tr0/exp1/bs2/bs2.csv,0.0
1602351862652,2,0.0,0.0,slice_mixed,rome_slow_close,tr0,exp1,bs2,data/colosseum-oran-commag-dataset/slice_mixed/rome_slow_close/tr0/exp1/bs2/bs2.csv,0.0
1602351862902,2,0.0,0.0,slice_mixed,rome_slow_close,tr0,exp1,bs2,data/colosseum-oran-commag-dataset/slice_mixed/rome_slow_close/tr0/exp1/bs2/bs2.csv,0.0
1602351863152,2,0.0,0.0,slice_mixed,rome_slow_close,tr0,exp1,bs2,data/colosseum-oran-commag-dataset/slice_mixed/rome_slow_close/tr0/exp1/bs2/bs2.csv,0.0
1602351863402,2,0.0,0.0,slice_mixed,rome_slow_close,tr0,exp1,bs2,data/colosseum-oran-commag-dataset/slice_mixed/rome_slow_close/tr0/exp1/bs2/bs2.csv,0.0
1602351863652,2,0.0,0.0,slice_mixed,rome_slow_close,tr0,exp1,bs2,data/colosseum-oran-commag-dataset/slice_mixed/rome_slow_close/tr0/exp1/bs2/bs2.csv,0.0
1602351863902,2,0.0,0.0,slice_mixed,rome_slow_close,tr0,exp1,bs2,data/colosseum-oran-commag-dataset/slice_mixed/rome_slow_close/tr0/exp1/bs2/bs2.csv,0.0
1602351864152,2,0.0,0.0,slice_mixed,rome_slow_close,tr0,exp1,bs2,data/colosseum-oran-commag-dataset/slice_mixed/rome_slow_close/tr0/exp1/bs2/bs2.csv,0.0
1602351864402,2,0.0,0.0,slice_mixed,rome_slow_close,tr0,exp1,bs2,data/colosseum-oran-commag-dataset/slice_mixed/rome_slow_close/tr0/exp1/bs2/bs2.csv,0.0
1602351864652,2,0.0,0.0,slice_mixed,rome_slow_close,tr0,exp1,bs2,data/colosseum-oran-commag-dataset/slice_mixed/rome_slow_close/tr0/exp1/bs2/bs2.csv,0.0
1602351864902,2,0.0,0.0,slice_mixed,rome_slow_close,tr0,exp1,bs2,data/colosseum-oran-commag-dataset/slice_mixed/rome_slow_close/tr0/exp1/bs2/bs2.csv,0.0
1602351865152,2,0.0,0.0,slice_mixed,rome_slow_close,tr0,exp1,bs2,data/colosseum-oran-commag-dataset/slice_mixed/rome_slow_close/tr0/exp1/bs2/bs2.csv,0.0
1602351865402,2,0.0,0.0,slice_mixed,rome_slow_close,tr0,exp1,bs2,data/colosseum-oran-commag-dataset/slice_mixed/rome_slow_close/tr0/exp1/bs2/bs2.csv,0.0
1602351865652,2,0.0,0.0,slice_mixed,rome_slow_close,tr0,exp1,bs2,data/colosseum-oran-commag-dataset/slice_mixed/rome_slow_close/tr0/exp1/bs2/bs2.csv,0.0
1602351865902,2,0.0,0.0,slice_mixed,rome_slow_close,tr0,exp1,bs2,data/colosseum-oran-commag-dataset/slice_mixed/rome_slow_close/tr0/exp1/bs2/bs2.csv,0.0
1602351866152,2,0.0,0.0,slice_mixed,rome_slow_close,tr0,exp1,bs2,data/colosseum-oran-commag-dataset/slice_mixed/rome_slow_close/tr0/exp1/bs2/bs2.csv,0.0
1602351866402,2,0.0,0.0,slice_mixed,rome_slow_close,tr0,exp1,bs2,data/colosseum-oran-commag-dataset/slice_mixed/rome_slow_close/tr0/exp1/bs2/bs2.csv,0.0
1602351866652,2,0.0,0.0,slice_mixed,rome_slow_close,tr0,exp1,bs2,data/colosseum-oran-commag-dataset/slice_mixed/rome_slow_close/tr0/exp1/bs2/bs2.csv,0.0
1602351866902,2,0.0,0.0,slice_mixed,rome_slow_close,tr0,exp1,bs2,data/colosseum-oran-commag-dataset/slice_mixed/rome_slow_close/tr0/exp1/bs2/bs2.csv,0.0
1602351867152,2,0.0,0.0,slice_mixed,rome_slow_close,tr0,exp1,bs2,data/colosseum-oran-commag-dataset/slice_mixed/rome_slow_close/tr0/exp1/bs2/bs2.csv,0.0
1602351867402,2,0.0,0.0,slice_mixed,rome_slow_close,tr0,exp1,bs2,data/colosseum-oran-commag-dataset/slice_mixed/rome_slow_close/tr0/exp1/bs2/bs2.csv,0.0
1602351867652,2,0.0,0.0,slice_mixed,rome_slow_close,tr0,exp1,bs2,data/colosseum-oran-commag-dataset/slice_mixed/rome_slow_close/tr0/exp1/bs2/bs2.csv,0.0
1602351867902,2,0.0,0.0,slice_mixed,rome_slow_close,tr0,exp1,bs2,data/colosseum-oran-commag-dataset/slice_mixed/rome_slow_close/tr0/exp1/bs2/bs2.csv,0.0
1602351868152,2,0.0,0.0,slice_mixed,rome_slow_close,tr0,exp1,bs2,data/colosseum-oran-commag-dataset/slice_mixed/rome_slow_close/tr0/exp1/bs2/bs2.csv,0.0
1602351868402,2,0.0,0.0,slice_mixed,rome_slow_close,tr0,exp1,bs2,data/colosseum-oran-commag-dataset/slice_mixed/rome_slow_close/tr0/exp1/bs2/bs2.csv,0.0
1602351868652,2,0.0,0.0,slice_mixed,rome_slow_close,tr0,exp1,bs2,data/colosseum-oran-commag-dataset/slice_mixed/rome_slow_close/tr0/exp1/bs2/bs2.csv,0.0
1602351868902,2,0.0,0.0,slice_mixed,rome_slow_close,tr0,exp1,bs2,data/colosseum-oran-commag-dataset/slice_mixed/rome_slow_close/tr0/exp1/bs2/bs2.csv,0.0
1602351869152,2,0.0,0.0,slice_mixed,rome_slow_close,tr0,exp1,bs2,data/colosseum-oran-commag-dataset/slice_mixed/rome_slow_close/tr0/exp1/bs2/bs2.csv,0.0
1602351869402,2,0.0,0.0,slice_mixed,rome_slow_close,tr0,exp1,bs2,data/colosseum-oran-commag-dataset/slice_mixed/rome_slow_close/tr0/exp1/bs2/bs2.csv,0.0
1602351869652,2,0.0,0.0,slice_mixed,rome_slow_close,tr0,exp1,bs2,data/colosseum-oran-commag-dataset/slice_mixed/rome_slow_close/tr0/exp1/bs2/bs2.csv,0.0
1602351869902,2,0.0,0.0,slice_mixed,rome_slow_close,tr0,exp1,bs2,data/colosseum-oran-commag-dataset/slice_mixed/rome_slow_close/tr0/exp1/bs2/bs2.csv,0.0
1602351870152,2,0.0,0.0,slice_mixed,rome_slow_close,tr0,exp1,bs2,data/colosseum-oran-commag-dataset/slice_mixed/rome_slow_close/tr0/exp1/bs2/bs2.csv,0.0
1602351870402,2,0.0,0.0,slice_mixed,rome_slow_close,tr0,exp1,bs2,data/colosseum-oran-commag-dataset/slice_mixed/rome_slow_close/tr0/exp1/bs2/bs2.csv,0.0
1602351870652,2,0.0,0.0,slice_mixed,rome_slow_close,tr0,exp1,bs2,data/colosseum-oran-commag-dataset/slice_mixed/rome_slow_close/tr0/exp1/bs2/bs2.csv,0.0
1602351870902,2,0.0,0.0,slice_mixed,rome_slow_close,tr0,exp1,bs2,data/colosseum-oran-commag-dataset/slice_mixed/rome_slow_close/tr0/exp1/bs2/bs2.csv,0.0
1602351871152,2,0.0,0.0,slice_mixed,rome_slow_close,tr0,exp1,bs2,data/colosseum-oran-commag-dataset/slice_mixed/rome_slow_close/tr0/exp1/bs2/bs2.csv,0.0
1602351871402,2,0.0,0.0,slice_mixed,rome_slow_close,tr0,exp1,bs2,data/colosseum-oran-commag-dataset/slice_mixed/rome_slow_close/tr0/exp1/bs2/bs2.csv,0.0
1602351871652,2,0.0,0.0,slice_mixed,rome_slow_close,tr0,exp1,bs2,data/colosseum-oran-commag-dataset/slice_mixed/rome_slow_close/tr0/exp1/bs2/bs2.csv,0.0
1602351871902,2,0.0,0.0,slice_mixed,rome_slow_close,tr0,exp1,bs2,data/colosseum-oran-commag-dataset/slice_mixed/rome_slow_close/tr0/exp1/bs2/bs2.csv,0.0
1602351872152,2,0.0,0.0,slice_mixed,rome_slow_close,tr0,exp1,bs2,data/colosseum-oran-commag-dataset/slice_mixed/rome_slow_close/tr0/exp1/bs2/bs2.csv,0.0
1602351872402,2,0.0,0.0,slice_mixed,rome_slow_close,tr0,exp1,bs2,data/colosseum-oran-commag-dataset/slice_mixed/rome_slow_close/tr0/exp1/bs2/bs2.csv,0.0
1602351872652,2,0.0,0.0,slice_mixed,rome_slow_close,tr0,exp1,bs2,data/colosseum-oran-commag-dataset/slice_mixed/rome_slow_close/tr0/exp1/bs2/bs2.csv,0.0
1602351872902,2,0.0,0.0,slice_mixed,rome_slow_close,tr0,exp1,bs2,data/colosseum-oran-commag-dataset/slice_mixed/rome_slow_close/tr0/exp1/bs2/bs2.csv,0.0
1602351873152,2,0.0,0.0,slice_mixed,rome_slow_close,tr0,exp1,bs2,data/colosseum-oran-commag-dataset/slice_mixed/rome_slow_close/tr0/exp1/bs2/bs2.csv,0.0
1602351873402,2,0.0,0.0,slice_mixed,rome_slow_close,tr0,exp1,bs2,data/colosseum-oran-commag-dataset/slice_mixed/rome_slow_close/tr0/exp1/bs2/bs2.csv,0.0
1602351873652,2,0.0,0.0,slice_mixed,rome_slow_close,tr0,exp1,bs2,data/colosseum-oran-commag-dataset/slice_mixed/rome_slow_close/tr0/exp1/bs2/bs2.csv,0.0
1602351873902,2,0.0,0.0,slice_mixed,rome_slow_close,tr0,exp1,bs2,data/colosseum-oran-commag-dataset/slice_mixed/rome_slow_close/tr0/exp1/bs2/bs2.csv,0.0
1602351874152,2,0.0,0.0,slice_mixed,rome_slow_close,tr0,exp1,bs2,data/colosseum-oran-commag-dataset/slice_mixed/rome_slow_close/tr0/exp1/bs2/bs2.csv,0.0
1602351874402,2,0.0,0.0,slice_mixed,rome_slow_close,tr0,exp1,bs2,data/colosseum-oran-commag-dataset/slice_mixed/rome_slow_close/tr0/exp1/bs2/bs2.csv,0.0
1602351874652,2,0.0,0.0,slice_mixed,rome_slow_close,tr0,exp1,bs2,data/colosseum-oran-commag-dataset/slice_mixed/rome_slow_close/tr0/exp1/bs2/bs2.csv,0.0
1602351874902,2,0.0,0.0,slice_mixed,rome_slow_close,tr0,exp1,bs2,data/colosseum-oran-commag-dataset/slice_mixed/rome_slow_close/tr0/exp1/bs2/bs2.csv,0.0
1602351875152,2,0.0,0.0,slice_mixed,rome_slow_close,tr0,exp1,bs2,data/colosseum-oran-commag-dataset/slice_mixed/rome_slow_close/tr0/exp1/bs2/bs2.csv,0.0
1602351875402,1,0.0,0.0,slice_mixed,rome_slow_close,tr0,exp1,bs2,data/colosseum-oran-commag-dataset/slice_mixed/rome_slow_close/tr0/exp1/bs2/bs2.csv,0.0
1602351875652,1,0.0,0.0,slice_mixed,rome_slow_close,tr0,exp1,bs2,data/colosseum-oran-commag-dataset/slice_mixed/rome_slow_close/tr0/exp1/bs2/bs2.csv,0.0
1602351875902,1,0.0,0.0,slice_mixed,rome_slow_close,tr0,exp1,bs2,data/colosseum-oran-commag-dataset/slice_mixed/rome_slow_close/tr0/exp1/bs2/bs2.csv,0.0
1602351876152,1,0.0,0.0,slice_mixed,rome_slow_close,tr0,exp1,bs2,data/colosseum-oran-commag-dataset/slice_mixed/rome_slow_close/tr0/exp1/bs2/bs2.csv,0.0
1602351876402,1,0.0,0.0,slice_mixed,rome_slow_close,tr0,exp1,bs2,data/colosseum-oran-commag-dataset/slice_mixed/rome_slow_close/tr0/exp1/bs2/bs2.csv,0.0
1602351876652,1,0.0,0.0,slice_mixed,rome_slow_close,tr0,exp1,bs2,data/colosseum-oran-commag-dataset/slice_mixed/rome_slow_close/tr0/exp1/bs2/bs2.csv,0.0
1602351876902,1,0.0,0.0,slice_mixed,rome_slow_close,tr0,exp1,bs2,data/colosseum-oran-commag-dataset/slice_mixed/rome_slow_close/tr0/exp1/bs2/bs2.csv,0.0
1602351877152,1,0.0,0.0,slice_mixed,rome_slow_close,tr0,exp1,bs2,data/colosseum-oran-commag-dataset/slice_mixed/rome_slow_close/tr0/exp1/bs2/bs2.csv,0.0
1602351877402,1,0.0,0.0,slice_mixed,rome_slow_close,tr0,exp1,bs2,data/colosseum-oran-commag-dataset/slice_mixed/rome_slow_close/tr0/exp1/bs2/bs2.csv,0.0
1602351877652,1,0.0,0.0,slice_mixed,rome_slow_close,tr0,exp1,bs2,data/colosseum-oran-commag-dataset/slice_mixed/rome_slow_close/tr0/exp1/bs2/bs2.csv,0.0
1602351877902,1,0.0,0.0,slice_mixed,rome_slow_close,tr0,exp1,bs2,data/colosseum-oran-commag-dataset/slice_mixed/rome_slow_close/tr0/exp1/bs2/bs2.csv,0.0
1602351878152,1,0.0,0.0,slice_mixed,rome_slow_close,tr0,exp1,bs2,data/colosseum-oran-commag-dataset/slice_mixed/rome_slow_close/tr0/exp1/bs2/bs2.csv,0.0
1602351878402,1,0.0,0.0,slice_mixed,rome_slow_close,tr0,exp1,bs2,data/colosseum-oran-commag-dataset/slice_mixed/rome_slow_close/tr0/exp1/bs2/bs2.csv,0.0
1602351878652,1,0.0,0.0,slice_mixed,rome_slow_close,tr0,exp1,bs2,data/colosseum-oran-commag-dataset/slice_mixed/rome_slow_close/tr0/exp1/bs2/bs2.csv,0.0
1602351878902,1,0.0,0.0,slice_mixed,rome_slow_close,tr0,exp1,bs2,data/colosseum-oran-commag-dataset/slice_mixed/rome_slow_close/tr0/exp1/bs2/bs2.csv,0.0
1602351879152,1,0.0,0.0,slice_mixed,rome_slow_close,tr0,exp1,bs2,data/colosseum-oran-commag-dataset/slice_mixed/rome_slow_close/tr0/exp1/bs2/bs2.csv,0.0
1602351879402,1,0.0,0.0,slice_mixed,rome_slow_close,tr0,exp1,bs2,data/colosseum-oran-commag-dataset/slice_mixed/rome_slow_close/tr0/exp1/bs2/bs2.csv,0.0
1602351879652,1,0.0,0.0,slice_mixed,rome_slow_close,tr0,exp1,bs2,data/colosseum-oran-commag-dataset/slice_mixed/rome_slow_close/tr0/exp1/bs2/bs2.csv,0.0
1602351879902,1,0.0,0.0,slice_mixed,rome_slow_close,tr0,exp1,bs2,data/colosseum-oran-commag-dataset/slice_mixed/rome_slow_close/tr0/exp1/bs2/bs2.csv,0.0
1602351880152,1,0.0,0.0,slice_mixed,rome_slow_close,tr0,exp1,bs2,data/colosseum-oran-commag-dataset/slice_mixed/rome_slow_close/tr0/exp1/bs2/bs2.csv,0.0
1602351880402,1,0.0,0.0,slice_mixed,rome_slow_close,tr0,exp1,bs2,data/colosseum-oran-commag-dataset/slice_mixed/rome_slow_close/tr0/exp1/bs2/bs2.csv,0.0
1602351880652,1,0.0,0.0,slice_mixed,rome_slow_close,tr0,exp1,bs2,data/colosseum-oran-commag-dataset/slice_mixed/rome_slow_close/tr0/exp1/bs2/bs2.csv,0.0
1602351880902,1,0.0,0.0,slice_mixed,rome_slow_close,tr0,exp1,bs2,data/colosseum-oran-commag-dataset/slice_mixed/rome_slow_close/tr0/exp1/bs2/bs2.csv,0.0
1602351881152,1,0.0,0.0,slice_mixed,rome_slow_close,tr0,exp1,bs2,data/colosseum-oran-commag-dataset/slice_mixed/rome_slow_close/tr0/exp1/bs2/bs2.csv,0.0
1602351881402,1,0.0,0.0,slice_mixed,rome_slow_close,tr0,exp1,bs2,data/colosseum-oran-commag-dataset/slice_mixed/rome_slow_close/tr0/exp1/bs2/bs2.csv,0.0
1602351881652,1,0.0,0.0,slice_mixed,rome_slow_close,tr0,exp1,bs2,data/colosseum-oran-commag-dataset/slice_mixed/rome_slow_close/tr0/exp1/bs2/bs2.csv,0.0
1602351881902,1,0.0,0.0,slice_mixed,rome_slow_close,tr0,exp1,bs2,data/colosseum-oran-commag-dataset/slice_mixed/rome_slow_close/tr0/exp1/bs2/bs2.csv,0.0
1602351882152,1,0.0,0.0,slice_mixed,rome_slow_close,tr0,exp1,bs2,data/colosseum-oran-commag-dataset/slice_mixed/rome_slow_close/tr0/exp1/bs2/bs2.csv,0.0
1602351882402,1,0.0,0.0,slice_mixed,rome_slow_close,tr0,exp1,bs2,data/colosseum-oran-commag-dataset/slice_mixed/rome_slow_close/tr0/exp1/bs2/bs2.csv,0.0
1602351882652,1,0.0,0.0,slice_mixed,rome_slow_close,tr0,exp1,bs2,data/colosseum-oran-commag-dataset/slice_mixed/rome_slow_close/tr0/exp1/bs2/bs2.csv,0.0
1602351882902,1,0.0,0.0,slice_mixed,rome_slow_close,tr0,exp1,bs2,data/colosseum-oran-commag-dataset/slice_mixed/rome_slow_close/tr0/exp1/bs2/bs2.csv,0.0
1602351883152,1,0.0,0.0,slice_mixed,rome_slow_close,tr0,exp1,bs2,data/colosseum-oran-commag-dataset/slice_mixed/rome_slow_close/tr0/exp1/bs2/bs2.csv,0.0
1602351883402,1,0.0,0.0,slice_mixed,rome_slow_close,tr0,exp1,bs2,data/colosseum-oran-commag-dataset/slice_mixed/rome_slow_close/tr0/exp1/bs2/bs2.csv,0.0
1602351883652,1,0.0,0.0,slice_mixed,rome_slow_close,tr0,exp1,bs2,data/colosseum-oran-commag-dataset/slice_mixed/rome_slow_close/tr0/exp1/bs2/bs2.csv,0.0
1602351883902,1,0.0,0.0,slice_mixed,rome_slow_close,tr0,exp1,bs2,data/colosseum-oran-commag-dataset/slice_mixed/rome_slow_close/tr0/exp1/bs2/bs2.csv,0.0
1602351884152,1,0.0,0.0,slice_mixed,rome_slow_close,tr0,exp1,bs2,data/colosseum-oran-commag-dataset/slice_mixed/rome_slow_close/tr0/exp1/bs2/bs2.csv,0.0
1602351884402,1,0.0,0.0,slice_mixed,rome_slow_close,tr0,exp1,bs2,data/colosseum-oran-commag-dataset/slice_mixed/rome_slow_close/tr0/exp1/bs2/bs2.csv,0.0
1602351884652,1,0.0,0.0,slice_mixed,rome_slow_close,tr0,exp1,bs2,data/colosseum-oran-commag-dataset/slice_mixed/rome_slow_close/tr0/exp1/bs2/bs2.csv,0.0
1602351884902,1,0.0,0.0,slice_mixed,rome_slow_close,tr0,exp1,bs2,data/colosseum-oran-commag-dataset/slice_mixed/rome_slow_close/tr0/exp1/bs2/bs2.csv,0.0
1602351885152,1,0.0,0.0,slice_mixed,rome_slow_close,tr0,exp1,bs2,data/colosseum-oran-commag-dataset/slice_mixed/rome_slow_close/tr0/exp1/bs2/bs2.csv,0.0
1602351885402,1,0.0,0.0,slice_mixed,rome_slow_close,tr0,exp1,bs2,data/colosseum-oran-commag-dataset/slice_mixed/rome_slow_close/tr0/exp1/bs2/bs2.csv,0.0
1602351885652,1,0.0,0.0,slice_mixed,rome_slow_close,tr0,exp1,bs2,data/colosseum-oran-commag-dataset/slice_mixed/rome_slow_close/tr0/exp1/bs2/bs2.csv,0.0
1602351885902,1,0.0,0.0,slice_mixed,rome_slow_close,tr0,exp1,bs2,data/colosseum-oran-commag-dataset/slice_mixed/rome_slow_close/tr0/exp1/bs2/bs2.csv,0.0
1602351886152,1,0.0,0.0,slice_mixed,rome_slow_close,tr0,exp1,bs2,data/colosseum-oran-commag-dataset/slice_mixed/rome_slow_close/tr0/exp1/bs2/bs2.csv,0.0
1602351886402,1,0.0,0.0,slice_mixed,rome_slow_close,tr0,exp1,bs2,data/colosseum-oran-commag-dataset/slice_mixed/rome_slow_close/tr0/exp1/bs2/bs2.csv,0.0
1602351886652,1,0.0,0.0,slice_mixed,rome_slow_close,tr0,exp1,bs2,data/colosseum-oran-commag-dataset/slice_mixed/rome_slow_close/tr0/exp1/bs2/bs2.csv,0.0
1602351886902,1,0.0,0.0,slice_mixed,rome_slow_close,tr0,exp1,bs2,data/colosseum-oran-commag-dataset/slice_mixed/rome_slow_close/tr0/exp1/bs2/bs2.csv,0.0
1602351887152,1,0.0,0.0,slice_mixed,rome_slow_close,tr0,exp1,bs2,data/colosseum-oran-commag-dataset/slice_mixed/rome_slow_close/tr0/exp1/bs2/bs2.csv,0.0
1602351887402,1,0.0,0.0,slice_mixed,rome_slow_close,tr0,exp1,bs2,data/colosseum-oran-commag-dataset/slice_mixed/rome_slow_close/tr0/exp1/bs2/bs2.csv,0.0
1602351887652,1,0.0,0.0,slice_mixed,rome_slow_close,tr0,exp1,bs2,data/colosseum-oran-commag-dataset/slice_mixed/rome_slow_close/tr0/exp1/bs2/bs2.csv,0.0
1602351887902,1,0.0,0.0,slice_mixed,rome_slow_close,tr0,exp1,bs2,data/colosseum-oran-commag-dataset/slice_mixed/rome_slow_close/tr0/exp1/bs2/bs2.csv,0.0
1602351888152,1,0.0,0.0,slice_mixed,rome_slow_close,tr0,exp1,bs2,data/colosseum-oran-commag-dataset/slice_mixed/rome_slow_close/tr0/exp1/bs2/bs2.csv,0.0
1602351888402,1,0.0,0.0,slice_mixed,rome_slow_close,tr0,exp1,bs2,data/colosseum-oran-commag-dataset/slice_mixed/rome_slow_close/tr0/exp1/bs2/bs2.csv,0.0
1602351888652,1,0.0,0.0,slice_mixed,rome_slow_close,tr0,exp1,bs2,data/colosseum-oran-commag-dataset/slice_mixed/rome_slow_close/tr0/exp1/bs2/bs2.csv,0.0
1602351888902,1,0.0,0.0,slice_mixed,rome_slow_close,tr0,exp1,bs2,data/colosseum-oran-commag-dataset/slice_mixed/rome_slow_close/tr0/exp1/bs2/bs2.csv,0.0
1602351889152,1,0.0,0.0,slice_mixed,rome_slow_close,tr0,exp1,bs2,data/colosseum-oran-commag-dataset/slice_mixed/rome_slow_close/tr0/exp1/bs2/bs2.csv,0.0
1602351889402,1,0.0,0.0,slice_mixed,rome_slow_close,tr0,exp1,bs2,data/colosseum-oran-commag-dataset/slice_mixed/rome_slow_close/tr0/exp1/bs2/bs2.csv,0.0
1602351889652,1,0.0,0.0,slice_mixed,rome_slow_close,tr0,exp1,bs2,data/colosseum-oran-commag-dataset/slice_mixed/rome_slow_close/tr0/exp1/bs2/bs2.csv,0.0
1602351889902,1,0.0,0.0,slice_mixed,rome_slow_close,tr0,exp1,bs2,data/colosseum-oran-commag-dataset/slice_mixed/rome_slow_close/tr0/exp1/bs2/bs2.csv,0.0
1602351890152,1,0.0,0.0,slice_mixed,rome_slow_close,tr0,exp1,bs2,data/colosseum-oran-commag-dataset/slice_mixed/rome_slow_close/tr0/exp1/bs2/bs2.csv,0.0
1602351890402,1,0.0,0.0,slice_mixed,rome_slow_close,tr0,exp1,bs2,data/colosseum-oran-commag-dataset/slice_mixed/rome_slow_close/tr0/exp1/bs2/bs2.csv,0.0
1602351890652,1,0.0,0.0,slice_mixed,rome_slow_close,tr0,exp1,bs2,data/colosseum-oran-commag-dataset/slice_mixed/rome_slow_close/tr0/exp1/bs2/bs2.csv,0.0
1602351890902,1,0.0,0.0,slice_mixed,rome_slow_close,tr0,exp1,bs2,data/colosseum-oran-commag-dataset/slice_mixed/rome_slow_close/tr0/exp1/bs2/bs2.csv,0.0
1602351891152,1,0.0,0.0,slice_mixed,rome_slow_close,tr0,exp1,bs2,data/colosseum-oran-commag-dataset/slice_mixed/rome_slow_close/tr0/exp1/bs2/bs2.csv,0.0
1602351891402,1,0.0,0.0,slice_mixed,rome_slow_close,tr0,exp1,bs2,data/colosseum-oran-commag-dataset/slice_mixed/rome_slow_close/tr0/exp1/bs2/bs2.csv,0.0
1602351891652,1,0.0,0.0,slice_mixed,rome_slow_close,tr0,exp1,bs2,data/colosseum-oran-commag-dataset/slice_mixed/rome_slow_close/tr0/exp1/bs2/bs2.csv,0.0
1602351891902,1,0.0,0.0,slice_mixed,rome_slow_close,tr0,exp1,bs2,data/colosseum-oran-commag-dataset/slice_mixed/rome_slow_close/tr0/exp1/bs2/bs2.csv,0.0
1602351892152,1,0.0,0.0,slice_mixed,rome_slow_close,tr0,exp1,bs2,data/colosseum-oran-commag-dataset/slice_mixed/rome_slow_close/tr0/exp1/bs2/bs2.csv,0.0
1602351892402,1,0.0,0.0,slice_mixed,rome_slow_close,tr0,exp1,bs2,data/colosseum-oran-commag-dataset/slice_mixed/rome_slow_close/tr0/exp1/bs2/bs2.csv,0.0
1602351892652,1,0.0,0.0,slice_mixed,rome_slow_close,tr0,exp1,bs2,data/colosseum-oran-commag-dataset/slice_mixed/rome_slow_close/tr0/exp1/bs2/bs2.csv,0.0
1602351892902,1,0.0,0.0,slice_mixed,rome_slow_close,tr0,exp1,bs2,data/colosseum-oran-commag-dataset/slice_mixed/rome_slow_close/tr0/exp1/bs2/bs2.csv,0.0
1602351893152,1,0.0,0.0,slice_mixed,rome_slow_close,tr0,exp1,bs2,data/colosseum-oran-commag-dataset/slice_mixed/rome_slow_close/tr0/exp1/bs2/bs2.csv,0.0
1602351893402,1,0.0,0.0,slice_mixed,rome_slow_close,tr0,exp1,bs2,data/colosseum-oran-commag-dataset/slice_mixed/rome_slow_close/tr0/exp1/bs2/bs2.csv,0.0
1602351893652,1,0.0,0.0,slice_mixed,rome_slow_close,tr0,exp1,bs2,data/colosseum-oran-commag-dataset/slice_mixed/rome_slow_close/tr0/exp1/bs2/bs2.csv,0.0
1602351893902,1,0.0,0.0,slice_mixed,rome_slow_close,tr0,exp1,bs2,data/colosseum-oran-commag-dataset/slice_mixed/rome_slow_close/tr0/exp1/bs2/bs2.csv,0.0
1602351894152,1,0.0,0.0,slice_mixed,rome_slow_close,tr0,exp1,bs2,data/colosseum-oran-commag-dataset/slice_mixed/rome_slow_close/tr0/exp1/bs2/bs2.csv,0.0
1602351894402,1,0.0,0.0,slice_mixed,rome_slow_close,tr0,exp1,bs2,data/colosseum-oran-commag-dataset/slice_mixed/rome_slow_close/tr0/exp1/bs2/bs2.csv,0.0
1602351894652,1,0.0,0.0,slice_mixed,rome_slow_close,tr0,exp1,bs2,data/colosseum-oran-commag-dataset/slice_mixed/rome_slow_close/tr0/exp1/bs2/bs2.csv,0.0
1602351894902,1,0.0,0.0,slice_mixed,rome_slow_close,tr0,exp1,bs2,data/colosseum-oran-commag-dataset/slice_mixed/rome_slow_close/tr0/exp1/bs2/bs2.csv,0.0
1602351895152,1,0.0,0.0,slice_mixed,rome_slow_close,tr0,exp1,bs2,data/colosseum-oran-commag-dataset/slice_mixed/rome_slow_close/tr0/exp1/bs2/bs2.csv,0.0
1602351895402,1,0.0,0.0,slice_mixed,rome_slow_close,tr0,exp1,bs2,data/colosseum-oran-commag-dataset/slice_mixed/rome_slow_close/tr0/exp1/bs2/bs2.csv,0.0
1602351895652,1,0.0,0.0,slice_mixed,rome_slow_close,tr0,exp1,bs2,data/colosseum-oran-commag-dataset/slice_mixed/rome_slow_close/tr0/exp1/bs2/bs2.csv,0.0
1602351895902,1,0.0,0.0,slice_mixed,rome_slow_close,tr0,exp1,bs2,data/colosseum-oran-commag-dataset/slice_mixed/rome_slow_close/tr0/exp1/bs2/bs2.csv,0.0
1602351896152,1,0.0,0.0,slice_mixed,rome_slow_close,tr0,exp1,bs2,data/colosseum-oran-commag-dataset/slice_mixed/rome_slow_close/tr0/exp1/bs2/bs2.csv,0.0
1602351896402,1,0.0,0.0,slice_mixed,rome_slow_close,tr0,exp1,bs2,data/colosseum-oran-commag-dataset/slice_mixed/rome_slow_close/tr0/exp1/bs2/bs2.csv,0.0
1602351896652,1,0.0,0.0,slice_mixed,rome_slow_close,tr0,exp1,bs2,data/colosseum-oran-commag-dataset/slice_mixed/rome_slow_close/tr0/exp1/bs2/bs2.csv,0.0
1602351896902,1,0.0,0.0,slice_mixed,rome_slow_close,tr0,exp1,bs2,data/colosseum-oran-commag-dataset/slice_mixed/rome_slow_close/tr0/exp1/bs2/bs2.csv,0.0
1602351897152,1,0.0,0.0,slice_mixed,rome_slow_close,tr0,exp1,bs2,data/colosseum-oran-commag-dataset/slice_mixed/rome_slow_close/tr0/exp1/bs2/bs2.csv,0.0
1602351897402,1,0.0,0.0,slice_mixed,rome_slow_close,tr0,exp1,bs2,data/colosseum-oran-commag-dataset/slice_mixed/rome_slow_close/tr0/exp1/bs2/bs2.csv,0.0
1602351897652,1,0.0,0.0,slice_mixed,rome_slow_close,tr0,exp1,bs2,data/colosseum-oran-commag-dataset/slice_mixed/rome_slow_close/tr0/exp1/bs2/bs2.csv,0.0
1602351897902,1,0.0,0.0,slice_mixed,rome_slow_close,tr0,exp1,bs2,data/colosseum-oran-commag-dataset/slice_mixed/rome_slow_close/tr0/exp1/bs2/bs2.csv,0.0
1602351898152,1,0.0,0.0,slice_mixed,rome_slow_close,tr0,exp1,bs2,data/colosseum-oran-commag-dataset/slice_mixed/rome_slow_close/tr0/exp1/bs2/bs2.csv,0.0
1602351898402,1,0.0,0.0,slice_mixed,rome_slow_close,tr0,exp1,bs2,data/colosseum-oran-commag-dataset/slice_mixed/rome_slow_close/tr0/exp1/bs2/bs2.csv,0.0
1602351898652,1,0.0,0.0,slice_mixed,rome_slow_close,tr0,exp1,bs2,data/colosseum-oran-commag-dataset/slice_mixed/rome_slow_close/tr0/exp1/bs2/bs2.csv,0.0
1602351898902,1,0.0,0.0,slice_mixed,rome_slow_close,tr0,exp1,bs2,data/colosseum-oran-commag-dataset/slice_mixed/rome_slow_close/tr0/exp1/bs2/bs2.csv,0.0
1602351899152,1,0.0,0.0,slice_mixed,rome_slow_close,tr0,exp1,bs2,data/colosseum-oran-commag-dataset/slice_mixed/rome_slow_close/tr0/exp1/bs2/bs2.csv,0.0
1602351899402,1,0.0,0.0,slice_mixed,rome_slow_close,tr0,exp1,bs2,data/colosseum-oran-commag-dataset/slice_mixed/rome_slow_close/tr0/exp1/bs2/bs2.csv,0.0
1602351899652,1,0.0,0.0,slice_mixed,rome_slow_close,tr0,exp1,bs2,data/colosseum-oran-commag-dataset/slice_mixed/rome_slow_close/tr0/exp1/bs2/bs2.csv,0.0
1602351899902,1,0.0,0.0,slice_mixed,rome_slow_close,tr0,exp1,bs2,data/colosseum-oran-commag-dataset/slice_mixed/rome_slow_close/tr0/exp1/bs2/bs2.csv,0.0
1602351900152,1,0.0,0.0,slice_mixed,rome_slow_close,tr0,exp1,bs2,data/colosseum-oran-commag-dataset/slice_mixed/rome_slow_close/tr0/exp1/bs2/bs2.csv,0.0
1602351900402,1,0.0,0.0,slice_mixed,rome_slow_close,tr0,exp1,bs2,data/colosseum-oran-commag-dataset/slice_mixed/rome_slow_close/tr0/exp1/bs2/bs2.csv,0.0
1602351900652,1,0.0,0.0,slice_mixed,rome_slow_close,tr0,exp1,bs2,data/colosseum-oran-commag-dataset/slice_mixed/rome_slow_close/tr0/exp1/bs2/bs2.csv,0.0
1602351900902,1,0.0,0.0,slice_mixed,rome_slow_close,tr0,exp1,bs2,data/colosseum-oran-commag-dataset/slice_mixed/rome_slow_close/tr0/exp1/bs2/bs2.csv,0.0
1602351901152,1,0.0,0.0,slice_mixed,rome_slow_close,tr0,exp1,bs2,data/colosseum-oran-commag-dataset/slice_mixed/rome_slow_close/tr0/exp1/bs2/bs2.csv,0.0
1602351901402,1,0.0,0.0,slice_mixed,rome_slow_close,tr0,exp1,bs2,data/colosseum-oran-commag-dataset/slice_mixed/rome_slow_close/tr0/exp1/bs2/bs2.csv,0.0
1602351901652,1,0.0,0.0,slice_mixed,rome_slow_close,tr0,exp1,bs2,data/colosseum-oran-commag-dataset/slice_mixed/rome_slow_close/tr0/exp1/bs2/bs2.csv,0.0
1602351901902,1,0.0,0.0,slice_mixed,rome_slow_close,tr0,exp1,bs2,data/colosseum-oran-commag-dataset/slice_mixed/rome_slow_close/tr0/exp1/bs2/bs2.csv,0.0
1602351902152,1,0.0,0.0,slice_mixed,rome_slow_close,tr0,exp1,bs2,data/colosseum-oran-commag-dataset/slice_mixed/rome_slow_close/tr0/exp1/bs2/bs2.csv,0.0
1602351902402,1,0.0,0.0,slice_mixed,rome_slow_close,tr0,exp1,bs2,data/colosseum-oran-commag-dataset/slice_mixed/rome_slow_close/tr0/exp1/bs2/bs2.csv,0.0
1602351902652,1,0.0,0.0,slice_mixed,rome_slow_close,tr0,exp1,bs2,data/colosseum-oran-commag-dataset/slice_mixed/rome_slow_close/tr0/exp1/bs2/bs2.csv,0.0
1602351902902,1,0.0,0.0,slice_mixed,rome_slow_close,tr0,exp1,bs2,data/colosseum-oran-commag-dataset/slice_mixed/rome_slow_close/tr0/exp1/bs2/bs2.csv,0.0
1602351903152,1,0.0,0.0,slice_mixed,rome_slow_close,tr0,exp1,bs2,data/colosseum-oran-commag-dataset/slice_mixed/rome_slow_close/tr0/exp1/bs2/bs2.csv,0.0
1602351903402,1,0.0,0.0,slice_mixed,rome_slow_close,tr0,exp1,bs2,data/colosseum-oran-commag-dataset/slice_mixed/rome_slow_close/tr0/exp1/bs2/bs2.csv,0.0
1602351903652,1,0.0,0.0,slice_mixed,rome_slow_close,tr0,exp1,bs2,data/colosseum-oran-commag-dataset/slice_mixed/rome_slow_close/tr0/exp1/bs2/bs2.csv,0.0
1602351903902,1,0.0,0.0,slice_mixed,rome_slow_close,tr0,exp1,bs2,data/colosseum-oran-commag-dataset/slice_mixed/rome_slow_close/tr0/exp1/bs2/bs2.csv,0.0
1602351904152,1,0.0,0.0,slice_mixed,rome_slow_close,tr0,exp1,bs2,data/colosseum-oran-commag-dataset/slice_mixed/rome_slow_close/tr0/exp1/bs2/bs2.csv,0.0
1602351904402,1,0.0,0.0,slice_mixed,rome_slow_close,tr0,exp1,bs2,data/colosseum-oran-commag-dataset/slice_mixed/rome_slow_close/tr0/exp1/bs2/bs2.csv,0.0
1602351904652,1,0.0,0.0,slice_mixed,rome_slow_close,tr0,exp1,bs2,data/colosseum-oran-commag-dataset/slice_mixed/rome_slow_close/tr0/exp1/bs2/bs2.csv,0.0
1602351904902,1,0.0,0.0,slice_mixed,rome_slow_close,tr0,exp1,bs2,data/colosseum-oran-commag-dataset/slice_mixed/rome_slow_close/tr0/exp1/bs2/bs2.csv,0.0
1602351905152,1,0.0,0.0,slice_mixed,rome_slow_close,tr0,exp1,bs2,data/colosseum-oran-commag-dataset/slice_mixed/rome_slow_close/tr0/exp1/bs2/bs2.csv,0.0
1602351905402,1,0.0,0.0,slice_mixed,rome_slow_close,tr0,exp1,bs2,data/colosseum-oran-commag-dataset/slice_mixed/rome_slow_close/tr0/exp1/bs2/bs2.csv,0.0
1602351905652,1,0.0,0.0,slice_mixed,rome_slow_close,tr0,exp1,bs2,data/colosseum-oran-commag-dataset/slice_mixed/rome_slow_close/tr0/exp1/bs2/bs2.csv,0.0
1602351905902,1,0.0,0.0,slice_mixed,rome_slow_close,tr0,exp1,bs2,data/colosseum-oran-commag-dataset/slice_mixed/rome_slow_close/tr0/exp1/bs2/bs2.csv,0.0
1602351906152,1,0.0,0.0,slice_mixed,rome_slow_close,tr0,exp1,bs2,data/colosseum-oran-commag-dataset/slice_mixed/rome_slow_close/tr0/exp1/bs2/bs2.csv,0.0
1602351906402,1,0.0,0.0,slice_mixed,rome_slow_close,tr0,exp1,bs2,data/colosseum-oran-commag-dataset/slice_mixed/rome_slow_close/tr0/exp1/bs2/bs2.csv,0.0
1602351906652,1,0.0,0.0,slice_mixed,rome_slow_close,tr0,exp1,bs2,data/colosseum-oran-commag-dataset/slice_mixed/rome_slow_close/tr0/exp1/bs2/bs2.csv,0.0
1602351906902,1,0.0,0.0,slice_mixed,rome_slow_close,tr0,exp1,bs2,data/colosseum-oran-commag-dataset/slice_mixed/rome_slow_close/tr0/exp1/bs2/bs2.csv,0.0
1602351907152,1,0.0,0.0,slice_mixed,rome_slow_close,tr0,exp1,bs2,data/colosseum-oran-commag-dataset/slice_mixed/rome_slow_close/tr0/exp1/bs2/bs2.csv,0.0
1602351907402,1,0.0,0.0,slice_mixed,rome_slow_close,tr0,exp1,bs2,data/colosseum-oran-commag-dataset/slice_mixed/rome_slow_close/tr0/exp1/bs2/bs2.csv,0.0
1602351907652,1,0.0,0.0,slice_mixed,rome_slow_close,tr0,exp1,bs2,data/colosseum-oran-commag-dataset/slice_mixed/rome_slow_close/tr0/exp1/bs2/bs2.csv,0.0
1602351907902,1,0.0,0.0,slice_mixed,rome_slow_close,tr0,exp1,bs2,data/colosseum-oran-commag-dataset/slice_mixed/rome_slow_close/tr0/exp1/bs2/bs2.csv,0.0
1602351908152,1,0.0,0.0,slice_mixed,rome_slow_close,tr0,exp1,bs2,data/colosseum-oran-commag-dataset/slice_mixed/rome_slow_close/tr0/exp1/bs2/bs2.csv,0.0
1602351908402,1,0.0,0.0,slice_mixed,rome_slow_close,tr0,exp1,bs2,data/colosseum-oran-commag-dataset/slice_mixed/rome_slow_close/tr0/exp1/bs2/bs2.csv,0.0
1602351908652,1,0.0,0.0,slice_mixed,rome_slow_close,tr0,exp1,bs2,data/colosseum-oran-commag-dataset/slice_mixed/rome_slow_close/tr0/exp1/bs2/bs2.csv,0.0
1602351908902,1,0.0,0.0,slice_mixed,rome_slow_close,tr0,exp1,bs2,data/colosseum-oran-commag-dataset/slice_mixed/rome_slow_close/tr0/exp1/bs2/bs2.csv,0.0
1602351909152,1,0.0,0.0,slice_mixed,rome_slow_close,tr0,exp1,bs2,data/colosseum-oran-commag-dataset/slice_mixed/rome_slow_close/tr0/exp1/bs2/bs2.csv,0.0
1602351909402,1,0.0,0.0,slice_mixed,rome_slow_close,tr0,exp1,bs2,data/colosseum-oran-commag-dataset/slice_mixed/rome_slow_close/tr0/exp1/bs2/bs2.csv,0.0
1602351909652,1,0.0,0.0,slice_mixed,rome_slow_close,tr0,exp1,bs2,data/colosseum-oran-commag-dataset/slice_mixed/rome_slow_close/tr0/exp1/bs2/bs2.csv,0.0
1602351909902,1,0.0,0.0,slice_mixed,rome_slow_close,tr0,exp1,bs2,data/colosseum-oran-commag-dataset/slice_mixed/rome_slow_close/tr0/exp1/bs2/bs2.csv,0.0
1602351910152,1,0.0,0.0,slice_mixed,rome_slow_close,tr0,exp1,bs2,data/colosseum-oran-commag-dataset/slice_mixed/rome_slow_close/tr0/exp1/bs2/bs2.csv,0.0
1602351910402,1,0.0,0.0,slice_mixed,rome_slow_close,tr0,exp1,bs2,data/colosseum-oran-commag-dataset/slice_mixed/rome_slow_close/tr0/exp1/bs2/bs2.csv,0.0
1602351910652,1,0.0,0.0,slice_mixed,rome_slow_close,tr0,exp1,bs2,data/colosseum-oran-commag-dataset/slice_mixed/rome_slow_close/tr0/exp1/bs2/bs2.csv,0.0
1602351910902,1,0.0,0.0,slice_mixed,rome_slow_close,tr0,exp1,bs2,data/colosseum-oran-commag-dataset/slice_mixed/rome_slow_close/tr0/exp1/bs2/bs2.csv,0.0
1602351911152,1,0.0,0.0,slice_mixed,rome_slow_close,tr0,exp1,bs2,data/colosseum-oran-commag-dataset/slice_mixed/rome_slow_close/tr0/exp1/bs2/bs2.csv,0.0
1602351911402,1,0.0,0.0,slice_mixed,rome_slow_close,tr0,exp1,bs2,data/colosseum-oran-commag-dataset/slice_mixed/rome_slow_close/tr0/exp1/bs2/bs2.csv,0.0
1602351911652,1,0.0,0.0,slice_mixed,rome_slow_close,tr0,exp1,bs2,data/colosseum-oran-commag-dataset/slice_mixed/rome_slow_close/tr0/exp1/bs2/bs2.csv,0.0
1602351911902,1,0.0,0.0,slice_mixed,rome_slow_close,tr0,exp1,bs2,data/colosseum-oran-commag-dataset/slice_mixed/rome_slow_close/tr0/exp1/bs2/bs2.csv,0.0
1602351912152,1,0.0,0.0,slice_mixed,rome_slow_close,tr0,exp1,bs2,data/colosseum-oran-commag-dataset/slice_mixed/rome_slow_close/tr0/exp1/bs2/bs2.csv,0.0
1602351912402,1,0.0,0.0,slice_mixed,rome_slow_close,tr0,exp1,bs2,data/colosseum-oran-commag-dataset/slice_mixed/rome_slow_close/tr0/exp1/bs2/bs2.csv,0.0
1602351912652,1,0.0,0.0,slice_mixed,rome_slow_close,tr0,exp1,bs2,data/colosseum-oran-commag-dataset/slice_mixed/rome_slow_close/tr0/exp1/bs2/bs2.csv,0.0
1602351912902,1,0.0,0.0,slice_mixed,rome_slow_close,tr0,exp1,bs2,data/colosseum-oran-commag-dataset/slice_mixed/rome_slow_close/tr0/exp1/bs2/bs2.csv,0.0
1602351913152,1,0.0,0.0,slice_mixed,rome_slow_close,tr0,exp1,bs2,data/colosseum-oran-commag-dataset/slice_mixed/rome_slow_close/tr0/exp1/bs2/bs2.csv,0.0
1602351913402,1,0.0,0.0,slice_mixed,rome_slow_close,tr0,exp1,bs2,data/colosseum-oran-commag-dataset/slice_mixed/rome_slow_close/tr0/exp1/bs2/bs2.csv,0.0
1602351913652,3,2064.516113,715.0,slice_mixed,rome_slow_close,tr0,exp1,bs2,data/colosseum-oran-commag-dataset/slice_mixed/rome_slow_close/tr0/exp1/bs2/bs2.csv,2779.516113
1602351913902,3,0.0,0.0,slice_mixed,rome_slow_close,tr0,exp1,bs2,data/colosseum-oran-commag-dataset/slice_mixed/rome_slow_close/tr0/exp1/bs2/bs2.csv,0.0
1602351914152,3,8448.0,17536.0,slice_mixed,rome_slow_close,tr0,exp1,bs2,data/colosseum-oran-commag-dataset/slice_mixed/rome_slow_close/tr0/exp1/bs2/bs2.csv,25984.0
1602351914402,3,7840.0,15232.0,slice_mixed,rome_slow_close,tr0,exp1,bs2,data/colosseum-oran-commag-dataset/slice_mixed/rome_slow_close/tr0/exp1/bs2/bs2.csv,23072.0
1602351914652,2,1952.0,0.0,slice_mixed,rome_slow_close,tr0,exp1,bs2,data/colosseum-oran-commag-dataset/slice_mixed/rome_slow_close/tr0/exp1/bs2/bs2.csv,1952.0
1602351914902,2,0.0,0.0,slice_mixed,rome_slow_close,tr0,exp1,bs2,data/colosseum-oran-commag-dataset/slice_mixed/rome_slow_close/tr0/exp1/bs2/bs2.csv,0.0
1602351915152,2,0.0,0.0,slice_mixed,rome_slow_close,tr0,exp1,bs2,data/colosseum-oran-commag-dataset/slice_mixed/rome_slow_close/tr0/exp1/bs2/bs2.csv,0.0
1602351915402,2,0.0,0.0,slice_mixed,rome_slow_close,tr0,exp1,bs2,data/colosseum-oran-commag-dataset/slice_mixed/rome_slow_close/tr0/exp1/bs2/bs2.csv,0.0
1602351915652,2,0.0,0.0,slice_mixed,rome_slow_close,tr0,exp1,bs2,data/colosseum-oran-commag-dataset/slice_mixed/rome_slow_close/tr0/exp1/bs2/bs2.csv,0.0
1602351915902,2,0.0,0.0,slice_mixed,rome_slow_close,tr0,exp1,bs2,data/colosseum-oran-commag-dataset/slice_mixed/rome_slow_close/tr0/exp1/bs2/bs2.csv,0.0
1602351916152,2,0.0,0.0,slice_mixed,rome_slow_close,tr0,exp1,bs2,data/colosseum-oran-commag-dataset/slice_mixed/rome_slow_close/tr0/exp1/bs2/bs2.csv,0.0
1602351916402,2,0.0,0.0,slice_mixed,rome_slow_close,tr0,exp1,bs2,data/colosseum-oran-commag-dataset/slice_mixed/rome_slow_close/tr0/exp1/bs2/bs2.csv,0.0
1602351916652,2,0.0,0.0,slice_mixed,rome_slow_close,tr0,exp1,bs2,data/colosseum-oran-commag-dataset/slice_mixed/rome_slow_close/tr0/exp1/bs2/bs2.csv,0.0
1602351916902,2,0.0,0.0,slice_mixed,rome_slow_close,tr0,exp1,bs2,data/colosseum-oran-commag-dataset/slice_mixed/rome_slow_close/tr0/exp1/bs2/bs2.csv,0.0
1602351917152,2,0.0,0.0,slice_mixed,rome_slow_close,tr0,exp1,bs2,data/colosseum-oran-commag-dataset/slice_mixed/rome_slow_close/tr0/exp1/bs2/bs2.csv,0.0
1602351917402,2,0.0,0.0,slice_mixed,rome_slow_close,tr0,exp1,bs2,data/colosseum-oran-commag-dataset/slice_mixed/rome_slow_close/tr0/exp1/bs2/bs2.csv,0.0
1602351917652,2,0.0,0.0,slice_mixed,rome_slow_close,tr0,exp1,bs2,data/colosseum-oran-commag-dataset/slice_mixed/rome_slow_close/tr0/exp1/bs2/bs2.csv,0.0
1602351917902,2,0.0,0.0,slice_mixed,rome_slow_close,tr0,exp1,bs2,data/colosseum-oran-commag-dataset/slice_mixed/rome_slow_close/tr0/exp1/bs2/bs2.csv,0.0
1602351918152,2,0.0,0.0,slice_mixed,rome_slow_close,tr0,exp1,bs2,data/colosseum-oran-commag-dataset/slice_mixed/rome_slow_close/tr0/exp1/bs2/bs2.csv,0.0
1602351918402,2,0.0,0.0,slice_mixed,rome_slow_close,tr0,exp1,bs2,data/colosseum-oran-commag-dataset/slice_mixed/rome_slow_close/tr0/exp1/bs2/bs2.csv,0.0
1602351918652,2,0.0,0.0,slice_mixed,rome_slow_close,tr0,exp1,bs2,data/colosseum-oran-commag-dataset/slice_mixed/rome_slow_close/tr0/exp1/bs2/bs2.csv,0.0
1602351918902,2,0.0,0.0,slice_mixed,rome_slow_close,tr0,exp1,bs2,data/colosseum-oran-commag-dataset/slice_mixed/rome_slow_close/tr0/exp1/bs2/bs2.csv,0.0
1602351919152,2,0.0,0.0,slice_mixed,rome_slow_close,tr0,exp1,bs2,data/colosseum-oran-commag-dataset/slice_mixed/rome_slow_close/tr0/exp1/bs2/bs2.csv,0.0
1602351919402,2,0.0,0.0,slice_mixed,rome_slow_close,tr0,exp1,bs2,data/colosseum-oran-commag-dataset/slice_mixed/rome_slow_close/tr0/exp1/bs2/bs2.csv,0.0
1602351919652,2,0.0,0.0,slice_mixed,rome_slow_close,tr0,exp1,bs2,data/colosseum-oran-commag-dataset/slice_mixed/rome_slow_close/tr0/exp1/bs2/bs2.csv,0.0
1602351919902,2,0.0,0.0,slice_mixed,rome_slow_close,tr0,exp1,bs2,data/colosseum-oran-commag-dataset/slice_mixed/rome_slow_close/tr0/exp1/bs2/bs2.csv,0.0
1602351920152,2,0.0,0.0,slice_mixed,rome_slow_close,tr0,exp1,bs2,data/colosseum-oran-commag-dataset/slice_mixed/rome_slow_close/tr0/exp1/bs2/bs2.csv,0.0
1602351920402,2,0.0,0.0,slice_mixed,rome_slow_close,tr0,exp1,bs2,data/colosseum-oran-commag-dataset/slice_mixed/rome_slow_close/tr0/exp1/bs2/bs2.csv,0.0
1602351920652,2,0.0,0.0,slice_mixed,rome_slow_close,tr0,exp1,bs2,data/colosseum-oran-commag-dataset/slice_mixed/rome_slow_close/tr0/exp1/bs2/bs2.csv,0.0
1602351920902,2,0.0,0.0,slice_mixed,rome_slow_close,tr0,exp1,bs2,data/colosseum-oran-commag-dataset/slice_mixed/rome_slow_close/tr0/exp1/bs2/bs2.csv,0.0
1602351921152,2,0.0,0.0,slice_mixed,rome_slow_close,tr0,exp1,bs2,data/colosseum-oran-commag-dataset/slice_mixed/rome_slow_close/tr0/exp1/bs2/bs2.csv,0.0
1602351921402,2,0.0,0.0,slice_mixed,rome_slow_close,tr0,exp1,bs2,data/colosseum-oran-commag-dataset/slice_mixed/rome_slow_close/tr0/exp1/bs2/bs2.csv,0.0
1602351921652,2,0.0,0.0,slice_mixed,rome_slow_close,tr0,exp1,bs2,data/colosseum-oran-commag-dataset/slice_mixed/rome_slow_close/tr0/exp1/bs2/bs2.csv,0.0
1602351921902,2,0.0,0.0,slice_mixed,rome_slow_close,tr0,exp1,bs2,data/colosseum-oran-commag-dataset/slice_mixed/rome_slow_close/tr0/exp1/bs2/bs2.csv,0.0
1602351922152,2,0.0,0.0,slice_mixed,rome_slow_close,tr0,exp1,bs2,data/colosseum-oran-commag-dataset/slice_mixed/rome_slow_close/tr0/exp1/bs2/bs2.csv,0.0
1602351922402,2,0.0,0.0,slice_mixed,rome_slow_close,tr0,exp1,bs2,data/colosseum-oran-commag-dataset/slice_mixed/rome_slow_close/tr0/exp1/bs2/bs2.csv,0.0
1602351922652,2,0.0,0.0,slice_mixed,rome_slow_close,tr0,exp1,bs2,data/colosseum-oran-commag-dataset/slice_mixed/rome_slow_close/tr0/exp1/bs2/bs2.csv,0.0
1602351922902,2,0.0,0.0,slice_mixed,rome_slow_close,tr0,exp1,bs2,data/colosseum-oran-commag-dataset/slice_mixed/rome_slow_close/tr0/exp1/bs2/bs2.csv,0.0
1602351923152,2,0.0,0.0,slice_mixed,rome_slow_close,tr0,exp1,bs2,data/colosseum-oran-commag-dataset/slice_mixed/rome_slow_close/tr0/exp1/bs2/bs2.csv,0.0
1602351923402,2,0.0,0.0,slice_mixed,rome_slow_close,tr0,exp1,bs2,data/colosseum-oran-commag-dataset/slice_mixed/rome_slow_close/tr0/exp1/bs2/bs2.csv,0.0
1602351923652,2,0.0,0.0,slice_mixed,rome_slow_close,tr0,exp1,bs2,data/colosseum-oran-commag-dataset/slice_mixed/rome_slow_close/tr0/exp1/bs2/bs2.csv,0.0
1602351923902,2,0.0,0.0,slice_mixed,rome_slow_close,tr0,exp1,bs2,data/colosseum-oran-commag-dataset/slice_mixed/rome_slow_close/tr0/exp1/bs2/bs2.csv,0.0
1602351924152,2,0.0,0.0,slice_mixed,rome_slow_close,tr0,exp1,bs2,data/colosseum-oran-commag-dataset/slice_mixed/rome_slow_close/tr0/exp1/bs2/bs2.csv,0.0
1602351924402,2,0.0,0.0,slice_mixed,rome_slow_close,tr0,exp1,bs2,data/colosseum-oran-commag-dataset/slice_mixed/rome_slow_close/tr0/exp1/bs2/bs2.csv,0.0
1602351924652,2,0.0,0.0,slice_mixed,rome_slow_close,tr0,exp1,bs2,data/colosseum-oran-commag-dataset/slice_mixed/rome_slow_close/tr0/exp1/bs2/bs2.csv,0.0
1602351924902,2,0.0,0.0,slice_mixed,rome_slow_close,tr0,exp1,bs2,data/colosseum-oran-commag-dataset/slice_mixed/rome_slow_close/tr0/exp1/bs2/bs2.csv,0.0
1602351925152,2,0.0,0.0,slice_mixed,rome_slow_close,tr0,exp1,bs2,data/colosseum-oran-commag-dataset/slice_mixed/rome_slow_close/tr0/exp1/bs2/bs2.csv,0.0
1602351925402,2,0.0,0.0,slice_mixed,rome_slow_close,tr0,exp1,bs2,data/colosseum-oran-commag-dataset/slice_mixed/rome_slow_close/tr0/exp1/bs2/bs2.csv,0.0
1602351925652,2,0.0,0.0,slice_mixed,rome_slow_close,tr0,exp1,bs2,data/colosseum-oran-commag-dataset/slice_mixed/rome_slow_close/tr0/exp1/bs2/bs2.csv,0.0
1602351925902,2,0.0,0.0,slice_mixed,rome_slow_close,tr0,exp1,bs2,data/colosseum-oran-commag-dataset/slice_mixed/rome_slow_close/tr0/exp1/bs2/bs2.csv,0.0
1602351926152,2,0.0,0.0,slice_mixed,rome_slow_close,tr0,exp1,bs2,data/colosseum-oran-commag-dataset/slice_mixed/rome_slow_close/tr0/exp1/bs2/bs2.csv,0.0
1602351926402,2,0.0,0.0,slice_mixed,rome_slow_close,tr0,exp1,bs2,data/colosseum-oran-commag-dataset/slice_mixed/rome_slow_close/tr0/exp1/bs2/bs2.csv,0.0
1602351926652,2,0.0,0.0,slice_mixed,rome_slow_close,tr0,exp1,bs2,data/colosseum-oran-commag-dataset/slice_mixed/rome_slow_close/tr0/exp1/bs2/bs2.csv,0.0
1602351926902,2,0.0,0.0,slice_mixed,rome_slow_close,tr0,exp1,bs2,data/colosseum-oran-commag-dataset/slice_mixed/rome_slow_close/tr0/exp1/bs2/bs2.csv,0.0
1602351927152,2,0.0,0.0,slice_mixed,rome_slow_close,tr0,exp1,bs2,data/colosseum-oran-commag-dataset/slice_mixed/rome_slow_close/tr0/exp1/bs2/bs2.csv,0.0
1602351927402,2,0.0,0.0,slice_mixed,rome_slow_close,tr0,exp1,bs2,data/colosseum-oran-commag-dataset/slice_mixed/rome_slow_close/tr0/exp1/bs2/bs2.csv,0.0
1602351927652,2,0.0,0.0,slice_mixed,rome_slow_close,tr0,exp1,bs2,data/colosseum-oran-commag-dataset/slice_mixed/rome_slow_close/tr0/exp1/bs2/bs2.csv,0.0
1602351927902,2,0.0,0.0,slice_mixed,rome_slow_close,tr0,exp1,bs2,data/colosseum-oran-commag-dataset/slice_mixed/rome_slow_close/tr0/exp1/bs2/bs2.csv,0.0
1602351928152,2,0.0,0.0,slice_mixed,rome_slow_close,tr0,exp1,bs2,data/colosseum-oran-commag-dataset/slice_mixed/rome_slow_close/tr0/exp1/bs2/bs2.csv,0.0
1602351928402,2,0.0,0.0,slice_mixed,rome_slow_close,tr0,exp1,bs2,data/colosseum-oran-commag-dataset/slice_mixed/rome_slow_close/tr0/exp1/bs2/bs2.csv,0.0
1602351928652,2,0.0,0.0,slice_mixed,rome_slow_close,tr0,exp1,bs2,data/colosseum-oran-commag-dataset/slice_mixed/rome_slow_close/tr0/exp1/bs2/bs2.csv,0.0
1602351928902,2,0.0,0.0,slice_mixed,rome_slow_close,tr0,exp1,bs2,data/colosseum-oran-commag-dataset/slice_mixed/rome_slow_close/tr0/exp1/bs2/bs2.csv,0.0
1602351477378,0,0.0,0.0,slice_mixed,rome_slow_close,tr0,exp1,bs3,data/colosseum-oran-commag-dataset/slice_mixed/rome_slow_close/tr0/exp1/bs3/bs3.csv,0.0
1602351477627,0,0.0,0.0,slice_mixed,rome_slow_close,tr0,exp1,bs3,data/colosseum-oran-commag-dataset/slice_mixed/rome_slow_close/tr0/exp1/bs3/bs3.csv,0.0
1602351477877,0,0.0,0.0,slice_mixed,rome_slow_close,tr0,exp1,bs3,data/colosseum-oran-commag-dataset/slice_mixed/rome_slow_close/tr0/exp1/bs3/bs3.csv,0.0
1602351478127,0,0.0,0.0,slice_mixed,rome_slow_close,tr0,exp1,bs3,data/colosseum-oran-commag-dataset/slice_mixed/rome_slow_close/tr0/exp1/bs3/bs3.csv,0.0
1602351478377,0,0.0,0.0,slice_mixed,rome_slow_close,tr0,exp1,bs3,data/colosseum-oran-commag-dataset/slice_mixed/rome_slow_close/tr0/exp1/bs3/bs3.csv,0.0
1602351478627,0,0.0,0.0,slice_mixed,rome_slow_close,tr0,exp1,bs3,data/colosseum-oran-commag-dataset/slice_mixed/rome_slow_close/tr0/exp1/bs3/bs3.csv,0.0
1602351478877,0,0.0,0.0,slice_mixed,rome_slow_close,tr0,exp1,bs3,data/colosseum-oran-commag-dataset/slice_mixed/rome_slow_close/tr0/exp1/bs3/bs3.csv,0.0
1602351479127,0,0.0,0.0,slice_mixed,rome_slow_close,tr0,exp1,bs3,data/colosseum-oran-commag-dataset/slice_mixed/rome_slow_close/tr0/exp1/bs3/bs3.csv,0.0
1602351479377,0,0.0,0.0,slice_mixed,rome_slow_close,tr0,exp1,bs3,data/colosseum-oran-commag-dataset/slice_mixed/rome_slow_close/tr0/exp1/bs3/bs3.csv,0.0
1602351479627,0,0.0,0.0,slice_mixed,rome_slow_close,tr0,exp1,bs3,data/colosseum-oran-commag-dataset/slice_mixed/rome_slow_close/tr0/exp1/bs3/bs3.csv,0.0
1602351479877,0,0.0,0.0,slice_mixed,rome_slow_close,tr0,exp1,bs3,data/colosseum-oran-commag-dataset/slice_mixed/rome_slow_close/tr0/exp1/bs3/bs3.csv,0.0
1602351480127,0,0.0,0.0,slice_mixed,rome_slow_close,tr0,exp1,bs3,data/colosseum-oran-commag-dataset/slice_mixed/rome_slow_close/tr0/exp1/bs3/bs3.csv,0.0
1602351480377,0,0.0,0.0,slice_mixed,rome_slow_close,tr0,exp1,bs3,data/colosseum-oran-commag-dataset/slice_mixed/rome_slow_close/tr0/exp1/bs3/bs3.csv,0.0
1602351480627,0,0.0,0.0,slice_mixed,rome_slow_close,tr0,exp1,bs3,data/colosseum-oran-commag-dataset/slice_mixed/rome_slow_close/tr0/exp1/bs3/bs3.csv,0.0
1602351480877,0,0.0,0.0,slice_mixed,rome_slow_close,tr0,exp1,bs3,data/colosseum-oran-commag-dataset/slice_mixed/rome_slow_close/tr0/exp1/bs3/bs3.csv,0.0
1602351481127,0,0.0,0.0,slice_mixed,rome_slow_close,tr0,exp1,bs3,data/colosseum-oran-commag-dataset/slice_mixed/rome_slow_close/tr0/exp1/bs3/bs3.csv,0.0
1602351481377,0,0.0,0.0,slice_mixed,rome_slow_close,tr0,exp1,bs3,data/colosseum-oran-commag-dataset/slice_mixed/rome_slow_close/tr0/exp1/bs3/bs3.csv,0.0
1602351481627,0,0.0,0.0,slice_mixed,rome_slow_close,tr0,exp1,bs3,data/colosseum-oran-commag-dataset/slice_mixed/rome_slow_close/tr0/exp1/bs3/bs3.csv,0.0
1602351481877,0,0.0,0.0,slice_mixed,rome_slow_close,tr0,exp1,bs3,data/colosseum-oran-commag-dataset/slice_mixed/rome_slow_close/tr0/exp1/bs3/bs3.csv,0.0
1602351482127,0,0.0,0.0,slice_mixed,rome_slow_close,tr0,exp1,bs3,data/colosseum-oran-commag-dataset/slice_mixed/rome_slow_close/tr0/exp1/bs3/bs3.csv,0.0
1602351482377,0,0.0,0.0,slice_mixed,rome_slow_close,tr0,exp1,bs3,data/colosseum-oran-commag-dataset/slice_mixed/rome_slow_close/tr0/exp1/bs3/bs3.csv,0.0
1602351482627,0,0.0,0.0,slice_mixed,rome_slow_close,tr0,exp1,bs3,data/colosseum-oran-commag-dataset/slice_mixed/rome_slow_close/tr0/exp1/bs3/bs3.csv,0.0
1602351482877,0,0.0,0.0,slice_mixed,rome_slow_close,tr0,exp1,bs3,data/colosseum-oran-commag-dataset/slice_mixed/rome_slow_close/tr0/exp1/bs3/bs3.csv,0.0
1602351483127,0,0.0,0.0,slice_mixed,rome_slow_close,tr0,exp1,bs3,data/colosseum-oran-commag-dataset/slice_mixed/rome_slow_close/tr0/exp1/bs3/bs3.csv,0.0
1602351483377,0,0.0,0.0,slice_mixed,rome_slow_close,tr0,exp1,bs3,data/colosseum-oran-commag-dataset/slice_mixed/rome_slow_close/tr0/exp1/bs3/bs3.csv,0.0
1602351483627,0,0.0,0.0,slice_mixed,rome_slow_close,tr0,exp1,bs3,data/colosseum-oran-commag-dataset/slice_mixed/rome_slow_close/tr0/exp1/bs3/bs3.csv,0.0
1602351483877,0,0.0,0.0,slice_mixed,rome_slow_close,tr0,exp1,bs3,data/colosseum-oran-commag-dataset/slice_mixed/rome_slow_close/tr0/exp1/bs3/bs3.csv,0.0
1602351484127,0,0.0,0.0,slice_mixed,rome_slow_close,tr0,exp1,bs3,data/colosseum-oran-commag-dataset/slice_mixed/rome_slow_close/tr0/exp1/bs3/bs3.csv,0.0
1602351484377,0,0.0,0.0,slice_mixed,rome_slow_close,tr0,exp1,bs3,data/colosseum-oran-commag-dataset/slice_mixed/rome_slow_close/tr0/exp1/bs3/bs3.csv,0.0
1602351484627,0,0.0,0.0,slice_mixed,rome_slow_close,tr0,exp1,bs3,data/colosseum-oran-commag-dataset/slice_mixed/rome_slow_close/tr0/exp1/bs3/bs3.csv,0.0
1602351484877,0,0.0,0.0,slice_mixed,rome_slow_close,tr0,exp1,bs3,data/colosseum-oran-commag-dataset/slice_mixed/rome_slow_close/tr0/exp1/bs3/bs3.csv,0.0
1602351485127,0,0.0,0.0,slice_mixed,rome_slow_close,tr0,exp1,bs3,data/colosseum-oran-commag-dataset/slice_mixed/rome_slow_close/tr0/exp1/bs3/bs3.csv,0.0
1602351485377,0,0.0,0.0,slice_mixed,rome_slow_close,tr0,exp1,bs3,data/colosseum-oran-commag-dataset/slice_mixed/rome_slow_close/tr0/exp1/bs3/bs3.csv,0.0
1602351485627,0,0.0,0.0,slice_mixed,rome_slow_close,tr0,exp1,bs3,data/colosseum-oran-commag-dataset/slice_mixed/rome_slow_close/tr0/exp1/bs3/bs3.csv,0.0
1602351485877,0,0.0,0.0,slice_mixed,rome_slow_close,tr0,exp1,bs3,data/colosseum-oran-commag-dataset/slice_mixed/rome_slow_close/tr0/exp1/bs3/bs3.csv,0.0
1602351486127,0,0.0,0.0,slice_mixed,rome_slow_close,tr0,exp1,bs3,data/colosseum-oran-commag-dataset/slice_mixed/rome_slow_close/tr0/exp1/bs3/bs3.csv,0.0
1602351486377,0,0.0,0.0,slice_mixed,rome_slow_close,tr0,exp1,bs3,data/colosseum-oran-commag-dataset/slice_mixed/rome_slow_close/tr0/exp1/bs3/bs3.csv,0.0
1602351486627,0,0.0,0.0,slice_mixed,rome_slow_close,tr0,exp1,bs3,data/colosseum-oran-commag-dataset/slice_mixed/rome_slow_close/tr0/exp1/bs3/bs3.csv,0.0
1602351486877,0,0.0,0.0,slice_mixed,rome_slow_close,tr0,exp1,bs3,data/colosseum-oran-commag-dataset/slice_mixed/rome_slow_close/tr0/exp1/bs3/bs3.csv,0.0
1602351487127,0,0.0,0.0,slice_mixed,rome_slow_close,tr0,exp1,bs3,data/colosseum-oran-commag-dataset/slice_mixed/rome_slow_close/tr0/exp1/bs3/bs3.csv,0.0
1602351487377,0,0.0,0.0,slice_mixed,rome_slow_close,tr0,exp1,bs3,data/colosseum-oran-commag-dataset/slice_mixed/rome_slow_close/tr0/exp1/bs3/bs3.csv,0.0
1602351487627,0,0.0,0.0,slice_mixed,rome_slow_close,tr0,exp1,bs3,data/colosseum-oran-commag-dataset/slice_mixed/rome_slow_close/tr0/exp1/bs3/bs3.csv,0.0
1602351487877,0,0.0,0.0,slice_mixed,rome_slow_close,tr0,exp1,bs3,data/colosseum-oran-commag-dataset/slice_mixed/rome_slow_close/tr0/exp1/bs3/bs3.csv,0.0
1602351488127,0,0.0,0.0,slice_mixed,rome_slow_close,tr0,exp1,bs3,data/colosseum-oran-commag-dataset/slice_mixed/rome_slow_close/tr0/exp1/bs3/bs3.csv,0.0
1602351488377,0,0.0,0.0,slice_mixed,rome_slow_close,tr0,exp1,bs3,data/colosseum-oran-commag-dataset/slice_mixed/rome_slow_close/tr0/exp1/bs3/bs3.csv,0.0
1602351488627,0,0.0,0.0,slice_mixed,rome_slow_close,tr0,exp1,bs3,data/colosseum-oran-commag-dataset/slice_mixed/rome_slow_close/tr0/exp1/bs3/bs3.csv,0.0
1602351488877,0,0.0,0.0,slice_mixed,rome_slow_close,tr0,exp1,bs3,data/colosseum-oran-commag-dataset/slice_mixed/rome_slow_close/tr0/exp1/bs3/bs3.csv,0.0
1602351489127,0,0.0,0.0,slice_mixed,rome_slow_close,tr0,exp1,bs3,data/colosseum-oran-commag-dataset/slice_mixed/rome_slow_close/tr0/exp1/bs3/bs3.csv,0.0
1602351489377,0,0.0,0.0,slice_mixed,rome_slow_close,tr0,exp1,bs3,data/colosseum-oran-commag-dataset/slice_mixed/rome_slow_close/tr0/exp1/bs3/bs3.csv,0.0
1602351489627,0,0.0,0.0,slice_mixed,rome_slow_close,tr0,exp1,bs3,data/colosseum-oran-commag-dataset/slice_mixed/rome_slow_close/tr0/exp1/bs3/bs3.csv,0.0
1602351489877,0,0.0,0.0,slice_mixed,rome_slow_close,tr0,exp1,bs3,data/colosseum-oran-commag-dataset/slice_mixed/rome_slow_close/tr0/exp1/bs3/bs3.csv,0.0
1602351490127,0,0.0,0.0,slice_mixed,rome_slow_close,tr0,exp1,bs3,data/colosseum-oran-commag-dataset/slice_mixed/rome_slow_close/tr0/exp1/bs3/bs3.csv,0.0
1602351490377,0,0.0,0.0,slice_mixed,rome_slow_close,tr0,exp1,bs3,data/colosseum-oran-commag-dataset/slice_mixed/rome_slow_close/tr0/exp1/bs3/bs3.csv,0.0
1602351490627,0,0.0,0.0,slice_mixed,rome_slow_close,tr0,exp1,bs3,data/colosseum-oran-commag-dataset/slice_mixed/rome_slow_close/tr0/exp1/bs3/bs3.csv,0.0
1602351490877,0,0.0,0.0,slice_mixed,rome_slow_close,tr0,exp1,bs3,data/colosseum-oran-commag-dataset/slice_mixed/rome_slow_close/tr0/exp1/bs3/bs3.csv,0.0
1602351491127,0,0.0,0.0,slice_mixed,rome_slow_close,tr0,exp1,bs3,data/colosseum-oran-commag-dataset/slice_mixed/rome_slow_close/tr0/exp1/bs3/bs3.csv,0.0
1602351491377,0,0.0,0.0,slice_mixed,rome_slow_close,tr0,exp1,bs3,data/colosseum-oran-commag-dataset/slice_mixed/rome_slow_close/tr0/exp1/bs3/bs3.csv,0.0
1602351491627,0,0.0,0.0,slice_mixed,rome_slow_close,tr0,exp1,bs3,data/colosseum-oran-commag-dataset/slice_mixed/rome_slow_close/tr0/exp1/bs3/bs3.csv,0.0
1602351491877,0,0.0,0.0,slice_mixed,rome_slow_close,tr0,exp1,bs3,data/colosseum-oran-commag-dataset/slice_mixed/rome_slow_close/tr0/exp1/bs3/bs3.csv,0.0
1602351492127,0,0.0,0.0,slice_mixed,rome_slow_close,tr0,exp1,bs3,data/colosseum-oran-commag-dataset/slice_mixed/rome_slow_close/tr0/exp1/bs3/bs3.csv,0.0
1602351492377,0,0.0,0.0,slice_mixed,rome_slow_close,tr0,exp1,bs3,data/colosseum-oran-commag-dataset/slice_mixed/rome_slow_close/tr0/exp1/bs3/bs3.csv,0.0
1602351492627,0,0.0,0.0,slice_mixed,rome_slow_close,tr0,exp1,bs3,data/colosseum-oran-commag-dataset/slice_mixed/rome_slow_close/tr0/exp1/bs3/bs3.csv,0.0
1602351492877,0,0.0,0.0,slice_mixed,rome_slow_close,tr0,exp1,bs3,data/colosseum-oran-commag-dataset/slice_mixed/rome_slow_close/tr0/exp1/bs3/bs3.csv,0.0
1602351493127,0,0.0,0.0,slice_mixed,rome_slow_close,tr0,exp1,bs3,data/colosseum-oran-commag-dataset/slice_mixed/rome_slow_close/tr0/exp1/bs3/bs3.csv,0.0
1602351493377,0,0.0,0.0,slice_mixed,rome_slow_close,tr0,exp1,bs3,data/colosseum-oran-commag-dataset/slice_mixed/rome_slow_close/tr0/exp1/bs3/bs3.csv,0.0
1602351493627,0,0.0,0.0,slice_mixed,rome_slow_close,tr0,exp1,bs3,data/colosseum-oran-commag-dataset/slice_mixed/rome_slow_close/tr0/exp1/bs3/bs3.csv,0.0
1602351493877,0,0.0,0.0,slice_mixed,rome_slow_close,tr0,exp1,bs3,data/colosseum-oran-commag-dataset/slice_mixed/rome_slow_close/tr0/exp1/bs3/bs3.csv,0.0
1602351494127,0,0.0,0.0,slice_mixed,rome_slow_close,tr0,exp1,bs3,data/colosseum-oran-commag-dataset/slice_mixed/rome_slow_close/tr0/exp1/bs3/bs3.csv,0.0
1602351494377,0,0.0,0.0,slice_mixed,rome_slow_close,tr0,exp1,bs3,data/colosseum-oran-commag-dataset/slice_mixed/rome_slow_close/tr0/exp1/bs3/bs3.csv,0.0
1602351494627,0,0.0,0.0,slice_mixed,rome_slow_close,tr0,exp1,bs3,data/colosseum-oran-commag-dataset/slice_mixed/rome_slow_close/tr0/exp1/bs3/bs3.csv,0.0
1602351494877,0,0.0,0.0,slice_mixed,rome_slow_close,tr0,exp1,bs3,data/colosseum-oran-commag-dataset/slice_mixed/rome_slow_close/tr0/exp1/bs3/bs3.csv,0.0
1602351495127,0,0.0,0.0,slice_mixed,rome_slow_close,tr0,exp1,bs3,data/colosseum-oran-commag-dataset/slice_mixed/rome_slow_close/tr0/exp1/bs3/bs3.csv,0.0
1602351495377,0,0.0,0.0,slice_mixed,rome_slow_close,tr0,exp1,bs3,data/colosseum-oran-commag-dataset/slice_mixed/rome_slow_close/tr0/exp1/bs3/bs3.csv,0.0
1602351495627,0,0.0,0.0,slice_mixed,rome_slow_close,tr0,exp1,bs3,data/colosseum-oran-commag-dataset/slice_mixed/rome_slow_close/tr0/exp1/bs3/bs3.csv,0.0
1602351495877,0,0.0,0.0,slice_mixed,rome_slow_close,tr0,exp1,bs3,data/colosseum-oran-commag-dataset/slice_mixed/rome_slow_close/tr0/exp1/bs3/bs3.csv,0.0
1602351496127,0,0.0,0.0,slice_mixed,rome_slow_close,tr0,exp1,bs3,data/colosseum-oran-commag-dataset/slice_mixed/rome_slow_close/tr0/exp1/bs3/bs3.csv,0.0
1602351496377,0,0.0,0.0,slice_mixed,rome_slow_close,tr0,exp1,bs3,data/colosseum-oran-commag-dataset/slice_mixed/rome_slow_close/tr0/exp1/bs3/bs3.csv,0.0
1602351496627,0,0.0,0.0,slice_mixed,rome_slow_close,tr0,exp1,bs3,data/colosseum-oran-commag-dataset/slice_mixed/rome_slow_close/tr0/exp1/bs3/bs3.csv,0.0
1602351496877,0,0.0,0.0,slice_mixed,rome_slow_close,tr0,exp1,bs3,data/colosseum-oran-commag-dataset/slice_mixed/rome_slow_close/tr0/exp1/bs3/bs3.csv,0.0
1602351497127,0,0.0,0.0,slice_mixed,rome_slow_close,tr0,exp1,bs3,data/colosseum-oran-commag-dataset/slice_mixed/rome_slow_close/tr0/exp1/bs3/bs3.csv,0.0
1602351497377,0,0.0,0.0,slice_mixed,rome_slow_close,tr0,exp1,bs3,data/colosseum-oran-commag-dataset/slice_mixed/rome_slow_close/tr0/exp1/bs3/bs3.csv,0.0
1602351497627,0,0.0,0.0,slice_mixed,rome_slow_close,tr0,exp1,bs3,data/colosseum-oran-commag-dataset/slice_mixed/rome_slow_close/tr0/exp1/bs3/bs3.csv,0.0
1602351497877,0,0.0,0.0,slice_mixed,rome_slow_close,tr0,exp1,bs3,data/colosseum-oran-commag-dataset/slice_mixed/rome_slow_close/tr0/exp1/bs3/bs3.csv,0.0
1602351498127,0,0.0,0.0,slice_mixed,rome_slow_close,tr0,exp1,bs3,data/colosseum-oran-commag-dataset/slice_mixed/rome_slow_close/tr0/exp1/bs3/bs3.csv,0.0
1602351498377,0,0.0,0.0,slice_mixed,rome_slow_close,tr0,exp1,bs3,data/colosseum-oran-commag-dataset/slice_mixed/rome_slow_close/tr0/exp1/bs3/bs3.csv,0.0
1602351498627,0,0.0,0.0,slice_mixed,rome_slow_close,tr0,exp1,bs3,data/colosseum-oran-commag-dataset/slice_mixed/rome_slow_close/tr0/exp1/bs3/bs3.csv,0.0
1602351498877,0,0.0,0.0,slice_mixed,rome_slow_close,tr0,exp1,bs3,data/colosseum-oran-commag-dataset/slice_mixed/rome_slow_close/tr0/exp1/bs3/bs3.csv,0.0
1602351499127,0,0.0,0.0,slice_mixed,rome_slow_close,tr0,exp1,bs3,data/colosseum-oran-commag-dataset/slice_mixed/rome_slow_close/tr0/exp1/bs3/bs3.csv,0.0
1602351499377,0,0.0,0.0,slice_mixed,rome_slow_close,tr0,exp1,bs3,data/colosseum-oran-commag-dataset/slice_mixed/rome_slow_close/tr0/exp1/bs3/bs3.csv,0.0
1602351499627,0,0.0,0.0,slice_mixed,rome_slow_close,tr0,exp1,bs3,data/colosseum-oran-commag-dataset/slice_mixed/rome_slow_close/tr0/exp1/bs3/bs3.csv,0.0
1602351499877,0,0.0,0.0,slice_mixed,rome_slow_close,tr0,exp1,bs3,data/colosseum-oran-commag-dataset/slice_mixed/rome_slow_close/tr0/exp1/bs3/bs3.csv,0.0
1602351500127,0,0.0,0.0,slice_mixed,rome_slow_close,tr0,exp1,bs3,data/colosseum-oran-commag-dataset/slice_mixed/rome_slow_close/tr0/exp1/bs3/bs3.csv,0.0
1602351500377,0,0.0,0.0,slice_mixed,rome_slow_close,tr0,exp1,bs3,data/colosseum-oran-commag-dataset/slice_mixed/rome_slow_close/tr0/exp1/bs3/bs3.csv,0.0
1602351500627,0,0.0,0.0,slice_mixed,rome_slow_close,tr0,exp1,bs3,data/colosseum-oran-commag-dataset/slice_mixed/rome_slow_close/tr0/exp1/bs3/bs3.csv,0.0
1602351500877,0,0.0,0.0,slice_mixed,rome_slow_close,tr0,exp1,bs3,data/colosseum-oran-commag-dataset/slice_mixed/rome_slow_close/tr0/exp1/bs3/bs3.csv,0.0
1602351501127,0,0.0,0.0,slice_mixed,rome_slow_close,tr0,exp1,bs3,data/colosseum-oran-commag-dataset/slice_mixed/rome_slow_close/tr0/exp1/bs3/bs3.csv,0.0
1602351501377,0,0.0,0.0,slice_mixed,rome_slow_close,tr0,exp1,bs3,data/colosseum-oran-commag-dataset/slice_mixed/rome_slow_close/tr0/exp1/bs3/bs3.csv,0.0
1602351501627,0,0.0,0.0,slice_mixed,rome_slow_close,tr0,exp1,bs3,data/colosseum-oran-commag-dataset/slice_mixed/rome_slow_close/tr0/exp1/bs3/bs3.csv,0.0
1602351501877,0,0.0,0.0,slice_mixed,rome_slow_close,tr0,exp1,bs3,data/colosseum-oran-commag-dataset/slice_mixed/rome_slow_close/tr0/exp1/bs3/bs3.csv,0.0
1602351502127,0,0.0,0.0,slice_mixed,rome_slow_close,tr0,exp1,bs3,data/colosseum-oran-commag-dataset/slice_mixed/rome_slow_close/tr0/exp1/bs3/bs3.csv,0.0
1602351502377,0,0.0,0.0,slice_mixed,rome_slow_close,tr0,exp1,bs3,data/colosseum-oran-commag-dataset/slice_mixed/rome_slow_close/tr0/exp1/bs3/bs3.csv,0.0
1602351502627,0,0.0,0.0,slice_mixed,rome_slow_close,tr0,exp1,bs3,data/colosseum-oran-commag-dataset/slice_mixed/rome_slow_close/tr0/exp1/bs3/bs3.csv,0.0
1602351502877,0,0.0,0.0,slice_mixed,rome_slow_close,tr0,exp1,bs3,data/colosseum-oran-commag-dataset/slice_mixed/rome_slow_close/tr0/exp1/bs3/bs3.csv,0.0
1602351503127,0,0.0,0.0,slice_mixed,rome_slow_close,tr0,exp1,bs3,data/colosseum-oran-commag-dataset/slice_mixed/rome_slow_close/tr0/exp1/bs3/bs3.csv,0.0
1602351503378,1,5818.181641,1272.727295,slice_mixed,rome_slow_close,tr0,exp1,bs3,data/colosseum-oran-commag-dataset/slice_mixed/rome_slow_close/tr0/exp1/bs3/bs3.csv,7090.908936
1602351503628,5,3849.624023,842.0,slice_mixed,rome_slow_close,tr0,exp1,bs3,data/colosseum-oran-commag-dataset/slice_mixed/rome_slow_close/tr0/exp1/bs3/bs3.csv,4691.624023
1602351503878,8,16411.371094,69497.140625,slice_mixed,rome_slow_close,tr0,exp1,bs3,data/colosseum-oran-commag-dataset/slice_mixed/rome_slow_close/tr0/exp1/bs3/bs3.csv,85908.511719
1602351504128,10,9792.0,158816.0,slice_mixed,rome_slow_close,tr0,exp1,bs3,data/colosseum-oran-commag-dataset/slice_mixed/rome_slow_close/tr0/exp1/bs3/bs3.csv,168608.0
1602351504378,11,52234.710938,397808.34375,slice_mixed,rome_slow_close,tr0,exp1,bs3,data/colosseum-oran-commag-dataset/slice_mixed/rome_slow_close/tr0/exp1/bs3/bs3.csv,450043.054688
1602351504628,10,100256.0,281600.0,slice_mixed,rome_slow_close,tr0,exp1,bs3,data/colosseum-oran-commag-dataset/slice_mixed/rome_slow_close/tr0/exp1/bs3/bs3.csv,381856.0
1602351504878,10,622656.0,422592.0,slice_mixed,rome_slow_close,tr0,exp1,bs3,data/colosseum-oran-commag-dataset/slice_mixed/rome_slow_close/tr0/exp1/bs3/bs3.csv,1045248.0
1602351505128,10,576224.0,332928.0,slice_mixed,rome_slow_close,tr0,exp1,bs3,data/colosseum-oran-commag-dataset/slice_mixed/rome_slow_close/tr0/exp1/bs3/bs3.csv,909152.0
1602351505378,10,864832.0,293728.0,slice_mixed,rome_slow_close,tr0,exp1,bs3,data/colosseum-oran-commag-dataset/slice_mixed/rome_slow_close/tr0/exp1/bs3/bs3.csv,1158560.0
1602351505628,10,637792.0,166336.0,slice_mixed,rome_slow_close,tr0,exp1,bs3,data/colosseum-oran-commag-dataset/slice_mixed/rome_slow_close/tr0/exp1/bs3/bs3.csv,804128.0
1602351505878,10,242784.0,96704.0,slice_mixed,rome_slow_close,tr0,exp1,bs3,data/colosseum-oran-commag-dataset/slice_mixed/rome_slow_close/tr0/exp1/bs3/bs3.csv,339488.0
1602351506128,10,127872.0,27936.0,slice_mixed,rome_slow_close,tr0,exp1,bs3,data/colosseum-oran-commag-dataset/slice_mixed/rome_slow_close/tr0/exp1/bs3/bs3.csv,155808.0
1602351506378,10,98720.0,18368.0,slice_mixed,rome_slow_close,tr0,exp1,bs3,data/colosseum-oran-commag-dataset/slice_mixed/rome_slow_close/tr0/exp1/bs3/bs3.csv,117088.0
1602351506628,10,119808.0,34592.0,slice_mixed,rome_slow_close,tr0,exp1,bs3,data/colosseum-oran-commag-dataset/slice_mixed/rome_slow_close/tr0/exp1/bs3/bs3.csv,154400.0
1602351506878,10,142400.0,144000.0,slice_mixed,rome_slow_close,tr0,exp1,bs3,data/colosseum-oran-commag-dataset/slice_mixed/rome_slow_close/tr0/exp1/bs3/bs3.csv,286400.0
1602351507128,10,86080.0,39200.0,slice_mixed,rome_slow_close,tr0,exp1,bs3,data/colosseum-oran-commag-dataset/slice_mixed/rome_slow_close/tr0/exp1/bs3/bs3.csv,125280.0
1602351507378,10,160128.0,67296.0,slice_mixed,rome_slow_close,tr0,exp1,bs3,data/colosseum-oran-commag-dataset/slice_mixed/rome_slow_close/tr0/exp1/bs3/bs3.csv,227424.0
1602351507628,10,171648.0,0.0,slice_mixed,rome_slow_close,tr0,exp1,bs3,data/colosseum-oran-commag-dataset/slice_mixed/rome_slow_close/tr0/exp1/bs3/bs3.csv,171648.0
1602351507878,10,182784.0,75136.0,slice_mixed,rome_slow_close,tr0,exp1,bs3,data/colosseum-oran-commag-dataset/slice_mixed/rome_slow_close/tr0/exp1/bs3/bs3.csv,257920.0
1602351508128,11,130304.0,0.0,slice_mixed,rome_slow_close,tr0,exp1,bs3,data/colosseum-oran-commag-dataset/slice_mixed/rome_slow_close/tr0/exp1/bs3/bs3.csv,130304.0
1602351508378,11,214912.0,43904.0,slice_mixed,rome_slow_close,tr0,exp1,bs3,data/colosseum-oran-commag-dataset/slice_mixed/rome_slow_close/tr0/exp1/bs3/bs3.csv,258816.0
1602351508628,10,130400.0,0.0,slice_mixed,rome_slow_close,tr0,exp1,bs3,data/colosseum-oran-commag-dataset/slice_mixed/rome_slow_close/tr0/exp1/bs3/bs3.csv,130400.0
1602351508878,10,181632.0,33376.0,slice_mixed,rome_slow_close,tr0,exp1,bs3,data/colosseum-oran-commag-dataset/slice_mixed/rome_slow_close/tr0/exp1/bs3/bs3.csv,215008.0
1602351509128,10,199744.0,87104.0,slice_mixed,rome_slow_close,tr0,exp1,bs3,data/colosseum-oran-commag-dataset/slice_mixed/rome_slow_close/tr0/exp1/bs3/bs3.csv,286848.0
1602351509378,10,217408.0,72096.0,slice_mixed,rome_slow_close,tr0,exp1,bs3,data/colosseum-oran-commag-dataset/slice_mixed/rome_slow_close/tr0/exp1/bs3/bs3.csv,289504.0
1602351509628,10,139520.0,0.0,slice_mixed,rome_slow_close,tr0,exp1,bs3,data/colosseum-oran-commag-dataset/slice_mixed/rome_slow_close/tr0/exp1/bs3/bs3.csv,139520.0
1602351509878,10,147008.0,301856.0,slice_mixed,rome_slow_close,tr0,exp1,bs3,data/colosseum-oran-commag-dataset/slice_mixed/rome_slow_close/tr0/exp1/bs3/bs3.csv,448864.0
1602351510128,10,143008.0,14208.0,slice_mixed,rome_slow_close,tr0,exp1,bs3,data/colosseum-oran-commag-dataset/slice_mixed/rome_slow_close/tr0/exp1/bs3/bs3.csv,157216.0
1602351510378,10,162496.0,47776.0,slice_mixed,rome_slow_close,tr0,exp1,bs3,data/colosseum-oran-commag-dataset/slice_mixed/rome_slow_close/tr0/exp1/bs3/bs3.csv,210272.0
1602351510628,10,98496.0,0.0,slice_mixed,rome_slow_close,tr0,exp1,bs3,data/colosseum-oran-commag-dataset/slice_mixed/rome_slow_close/tr0/exp1/bs3/bs3.csv,98496.0
1602351510878,10,239392.0,61120.0,slice_mixed,rome_slow_close,tr0,exp1,bs3,data/colosseum-oran-commag-dataset/slice_mixed/rome_slow_close/tr0/exp1/bs3/bs3.csv,300512.0
1602351511128,10,216481.921875,33767.066406,slice_mixed,rome_slow_close,tr0,exp1,bs3,data/colosseum-oran-commag-dataset/slice_mixed/rome_slow_close/tr0/exp1/bs3/bs3.csv,250248.988281
1602351511378,10,154804.78125,61641.433594,slice_mixed,rome_slow_close,tr0,exp1,bs3,data/colosseum-oran-commag-dataset/slice_mixed/rome_slow_close/tr0/exp1/bs3/bs3.csv,216446.214844
1602351511628,10,128800.0,0.0,slice_mixed,rome_slow_close,tr0,exp1,bs3,data/colosseum-oran-commag-dataset/slice_mixed/rome_slow_close/tr0/exp1/bs3/bs3.csv,128800.0
1602351511878,10,99936.0,56512.0,slice_mixed,rome_slow_close,tr0,exp1,bs3,data/colosseum-oran-commag-dataset/slice_mixed/rome_slow_close/tr0/exp1/bs3/bs3.csv,156448.0
1602351512128,10,230112.0,19136.0,slice_mixed,rome_slow_close,tr0,exp1,bs3,data/colosseum-oran-commag-dataset/slice_mixed/rome_slow_close/tr0/exp1/bs3/bs3.csv,249248.0
1602351512378,10,134304.0,184192.0,slice_mixed,rome_slow_close,tr0,exp1,bs3,data/colosseum-oran-commag-dataset/slice_mixed/rome_slow_close/tr0/exp1/bs3/bs3.csv,318496.0
1602351512628,10,185984.0,0.0,slice_mixed,rome_slow_close,tr0,exp1,bs3,data/colosseum-oran-commag-dataset/slice_mixed/rome_slow_close/tr0/exp1/bs3/bs3.csv,185984.0
1602351512878,10,190112.0,53984.0,slice_mixed,rome_slow_close,tr0,exp1,bs3,data/colosseum-oran-commag-dataset/slice_mixed/rome_slow_close/tr0/exp1/bs3/bs3.csv,244096.0
1602351513128,10,202272.0,14208.0,slice_mixed,rome_slow_close,tr0,exp1,bs3,data/colosseum-oran-commag-dataset/slice_mixed/rome_slow_close/tr0/exp1/bs3/bs3.csv,216480.0
1602351513378,10,46048.0,24000.0,slice_mixed,rome_slow_close,tr0,exp1,bs3,data/colosseum-oran-commag-dataset/slice_mixed/rome_slow_close/tr0/exp1/bs3/bs3.csv,70048.0
1602351513628,10,101088.0,13632.0,slice_mixed,rome_slow_close,tr0,exp1,bs3,data/colosseum-oran-commag-dataset/slice_mixed/rome_slow_close/tr0/exp1/bs3/bs3.csv,114720.0
1602351513878,10,68480.0,31552.0,slice_mixed,rome_slow_close,tr0,exp1,bs3,data/colosseum-oran-commag-dataset/slice_mixed/rome_slow_close/tr0/exp1/bs3/bs3.csv,100032.0
1602351514128,10,108320.0,30048.0,slice_mixed,rome_slow_close,tr0,exp1,bs3,data/colosseum-oran-commag-dataset/slice_mixed/rome_slow_close/tr0/exp1/bs3/bs3.csv,138368.0
1602351514378,10,241728.0,66272.0,slice_mixed,rome_slow_close,tr0,exp1,bs3,data/colosseum-oran-commag-dataset/slice_mixed/rome_slow_close/tr0/exp1/bs3/bs3.csv,308000.0
1602351514628,10,115712.0,0.0,slice_mixed,rome_slow_close,tr0,exp1,bs3,data/colosseum-oran-commag-dataset/slice_mixed/rome_slow_close/tr0/exp1/bs3/bs3.csv,115712.0
1602351514878,10,143072.0,14400.0,slice_mixed,rome_slow_close,tr0,exp1,bs3,data/colosseum-oran-commag-dataset/slice_mixed/rome_slow_close/tr0/exp1/bs3/bs3.csv,157472.0
1602351515128,10,141056.0,98688.0,slice_mixed,rome_slow_close,tr0,exp1,bs3,data/colosseum-oran-commag-dataset/slice_mixed/rome_slow_close/tr0/exp1/bs3/bs3.csv,239744.0
1602351515378,10,96000.0,41088.0,slice_mixed,rome_slow_close,tr0,exp1,bs3,data/colosseum-oran-commag-dataset/slice_mixed/rome_slow_close/tr0/exp1/bs3/bs3.csv,137088.0
1602351515628,10,150464.0,0.0,slice_mixed,rome_slow_close,tr0,exp1,bs3,data/colosseum-oran-commag-dataset/slice_mixed/rome_slow_close/tr0/exp1/bs3/bs3.csv,150464.0
1602351515878,10,84160.0,23104.0,slice_mixed,rome_slow_close,tr0,exp1,bs3,data/colosseum-oran-commag-dataset/slice_mixed/rome_slow_close/tr0/exp1/bs3/bs3.csv,107264.0
1602351516128,10,115904.0,46048.0,slice_mixed,rome_slow_close,tr0,exp1,bs3,data/colosseum-oran-commag-dataset/slice_mixed/rome_slow_close/tr0/exp1/bs3/bs3.csv,161952.0
1602351516378,10,157120.0,70400.0,slice_mixed,rome_slow_close,tr0,exp1,bs3,data/colosseum-oran-commag-dataset/slice_mixed/rome_slow_close/tr0/exp1/bs3/bs3.csv,227520.0
1602351516628,10,142400.0,0.0,slice_mixed,rome_slow_close,tr0,exp1,bs3,data/colosseum-oran-commag-dataset/slice_mixed/rome_slow_close/tr0/exp1/bs3/bs3.csv,142400.0
1602351516878,10,125312.0,88128.0,slice_mixed,rome_slow_close,tr0,exp1,bs3,data/colosseum-oran-commag-dataset/slice_mixed/rome_slow_close/tr0/exp1/bs3/bs3.csv,213440.0
1602351517128,10,189440.0,0.0,slice_mixed,rome_slow_close,tr0,exp1,bs3,data/colosseum-oran-commag-dataset/slice_mixed/rome_slow_close/tr0/exp1/bs3/bs3.csv,189440.0
1602351517378,10,154656.0,53984.0,slice_mixed,rome_slow_close,tr0,exp1,bs3,data/colosseum-oran-commag-dataset/slice_mixed/rome_slow_close/tr0/exp1/bs3/bs3.csv,208640.0
1602351517628,10,99168.0,0.0,slice_mixed,rome_slow_close,tr0,exp1,bs3,data/colosseum-oran-commag-dataset/slice_mixed/rome_slow_close/tr0/exp1/bs3/bs3.csv,99168.0
1602351517878,10,106688.0,14400.0,slice_mixed,rome_slow_close,tr0,exp1,bs3,data/colosseum-oran-commag-dataset/slice_mixed/rome_slow_close/tr0/exp1/bs3/bs3.csv,121088.0
1602351518128,10,97760.0,55456.0,slice_mixed,rome_slow_close,tr0,exp1,bs3,data/colosseum-oran-commag-dataset/slice_mixed/rome_slow_close/tr0/exp1/bs3/bs3.csv,153216.0
1602351518378,10,146624.0,46976.0,slice_mixed,rome_slow_close,tr0,exp1,bs3,data/colosseum-oran-commag-dataset/slice_mixed/rome_slow_close/tr0/exp1/bs3/bs3.csv,193600.0
1602351518628,10,67936.0,0.0,slice_mixed,rome_slow_close,tr0,exp1,bs3,data/colosseum-oran-commag-dataset/slice_mixed/rome_slow_close/tr0/exp1/bs3/bs3.csv,67936.0
1602351518878,10,152736.0,45344.0,slice_mixed,rome_slow_close,tr0,exp1,bs3,data/colosseum-oran-commag-dataset/slice_mixed/rome_slow_close/tr0/exp1/bs3/bs3.csv,198080.0
1602351519128,10,214016.0,30080.0,slice_mixed,rome_slow_close,tr0,exp1,bs3,data/colosseum-oran-commag-dataset/slice_mixed/rome_slow_close/tr0/exp1/bs3/bs3.csv,244096.0
1602351519378,10,117856.0,46144.0,slice_mixed,rome_slow_close,tr0,exp1,bs3,data/colosseum-oran-commag-dataset/slice_mixed/rome_slow_close/tr0/exp1/bs3/bs3.csv,164000.0
1602351519628,10,225952.0,0.0,slice_mixed,rome_slow_close,tr0,exp1,bs3,data/colosseum-oran-commag-dataset/slice_mixed/rome_slow_close/tr0/exp1/bs3/bs3.csv,225952.0
1602351519878,10,118080.0,79776.0,slice_mixed,rome_slow_close,tr0,exp1,bs3,data/colosseum-oran-commag-dataset/slice_mixed/rome_slow_close/tr0/exp1/bs3/bs3.csv,197856.0
1602351520128,10,199424.0,30080.0,slice_mixed,rome_slow_close,tr0,exp1,bs3,data/colosseum-oran-commag-dataset/slice_mixed/rome_slow_close/tr0/exp1/bs3/bs3.csv,229504.0
1602351520378,10,85024.0,23488.0,slice_mixed,rome_slow_close,tr0,exp1,bs3,data/colosseum-oran-commag-dataset/slice_mixed/rome_slow_close/tr0/exp1/bs3/bs3.csv,108512.0
1602351520628,10,102432.0,34432.0,slice_mixed,rome_slow_close,tr0,exp1,bs3,data/colosseum-oran-commag-dataset/slice_mixed/rome_slow_close/tr0/exp1/bs3/bs3.csv,136864.0
1602351520878,10,112320.0,86944.0,slice_mixed,rome_slow_close,tr0,exp1,bs3,data/colosseum-oran-commag-dataset/slice_mixed/rome_slow_close/tr0/exp1/bs3/bs3.csv,199264.0
1602351521128,10,185056.0,14208.0,slice_mixed,rome_slow_close,tr0,exp1,bs3,data/colosseum-oran-commag-dataset/slice_mixed/rome_slow_close/tr0/exp1/bs3/bs3.csv,199264.0
1602351521378,10,163104.0,46976.0,slice_mixed,rome_slow_close,tr0,exp1,bs3,data/colosseum-oran-commag-dataset/slice_mixed/rome_slow_close/tr0/exp1/bs3/bs3.csv,210080.0
1602351521628,10,174784.0,0.0,slice_mixed,rome_slow_close,tr0,exp1,bs3,data/colosseum-oran-commag-dataset/slice_mixed/rome_slow_close/tr0/exp1/bs3/bs3.csv,174784.0
1602351521878,10,130432.0,41760.0,slice_mixed,rome_slow_close,tr0,exp1,bs3,data/colosseum-oran-commag-dataset/slice_mixed/rome_slow_close/tr0/exp1/bs3/bs3.csv,172192.0
1602351522128,10,140704.0,54848.0,slice_mixed,rome_slow_close,tr0,exp1,bs3,data/colosseum-oran-commag-dataset/slice_mixed/rome_slow_close/tr0/exp1/bs3/bs3.csv,195552.0
1602351522378,10,179328.0,47744.0,slice_mixed,rome_slow_close,tr0,exp1,bs3,data/colosseum-oran-commag-dataset/slice_mixed/rome_slow_close/tr0/exp1/bs3/bs3.csv,227072.0
1602351522628,10,101760.0,0.0,slice_mixed,rome_slow_close,tr0,exp1,bs3,data/colosseum-oran-commag-dataset/slice_mixed/rome_slow_close/tr0/exp1/bs3/bs3.csv,101760.0
1602351522878,10,172096.0,65216.0,slice_mixed,rome_slow_close,tr0,exp1,bs3,data/colosseum-oran-commag-dataset/slice_mixed/rome_slow_close/tr0/exp1/bs3/bs3.csv,237312.0
1602351523128,10,97568.0,13184.0,slice_mixed,rome_slow_close,tr0,exp1,bs3,data/colosseum-oran-commag-dataset/slice_mixed/rome_slow_close/tr0/exp1/bs3/bs3.csv,110752.0
1602351523378,10,103776.0,40832.0,slice_mixed,rome_slow_close,tr0,exp1,bs3,data/colosseum-oran-commag-dataset/slice_mixed/rome_slow_close/tr0/exp1/bs3/bs3.csv,144608.0
1602351523628,10,139680.0,0.0,slice_mixed,rome_slow_close,tr0,exp1,bs3,data/colosseum-oran-commag-dataset/slice_mixed/rome_slow_close/tr0/exp1/bs3/bs3.csv,139680.0
1602351523878,10,118560.0,22240.0,slice_mixed,rome_slow_close,tr0,exp1,bs3,data/colosseum-oran-commag-dataset/slice_mixed/rome_slow_close/tr0/exp1/bs3/bs3.csv,140800.0
1602351524128,10,162848.0,76480.0,slice_mixed,rome_slow_close,tr0,exp1,bs3,data/colosseum-oran-commag-dataset/slice_mixed/rome_slow_close/tr0/exp1/bs3/bs3.csv,239328.0
1602351524378,10,138144.0,39296.0,slice_mixed,rome_slow_close,tr0,exp1,bs3,data/colosseum-oran-commag-dataset/slice_mixed/rome_slow_close/tr0/exp1/bs3/bs3.csv,177440.0
1602351524628,10,153472.0,0.0,slice_mixed,rome_slow_close,tr0,exp1,bs3,data/colosseum-oran-commag-dataset/slice_mixed/rome_slow_close/tr0/exp1/bs3/bs3.csv,153472.0
1602351524878,10,214560.0,88992.0,slice_mixed,rome_slow_close,tr0,exp1,bs3,data/colosseum-oran-commag-dataset/slice_mixed/rome_slow_close/tr0/exp1/bs3/bs3.csv,303552.0
1602351525128,10,104928.0,0.0,slice_mixed,rome_slow_close,tr0,exp1,bs3,data/colosseum-oran-commag-dataset/slice_mixed/rome_slow_close/tr0/exp1/bs3/bs3.csv,104928.0
1602351525378,10,85728.0,41312.0,slice_mixed,rome_slow_close,tr0,exp1,bs3,data/colosseum-oran-commag-dataset/slice_mixed/rome_slow_close/tr0/exp1/bs3/bs3.csv,127040.0
1602351525628,10,102720.0,15808.0,slice_mixed,rome_slow_close,tr0,exp1,bs3,data/colosseum-oran-commag-dataset/slice_mixed/rome_slow_close/tr0/exp1/bs3/bs3.csv,118528.0
1602351525878,10,56608.0,14144.0,slice_mixed,rome_slow_close,tr0,exp1,bs3,data/colosseum-oran-commag-dataset/slice_mixed/rome_slow_close/tr0/exp1/bs3/bs3.csv,70752.0
1602351526128,10,110240.0,32864.0,slice_mixed,rome_slow_close,tr0,exp1,bs3,data/colosseum-oran-commag-dataset/slice_mixed/rome_slow_close/tr0/exp1/bs3/bs3.csv,143104.0
1602351526378,10,156480.0,73280.0,slice_mixed,rome_slow_close,tr0,exp1,bs3,data/colosseum-oran-commag-dataset/slice_mixed/rome_slow_close/tr0/exp1/bs3/bs3.csv,229760.0
1602351526628,10,158816.0,0.0,slice_mixed,rome_slow_close,tr0,exp1,bs3,data/colosseum-oran-commag-dataset/slice_mixed/rome_slow_close/tr0/exp1/bs3/bs3.csv,158816.0
1602351526878,10,142944.0,25824.0,slice_mixed,rome_slow_close,tr0,exp1,bs3,data/colosseum-oran-commag-dataset/slice_mixed/rome_slow_close/tr0/exp1/bs3/bs3.csv,168768.0
1602351527128,10,94368.0,93824.0,slice_mixed,rome_slow_close,tr0,exp1,bs3,data/colosseum-oran-commag-dataset/slice_mixed/rome_slow_close/tr0/exp1/bs3/bs3.csv,188192.0
1602351527378,10,96896.0,62464.0,slice_mixed,rome_slow_close,tr0,exp1,bs3,data/colosseum-oran-commag-dataset/slice_mixed/rome_slow_close/tr0/exp1/bs3/bs3.csv,159360.0
1602351527628,10,156960.0,0.0,slice_mixed,rome_slow_close,tr0,exp1,bs3,data/colosseum-oran-commag-dataset/slice_mixed/rome_slow_close/tr0/exp1/bs3/bs3.csv,156960.0
1602351527878,10,76032.0,18400.0,slice_mixed,rome_slow_close,tr0,exp1,bs3,data/colosseum-oran-commag-dataset/slice_mixed/rome_slow_close/tr0/exp1/bs3/bs3.csv,94432.0
1602351528128,10,90112.0,48544.0,slice_mixed,rome_slow_close,tr0,exp1,bs3,data/colosseum-oran-commag-dataset/slice_mixed/rome_slow_close/tr0/exp1/bs3/bs3.csv,138656.0
1602351528378,10,178816.0,65216.0,slice_mixed,rome_slow_close,tr0,exp1,bs3,data/colosseum-oran-commag-dataset/slice_mixed/rome_slow_close/tr0/exp1/bs3/bs3.csv,244032.0
1602351528628,10,127040.0,0.0,slice_mixed,rome_slow_close,tr0,exp1,bs3,data/colosseum-oran-commag-dataset/slice_mixed/rome_slow_close/tr0/exp1/bs3/bs3.csv,127040.0
1602351528878,10,108512.0,22880.0,slice_mixed,rome_slow_close,tr0,exp1,bs3,data/colosseum-oran-commag-dataset/slice_mixed/rome_slow_close/tr0/exp1/bs3/bs3.csv,131392.0
1602351529128,10,86720.0,0.0,slice_mixed,rome_slow_close,tr0,exp1,bs3,data/colosseum-oran-commag-dataset/slice_mixed/rome_slow_close/tr0/exp1/bs3/bs3.csv,86720.0
1602351529378,10,271904.0,139008.0,slice_mixed,rome_slow_close,tr0,exp1,bs3,data/colosseum-oran-commag-dataset/slice_mixed/rome_slow_close/tr0/exp1/bs3/bs3.csv,410912.0
1602351529628,10,80256.0,1568.0,slice_mixed,rome_slow_close,tr0,exp1,bs3,data/colosseum-oran-commag-dataset/slice_mixed/rome_slow_close/tr0/exp1/bs3/bs3.csv,81824.0
1602351529878,10,162080.0,82176.0,slice_mixed,rome_slow_close,tr0,exp1,bs3,data/colosseum-oran-commag-dataset/slice_mixed/rome_slow_close/tr0/exp1/bs3/bs3.csv,244256.0
1602351530128,10,84448.0,0.0,slice_mixed,rome_slow_close,tr0,exp1,bs3,data/colosseum-oran-commag-dataset/slice_mixed/rome_slow_close/tr0/exp1/bs3/bs3.csv,84448.0
1602351530378,10,230784.0,40320.0,slice_mixed,rome_slow_close,tr0,exp1,bs3,data/colosseum-oran-commag-dataset/slice_mixed/rome_slow_close/tr0/exp1/bs3/bs3.csv,271104.0
1602351530628,10,143168.0,0.0,slice_mixed,rome_slow_close,tr0,exp1,bs3,data/colosseum-oran-commag-dataset/slice_mixed/rome_slow_close/tr0/exp1/bs3/bs3.csv,143168.0
1602351530878,10,91008.0,23776.0,slice_mixed,rome_slow_close,tr0,exp1,bs3,data/colosseum-oran-commag-dataset/slice_mixed/rome_slow_close/tr0/exp1/bs3/bs3.csv,114784.0
1602351531128,10,97248.0,151520.0,slice_mixed,rome_slow_close,tr0,exp1,bs3,data/colosseum-oran-commag-dataset/slice_mixed/rome_slow_close/tr0/exp1/bs3/bs3.csv,248768.0
1602351531378,10,100128.0,46976.0,slice_mixed,rome_slow_close,tr0,exp1,bs3,data/colosseum-oran-commag-dataset/slice_mixed/rome_slow_close/tr0/exp1/bs3/bs3.csv,147104.0
1602351531628,10,157248.0,0.0,slice_mixed,rome_slow_close,tr0,exp1,bs3,data/colosseum-oran-commag-dataset/slice_mixed/rome_slow_close/tr0/exp1/bs3/bs3.csv,157248.0
1602351531878,10,98272.0,104096.0,slice_mixed,rome_slow_close,tr0,exp1,bs3,data/colosseum-oran-commag-dataset/slice_mixed/rome_slow_close/tr0/exp1/bs3/bs3.csv,202368.0
1602351532128,10,143584.0,0.0,slice_mixed,rome_slow_close,tr0,exp1,bs3,data/colosseum-oran-commag-dataset/slice_mixed/rome_slow_close/tr0/exp1/bs3/bs3.csv,143584.0
1602351532378,10,141280.0,46976.0,slice_mixed,rome_slow_close,tr0,exp1,bs3,data/colosseum-oran-commag-dataset/slice_mixed/rome_slow_close/tr0/exp1/bs3/bs3.csv,188256.0
1602351532628,10,119648.0,0.0,slice_mixed,rome_slow_close,tr0,exp1,bs3,data/colosseum-oran-commag-dataset/slice_mixed/rome_slow_close/tr0/exp1/bs3/bs3.csv,119648.0
1602351532878,10,116672.0,23264.0,slice_mixed,rome_slow_close,tr0,exp1,bs3,data/colosseum-oran-commag-dataset/slice_mixed/rome_slow_close/tr0/exp1/bs3/bs3.csv,139936.0
1602351533128,10,87232.0,36000.0,slice_mixed,rome_slow_close,tr0,exp1,bs3,data/colosseum-oran-commag-dataset/slice_mixed/rome_slow_close/tr0/exp1/bs3/bs3.csv,123232.0
1602351533378,10,108288.0,35584.0,slice_mixed,rome_slow_close,tr0,exp1,bs3,data/colosseum-oran-commag-dataset/slice_mixed/rome_slow_close/tr0/exp1/bs3/bs3.csv,143872.0
1602351533628,10,57312.0,0.0,slice_mixed,rome_slow_close,tr0,exp1,bs3,data/colosseum-oran-commag-dataset/slice_mixed/rome_slow_close/tr0/exp1/bs3/bs3.csv,57312.0
1602351533878,10,100704.0,142208.0,slice_mixed,rome_slow_close,tr0,exp1,bs3,data/colosseum-oran-commag-dataset/slice_mixed/rome_slow_close/tr0/exp1/bs3/bs3.csv,242912.0
1602351534128,10,163136.0,23488.0,slice_mixed,rome_slow_close,tr0,exp1,bs3,data/colosseum-oran-commag-dataset/slice_mixed/rome_slow_close/tr0/exp1/bs3/bs3.csv,186624.0
1602351534378,10,73760.0,53824.0,slice_mixed,rome_slow_close,tr0,exp1,bs3,data/colosseum-oran-commag-dataset/slice_mixed/rome_slow_close/tr0/exp1/bs3/bs3.csv,127584.0
1602351534628,10,196288.0,23584.0,slice_mixed,rome_slow_close,tr0,exp1,bs3,data/colosseum-oran-commag-dataset/slice_mixed/rome_slow_close/tr0/exp1/bs3/bs3.csv,219872.0
1602351534878,10,162592.0,52032.0,slice_mixed,rome_slow_close,tr0,exp1,bs3,data/colosseum-oran-commag-dataset/slice_mixed/rome_slow_close/tr0/exp1/bs3/bs3.csv,214624.0
1602351535128,10,188128.0,36928.0,slice_mixed,rome_slow_close,tr0,exp1,bs3,data/colosseum-oran-commag-dataset/slice_mixed/rome_slow_close/tr0/exp1/bs3/bs3.csv,225056.0
1602351535378,10,170496.0,46976.0,slice_mixed,rome_slow_close,tr0,exp1,bs3,data/colosseum-oran-commag-dataset/slice_mixed/rome_slow_close/tr0/exp1/bs3/bs3.csv,217472.0
1602351535628,10,161888.0,0.0,slice_mixed,rome_slow_close,tr0,exp1,bs3,data/colosseum-oran-commag-dataset/slice_mixed/rome_slow_close/tr0/exp1/bs3/bs3.csv,161888.0
1602351535878,10,76448.0,177344.0,slice_mixed,rome_slow_close,tr0,exp1,bs3,data/colosseum-oran-commag-dataset/slice_mixed/rome_slow_close/tr0/exp1/bs3/bs3.csv,253792.0
1602351536128,10,137927.703125,0.0,slice_mixed,rome_slow_close,tr0,exp1,bs3,data/colosseum-oran-commag-dataset/slice_mixed/rome_slow_close/tr0/exp1/bs3/bs3.csv,137927.703125
1602351536378,10,124653.382812,54310.757812,slice_mixed,rome_slow_close,tr0,exp1,bs3,data/colosseum-oran-commag-dataset/slice_mixed/rome_slow_close/tr0/exp1/bs3/bs3.csv,178964.140624
1602351536628,10,106112.0,41600.0,slice_mixed,rome_slow_close,tr0,exp1,bs3,data/colosseum-oran-commag-dataset/slice_mixed/rome_slow_close/tr0/exp1/bs3/bs3.csv,147712.0
1602351536878,10,119808.0,60384.0,slice_mixed,rome_slow_close,tr0,exp1,bs3,data/colosseum-oran-commag-dataset/slice_mixed/rome_slow_close/tr0/exp1/bs3/bs3.csv,180192.0
1602351537128,10,117728.0,105952.0,slice_mixed,rome_slow_close,tr0,exp1,bs3,data/colosseum-oran-commag-dataset/slice_mixed/rome_slow_close/tr0/exp1/bs3/bs3.csv,223680.0
1602351537378,10,140832.0,30976.0,slice_mixed,rome_slow_close,tr0,exp1,bs3,data/colosseum-oran-commag-dataset/slice_mixed/rome_slow_close/tr0/exp1/bs3/bs3.csv,171808.0
1602351537628,10,180064.0,0.0,slice_mixed,rome_slow_close,tr0,exp1,bs3,data/colosseum-oran-commag-dataset/slice_mixed/rome_slow_close/tr0/exp1/bs3/bs3.csv,180064.0
1602351537878,10,271008.0,54528.0,slice_mixed,rome_slow_close,tr0,exp1,bs3,data/colosseum-oran-commag-dataset/slice_mixed/rome_slow_close/tr0/exp1/bs3/bs3.csv,325536.0
1602351538128,10,63584.0,0.0,slice_mixed,rome_slow_close,tr0,exp1,bs3,data/colosseum-oran-commag-dataset/slice_mixed/rome_slow_close/tr0/exp1/bs3/bs3.csv,63584.0
1602351538378,10,108928.0,57216.0,slice_mixed,rome_slow_close,tr0,exp1,bs3,data/colosseum-oran-commag-dataset/slice_mixed/rome_slow_close/tr0/exp1/bs3/bs3.csv,166144.0
1602351538628,10,185248.0,0.0,slice_mixed,rome_slow_close,tr0,exp1,bs3,data/colosseum-oran-commag-dataset/slice_mixed/rome_slow_close/tr0/exp1/bs3/bs3.csv,185248.0
1602351538878,10,143008.0,65920.0,slice_mixed,rome_slow_close,tr0,exp1,bs3,data/colosseum-oran-commag-dataset/slice_mixed/rome_slow_close/tr0/exp1/bs3/bs3.csv,208928.0
1602351539128,10,142368.0,0.0,slice_mixed,rome_slow_close,tr0,exp1,bs3,data/colosseum-oran-commag-dataset/slice_mixed/rome_slow_close/tr0/exp1/bs3/bs3.csv,142368.0
1602351539378,10,101024.0,46976.0,slice_mixed,rome_slow_close,tr0,exp1,bs3,data/colosseum-oran-commag-dataset/slice_mixed/rome_slow_close/tr0/exp1/bs3/bs3.csv,148000.0
1602351539628,10,122624.0,55904.0,slice_mixed,rome_slow_close,tr0,exp1,bs3,data/colosseum-oran-commag-dataset/slice_mixed/rome_slow_close/tr0/exp1/bs3/bs3.csv,178528.0
1602351539878,10,288416.0,76128.0,slice_mixed,rome_slow_close,tr0,exp1,bs3,data/colosseum-oran-commag-dataset/slice_mixed/rome_slow_close/tr0/exp1/bs3/bs3.csv,364544.0
1602351540128,10,124960.0,18880.0,slice_mixed,rome_slow_close,tr0,exp1,bs3,data/colosseum-oran-commag-dataset/slice_mixed/rome_slow_close/tr0/exp1/bs3/bs3.csv,143840.0
1602351540378,10,122208.0,63552.0,slice_mixed,rome_slow_close,tr0,exp1,bs3,data/colosseum-oran-commag-dataset/slice_mixed/rome_slow_close/tr0/exp1/bs3/bs3.csv,185760.0
1602351540628,10,84704.0,13952.0,slice_mixed,rome_slow_close,tr0,exp1,bs3,data/colosseum-oran-commag-dataset/slice_mixed/rome_slow_close/tr0/exp1/bs3/bs3.csv,98656.0
1602351540878,10,96512.0,20320.0,slice_mixed,rome_slow_close,tr0,exp1,bs3,data/colosseum-oran-commag-dataset/slice_mixed/rome_slow_close/tr0/exp1/bs3/bs3.csv,116832.0
1602351541128,10,96928.0,62272.0,slice_mixed,rome_slow_close,tr0,exp1,bs3,data/colosseum-oran-commag-dataset/slice_mixed/rome_slow_close/tr0/exp1/bs3/bs3.csv,159200.0
1602351541378,10,31936.0,23488.0,slice_mixed,rome_slow_close,tr0,exp1,bs3,data/colosseum-oran-commag-dataset/slice_mixed/rome_slow_close/tr0/exp1/bs3/bs3.csv,55424.0
1602351541628,10,120320.0,36800.0,slice_mixed,rome_slow_close,tr0,exp1,bs3,data/colosseum-oran-commag-dataset/slice_mixed/rome_slow_close/tr0/exp1/bs3/bs3.csv,157120.0
1602351541878,10,153344.0,62336.0,slice_mixed,rome_slow_close,tr0,exp1,bs3,data/colosseum-oran-commag-dataset/slice_mixed/rome_slow_close/tr0/exp1/bs3/bs3.csv,215680.0
1602351542128,10,251584.0,16576.0,slice_mixed,rome_slow_close,tr0,exp1,bs3,data/colosseum-oran-commag-dataset/slice_mixed/rome_slow_close/tr0/exp1/bs3/bs3.csv,268160.0
1602351542378,10,131168.0,46976.0,slice_mixed,rome_slow_close,tr0,exp1,bs3,data/colosseum-oran-commag-dataset/slice_mixed/rome_slow_close/tr0/exp1/bs3/bs3.csv,178144.0
1602351542628,10,212608.0,9120.0,slice_mixed,rome_slow_close,tr0,exp1,bs3,data/colosseum-oran-commag-dataset/slice_mixed/rome_slow_close/tr0/exp1/bs3/bs3.csv,221728.0
1602351542878,10,215616.0,59616.0,slice_mixed,rome_slow_close,tr0,exp1,bs3,data/colosseum-oran-commag-dataset/slice_mixed/rome_slow_close/tr0/exp1/bs3/bs3.csv,275232.0
1602351543128,10,110752.0,0.0,slice_mixed,rome_slow_close,tr0,exp1,bs3,data/colosseum-oran-commag-dataset/slice_mixed/rome_slow_close/tr0/exp1/bs3/bs3.csv,110752.0
1602351543378,10,143584.0,49920.0,slice_mixed,rome_slow_close,tr0,exp1,bs3,data/colosseum-oran-commag-dataset/slice_mixed/rome_slow_close/tr0/exp1/bs3/bs3.csv,193504.0
1602351543628,10,130240.0,20160.0,slice_mixed,rome_slow_close,tr0,exp1,bs3,data/colosseum-oran-commag-dataset/slice_mixed/rome_slow_close/tr0/exp1/bs3/bs3.csv,150400.0
1602351543878,10,88640.0,61504.0,slice_mixed,rome_slow_close,tr0,exp1,bs3,data/colosseum-oran-commag-dataset/slice_mixed/rome_slow_close/tr0/exp1/bs3/bs3.csv,150144.0
1602351544128,10,152576.0,0.0,slice_mixed,rome_slow_close,tr0,exp1,bs3,data/colosseum-oran-commag-dataset/slice_mixed/rome_slow_close/tr0/exp1/bs3/bs3.csv,152576.0
1602351544378,10,128672.0,46976.0,slice_mixed,rome_slow_close,tr0,exp1,bs3,data/colosseum-oran-commag-dataset/slice_mixed/rome_slow_close/tr0/exp1/bs3/bs3.csv,175648.0
1602351544628,10,134752.0,14976.0,slice_mixed,rome_slow_close,tr0,exp1,bs3,data/colosseum-oran-commag-dataset/slice_mixed/rome_slow_close/tr0/exp1/bs3/bs3.csv,149728.0
1602351544878,10,221632.0,63040.0,slice_mixed,rome_slow_close,tr0,exp1,bs3,data/colosseum-oran-commag-dataset/slice_mixed/rome_slow_close/tr0/exp1/bs3/bs3.csv,284672.0
1602351545128,10,169408.0,0.0,slice_mixed,rome_slow_close,tr0,exp1,bs3,data/colosseum-oran-commag-dataset/slice_mixed/rome_slow_close/tr0/exp1/bs3/bs3.csv,169408.0
1602351545378,10,151008.0,40832.0,slice_mixed,rome_slow_close,tr0,exp1,bs3,data/colosseum-oran-commag-dataset/slice_mixed/rome_slow_close/tr0/exp1/bs3/bs3.csv,191840.0
1602351545628,10,108384.0,0.0,slice_mixed,rome_slow_close,tr0,exp1,bs3,data/colosseum-oran-commag-dataset/slice_mixed/rome_slow_close/tr0/exp1/bs3/bs3.csv,108384.0
1602351545878,10,131104.0,64992.0,slice_mixed,rome_slow_close,tr0,exp1,bs3,data/colosseum-oran-commag-dataset/slice_mixed/rome_slow_close/tr0/exp1/bs3/bs3.csv,196096.0
1602351546128,10,185504.0,0.0,slice_mixed,rome_slow_close,tr0,exp1,bs3,data/colosseum-oran-commag-dataset/slice_mixed/rome_slow_close/tr0/exp1/bs3/bs3.csv,185504.0
1602351546378,10,74944.0,23488.0,slice_mixed,rome_slow_close,tr0,exp1,bs3,data/colosseum-oran-commag-dataset/slice_mixed/rome_slow_close/tr0/exp1/bs3/bs3.csv,98432.0
1602351546628,10,91040.0,23488.0,slice_mixed,rome_slow_close,tr0,exp1,bs3,data/colosseum-oran-commag-dataset/slice_mixed/rome_slow_close/tr0/exp1/bs3/bs3.csv,114528.0
1602351546878,10,163680.0,76512.0,slice_mixed,rome_slow_close,tr0,exp1,bs3,data/colosseum-oran-commag-dataset/slice_mixed/rome_slow_close/tr0/exp1/bs3/bs3.csv,240192.0
1602351547128,10,162720.0,7200.0,slice_mixed,rome_slow_close,tr0,exp1,bs3,data/colosseum-oran-commag-dataset/slice_mixed/rome_slow_close/tr0/exp1/bs3/bs3.csv,169920.0
1602351547378,10,171616.0,32512.0,slice_mixed,rome_slow_close,tr0,exp1,bs3,data/colosseum-oran-commag-dataset/slice_mixed/rome_slow_close/tr0/exp1/bs3/bs3.csv,204128.0
1602351547628,10,100864.0,139264.0,slice_mixed,rome_slow_close,tr0,exp1,bs3,data/colosseum-oran-commag-dataset/slice_mixed/rome_slow_close/tr0/exp1/bs3/bs3.csv,240128.0
1602351547878,10,75360.0,57984.0,slice_mixed,rome_slow_close,tr0,exp1,bs3,data/colosseum-oran-commag-dataset/slice_mixed/rome_slow_close/tr0/exp1/bs3/bs3.csv,133344.0
1602351548128,10,107232.0,0.0,slice_mixed,rome_slow_close,tr0,exp1,bs3,data/colosseum-oran-commag-dataset/slice_mixed/rome_slow_close/tr0/exp1/bs3/bs3.csv,107232.0
1602351548378,10,129824.0,41856.0,slice_mixed,rome_slow_close,tr0,exp1,bs3,data/colosseum-oran-commag-dataset/slice_mixed/rome_slow_close/tr0/exp1/bs3/bs3.csv,171680.0
1602351548628,10,170080.0,0.0,slice_mixed,rome_slow_close,tr0,exp1,bs3,data/colosseum-oran-commag-dataset/slice_mixed/rome_slow_close/tr0/exp1/bs3/bs3.csv,170080.0
1602351548878,10,119072.0,69376.0,slice_mixed,rome_slow_close,tr0,exp1,bs3,data/colosseum-oran-commag-dataset/slice_mixed/rome_slow_close/tr0/exp1/bs3/bs3.csv,188448.0
1602351549128,10,107488.0,0.0,slice_mixed,rome_slow_close,tr0,exp1,bs3,data/colosseum-oran-commag-dataset/slice_mixed/rome_slow_close/tr0/exp1/bs3/bs3.csv,107488.0
1602351549378,10,166944.0,36736.0,slice_mixed,rome_slow_close,tr0,exp1,bs3,data/colosseum-oran-commag-dataset/slice_mixed/rome_slow_close/tr0/exp1/bs3/bs3.csv,203680.0
1602351549628,10,151584.0,0.0,slice_mixed,rome_slow_close,tr0,exp1,bs3,data/colosseum-oran-commag-dataset/slice_mixed/rome_slow_close/tr0/exp1/bs3/bs3.csv,151584.0
1602351549878,10,111136.0,58176.0,slice_mixed,rome_slow_close,tr0,exp1,bs3,data/colosseum-oran-commag-dataset/slice_mixed/rome_slow_close/tr0/exp1/bs3/bs3.csv,169312.0
1602351550128,10,141440.0,90240.0,slice_mixed,rome_slow_close,tr0,exp1,bs3,data/colosseum-oran-commag-dataset/slice_mixed/rome_slow_close/tr0/exp1/bs3/bs3.csv,231680.0
1602351550378,10,152384.0,39040.0,slice_mixed,rome_slow_close,tr0,exp1,bs3,data/colosseum-oran-commag-dataset/slice_mixed/rome_slow_close/tr0/exp1/bs3/bs3.csv,191424.0
1602351550628,10,129344.0,4160.0,slice_mixed,rome_slow_close,tr0,exp1,bs3,data/colosseum-oran-commag-dataset/slice_mixed/rome_slow_close/tr0/exp1/bs3/bs3.csv,133504.0
1602351550878,10,139072.0,46656.0,slice_mixed,rome_slow_close,tr0,exp1,bs3,data/colosseum-oran-commag-dataset/slice_mixed/rome_slow_close/tr0/exp1/bs3/bs3.csv,185728.0
1602351551128,10,184384.0,63040.0,slice_mixed,rome_slow_close,tr0,exp1,bs3,data/colosseum-oran-commag-dataset/slice_mixed/rome_slow_close/tr0/exp1/bs3/bs3.csv,247424.0
1602351551378,10,228128.0,46976.0,slice_mixed,rome_slow_close,tr0,exp1,bs3,data/colosseum-oran-commag-dataset/slice_mixed/rome_slow_close/tr0/exp1/bs3/bs3.csv,275104.0
1602351551628,10,63456.0,0.0,slice_mixed,rome_slow_close,tr0,exp1,bs3,data/colosseum-oran-commag-dataset/slice_mixed/rome_slow_close/tr0/exp1/bs3/bs3.csv,63456.0
1602351551878,10,75552.0,15936.0,slice_mixed,rome_slow_close,tr0,exp1,bs3,data/colosseum-oran-commag-dataset/slice_mixed/rome_slow_close/tr0/exp1/bs3/bs3.csv,91488.0
1602351552128,10,141760.0,59392.0,slice_mixed,rome_slow_close,tr0,exp1,bs3,data/colosseum-oran-commag-dataset/slice_mixed/rome_slow_close/tr0/exp1/bs3/bs3.csv,201152.0
1602351552378,10,218144.0,40832.0,slice_mixed,rome_slow_close,tr0,exp1,bs3,data/colosseum-oran-commag-dataset/slice_mixed/rome_slow_close/tr0/exp1/bs3/bs3.csv,258976.0
1602351552628,10,121376.0,0.0,slice_mixed,rome_slow_close,tr0,exp1,bs3,data/colosseum-oran-commag-dataset/slice_mixed/rome_slow_close/tr0/exp1/bs3/bs3.csv,121376.0
1602351552878,10,174464.0,40608.0,slice_mixed,rome_slow_close,tr0,exp1,bs3,data/colosseum-oran-commag-dataset/slice_mixed/rome_slow_close/tr0/exp1/bs3/bs3.csv,215072.0
1602351553128,10,150976.0,13888.0,slice_mixed,rome_slow_close,tr0,exp1,bs3,data/colosseum-oran-commag-dataset/slice_mixed/rome_slow_close/tr0/exp1/bs3/bs3.csv,164864.0
1602351553378,10,110464.0,57120.0,slice_mixed,rome_slow_close,tr0,exp1,bs3,data/colosseum-oran-commag-dataset/slice_mixed/rome_slow_close/tr0/exp1/bs3/bs3.csv,167584.0
1602351553628,10,143456.0,30208.0,slice_mixed,rome_slow_close,tr0,exp1,bs3,data/colosseum-oran-commag-dataset/slice_mixed/rome_slow_close/tr0/exp1/bs3/bs3.csv,173664.0
1602351553878,10,162240.0,61216.0,slice_mixed,rome_slow_close,tr0,exp1,bs3,data/colosseum-oran-commag-dataset/slice_mixed/rome_slow_close/tr0/exp1/bs3/bs3.csv,223456.0
1602351554128,10,119584.0,22752.0,slice_mixed,rome_slow_close,tr0,exp1,bs3,data/colosseum-oran-commag-dataset/slice_mixed/rome_slow_close/tr0/exp1/bs3/bs3.csv,142336.0
1602351554378,10,65728.0,38016.0,slice_mixed,rome_slow_close,tr0,exp1,bs3,data/colosseum-oran-commag-dataset/slice_mixed/rome_slow_close/tr0/exp1/bs3/bs3.csv,103744.0
1602351554628,10,97920.0,0.0,slice_mixed,rome_slow_close,tr0,exp1,bs3,data/colosseum-oran-commag-dataset/slice_mixed/rome_slow_close/tr0/exp1/bs3/bs3.csv,97920.0
1602351554878,10,195488.0,72992.0,slice_mixed,rome_slow_close,tr0,exp1,bs3,data/colosseum-oran-commag-dataset/slice_mixed/rome_slow_close/tr0/exp1/bs3/bs3.csv,268480.0
1602351555128,10,113792.0,0.0,slice_mixed,rome_slow_close,tr0,exp1,bs3,data/colosseum-oran-commag-dataset/slice_mixed/rome_slow_close/tr0/exp1/bs3/bs3.csv,113792.0
1602351555378,10,134784.0,37472.0,slice_mixed,rome_slow_close,tr0,exp1,bs3,data/colosseum-oran-commag-dataset/slice_mixed/rome_slow_close/tr0/exp1/bs3/bs3.csv,172256.0
1602351555628,10,141024.0,5184.0,slice_mixed,rome_slow_close,tr0,exp1,bs3,data/colosseum-oran-commag-dataset/slice_mixed/rome_slow_close/tr0/exp1/bs3/bs3.csv,146208.0
1602351555878,10,65824.0,15968.0,slice_mixed,rome_slow_close,tr0,exp1,bs3,data/colosseum-oran-commag-dataset/slice_mixed/rome_slow_close/tr0/exp1/bs3/bs3.csv,81792.0
1602351556128,10,131808.0,53408.0,slice_mixed,rome_slow_close,tr0,exp1,bs3,data/colosseum-oran-commag-dataset/slice_mixed/rome_slow_close/tr0/exp1/bs3/bs3.csv,185216.0
1602351556378,10,82208.0,15808.0,slice_mixed,rome_slow_close,tr0,exp1,bs3,data/colosseum-oran-commag-dataset/slice_mixed/rome_slow_close/tr0/exp1/bs3/bs3.csv,98016.0
1602351556628,10,168992.0,155072.0,slice_mixed,rome_slow_close,tr0,exp1,bs3,data/colosseum-oran-commag-dataset/slice_mixed/rome_slow_close/tr0/exp1/bs3/bs3.csv,324064.0
1602351556878,10,90688.0,60288.0,slice_mixed,rome_slow_close,tr0,exp1,bs3,data/colosseum-oran-commag-dataset/slice_mixed/rome_slow_close/tr0/exp1/bs3/bs3.csv,150976.0
1602351557128,10,175936.0,0.0,slice_mixed,rome_slow_close,tr0,exp1,bs3,data/colosseum-oran-commag-dataset/slice_mixed/rome_slow_close/tr0/exp1/bs3/bs3.csv,175936.0
1602351557378,10,209542.15625,45622.488281,slice_mixed,rome_slow_close,tr0,exp1,bs3,data/colosseum-oran-commag-dataset/slice_mixed/rome_slow_close/tr0/exp1/bs3/bs3.csv,255164.644531
1602351557628,10,216736.0,5184.0,slice_mixed,rome_slow_close,tr0,exp1,bs3,data/colosseum-oran-commag-dataset/slice_mixed/rome_slow_close/tr0/exp1/bs3/bs3.csv,221920.0
1602351557878,10,171920.328125,46342.632812,slice_mixed,rome_slow_close,tr0,exp1,bs3,data/colosseum-oran-commag-dataset/slice_mixed/rome_slow_close/tr0/exp1/bs3/bs3.csv,218262.960937
1602351558128,10,178496.0,0.0,slice_mixed,rome_slow_close,tr0,exp1,bs3,data/colosseum-oran-commag-dataset/slice_mixed/rome_slow_close/tr0/exp1/bs3/bs3.csv,178496.0
1602351558378,10,230720.0,50272.0,slice_mixed,rome_slow_close,tr0,exp1,bs3,data/colosseum-oran-commag-dataset/slice_mixed/rome_slow_close/tr0/exp1/bs3/bs3.csv,280992.0
1602351558628,10,119616.0,0.0,slice_mixed,rome_slow_close,tr0,exp1,bs3,data/colosseum-oran-commag-dataset/slice_mixed/rome_slow_close/tr0/exp1/bs3/bs3.csv,119616.0
1602351558878,10,129248.0,122208.0,slice_mixed,rome_slow_close,tr0,exp1,bs3,data/colosseum-oran-commag-dataset/slice_mixed/rome_slow_close/tr0/exp1/bs3/bs3.csv,251456.0
1602351559128,10,31392.0,0.0,slice_mixed,rome_slow_close,tr0,exp1,bs3,data/colosseum-oran-commag-dataset/slice_mixed/rome_slow_close/tr0/exp1/bs3/bs3.csv,31392.0
1602351559378,10,170944.0,35520.0,slice_mixed,rome_slow_close,tr0,exp1,bs3,data/colosseum-oran-commag-dataset/slice_mixed/rome_slow_close/tr0/exp1/bs3/bs3.csv,206464.0
1602351559628,10,148320.0,24928.0,slice_mixed,rome_slow_close,tr0,exp1,bs3,data/colosseum-oran-commag-dataset/slice_mixed/rome_slow_close/tr0/exp1/bs3/bs3.csv,173248.0
1602351559878,10,181088.0,64544.0,slice_mixed,rome_slow_close,tr0,exp1,bs3,data/colosseum-oran-commag-dataset/slice_mixed/rome_slow_close/tr0/exp1/bs3/bs3.csv,245632.0
1602351560128,10,140352.0,0.0,slice_mixed,rome_slow_close,tr0,exp1,bs3,data/colosseum-oran-commag-dataset/slice_mixed/rome_slow_close/tr0/exp1/bs3/bs3.csv,140352.0
1602351560378,10,142176.0,63616.0,slice_mixed,rome_slow_close,tr0,exp1,bs3,data/colosseum-oran-commag-dataset/slice_mixed/rome_slow_close/tr0/exp1/bs3/bs3.csv,205792.0
1602351560628,10,93632.0,0.0,slice_mixed,rome_slow_close,tr0,exp1,bs3,data/colosseum-oran-commag-dataset/slice_mixed/rome_slow_close/tr0/exp1/bs3/bs3.csv,93632.0
1602351560878,10,218656.0,81696.0,slice_mixed,rome_slow_close,tr0,exp1,bs3,data/colosseum-oran-commag-dataset/slice_mixed/rome_slow_close/tr0/exp1/bs3/bs3.csv,300352.0
1602351561128,10,46432.0,0.0,slice_mixed,rome_slow_close,tr0,exp1,bs3,data/colosseum-oran-commag-dataset/slice_mixed/rome_slow_close/tr0/exp1/bs3/bs3.csv,46432.0
1602351561378,11,122834.085938,58694.957031,slice_mixed,rome_slow_close,tr0,exp1,bs3,data/colosseum-oran-commag-dataset/slice_mixed/rome_slow_close/tr0/exp1/bs3/bs3.csv,181529.042969
1602351561628,11,156352.0,10048.0,slice_mixed,rome_slow_close,tr0,exp1,bs3,data/colosseum-oran-commag-dataset/slice_mixed/rome_slow_close/tr0/exp1/bs3/bs3.csv,166400.0
1602351561878,11,115264.0,174400.0,slice_mixed,rome_slow_close,tr0,exp1,bs3,data/colosseum-oran-commag-dataset/slice_mixed/rome_slow_close/tr0/exp1/bs3/bs3.csv,289664.0
1602351562128,11,190752.0,88960.0,slice_mixed,rome_slow_close,tr0,exp1,bs3,data/colosseum-oran-commag-dataset/slice_mixed/rome_slow_close/tr0/exp1/bs3/bs3.csv,279712.0
1602351562378,11,151360.0,254400.0,slice_mixed,rome_slow_close,tr0,exp1,bs3,data/colosseum-oran-commag-dataset/slice_mixed/rome_slow_close/tr0/exp1/bs3/bs3.csv,405760.0
1602351562628,11,171712.0,21952.0,slice_mixed,rome_slow_close,tr0,exp1,bs3,data/colosseum-oran-commag-dataset/slice_mixed/rome_slow_close/tr0/exp1/bs3/bs3.csv,193664.0
1602351562878,11,152832.0,58560.0,slice_mixed,rome_slow_close,tr0,exp1,bs3,data/colosseum-oran-commag-dataset/slice_mixed/rome_slow_close/tr0/exp1/bs3/bs3.csv,211392.0
1602351563128,11,204608.0,60192.0,slice_mixed,rome_slow_close,tr0,exp1,bs3,data/colosseum-oran-commag-dataset/slice_mixed/rome_slow_close/tr0/exp1/bs3/bs3.csv,264800.0
1602351563378,11,192672.0,55808.0,slice_mixed,rome_slow_close,tr0,exp1,bs3,data/colosseum-oran-commag-dataset/slice_mixed/rome_slow_close/tr0/exp1/bs3/bs3.csv,248480.0
1602351563628,11,293269.0625,63004.015625,slice_mixed,rome_slow_close,tr0,exp1,bs3,data/colosseum-oran-commag-dataset/slice_mixed/rome_slow_close/tr0/exp1/bs3/bs3.csv,356273.078125
1602351563878,11,171294.96875,15107.569336,slice_mixed,rome_slow_close,tr0,exp1,bs3,data/colosseum-oran-commag-dataset/slice_mixed/rome_slow_close/tr0/exp1/bs3/bs3.csv,186402.53808600002
1602351564128,11,224780.34375,48610.441406,slice_mixed,rome_slow_close,tr0,exp1,bs3,data/colosseum-oran-commag-dataset/slice_mixed/rome_slow_close/tr0/exp1/bs3/bs3.csv,273390.785156
1602351564378,11,129721.109375,120223.109375,slice_mixed,rome_slow_close,tr0,exp1,bs3,data/colosseum-oran-commag-dataset/slice_mixed/rome_slow_close/tr0/exp1/bs3/bs3.csv,249944.21875
1602351564628,11,60928.0,5824.0,slice_mixed,rome_slow_close,tr0,exp1,bs3,data/colosseum-oran-commag-dataset/slice_mixed/rome_slow_close/tr0/exp1/bs3/bs3.csv,66752.0
1602351564878,11,175104.0,20800.0,slice_mixed,rome_slow_close,tr0,exp1,bs3,data/colosseum-oran-commag-dataset/slice_mixed/rome_slow_close/tr0/exp1/bs3/bs3.csv,195904.0
1602351565128,11,238464.0,39040.0,slice_mixed,rome_slow_close,tr0,exp1,bs3,data/colosseum-oran-commag-dataset/slice_mixed/rome_slow_close/tr0/exp1/bs3/bs3.csv,277504.0
1602351565378,11,233504.0,45728.0,slice_mixed,rome_slow_close,tr0,exp1,bs3,data/colosseum-oran-commag-dataset/slice_mixed/rome_slow_close/tr0/exp1/bs3/bs3.csv,279232.0
1602351565628,11,155104.0,8256.0,slice_mixed,rome_slow_close,tr0,exp1,bs3,data/colosseum-oran-commag-dataset/slice_mixed/rome_slow_close/tr0/exp1/bs3/bs3.csv,163360.0
1602351565878,8,317280.0,54240.0,slice_mixed,rome_slow_close,tr0,exp1,bs3,data/colosseum-oran-commag-dataset/slice_mixed/rome_slow_close/tr0/exp1/bs3/bs3.csv,371520.0
1602351566128,8,141888.0,144448.0,slice_mixed,rome_slow_close,tr0,exp1,bs3,data/colosseum-oran-commag-dataset/slice_mixed/rome_slow_close/tr0/exp1/bs3/bs3.csv,286336.0
1602351566378,9,197184.78125,130545.171875,slice_mixed,rome_slow_close,tr0,exp1,bs3,data/colosseum-oran-commag-dataset/slice_mixed/rome_slow_close/tr0/exp1/bs3/bs3.csv,327729.953125
1602351566628,9,260768.0,26464.0,slice_mixed,rome_slow_close,tr0,exp1,bs3,data/colosseum-oran-commag-dataset/slice_mixed/rome_slow_close/tr0/exp1/bs3/bs3.csv,287232.0
1602351566878,9,232672.0,58880.0,slice_mixed,rome_slow_close,tr0,exp1,bs3,data/colosseum-oran-commag-dataset/slice_mixed/rome_slow_close/tr0/exp1/bs3/bs3.csv,291552.0
1602351567128,9,659776.0,204224.0,slice_mixed,rome_slow_close,tr0,exp1,bs3,data/colosseum-oran-commag-dataset/slice_mixed/rome_slow_close/tr0/exp1/bs3/bs3.csv,864000.0
1602351567378,9,637248.0,51008.0,slice_mixed,rome_slow_close,tr0,exp1,bs3,data/colosseum-oran-commag-dataset/slice_mixed/rome_slow_close/tr0/exp1/bs3/bs3.csv,688256.0
1602351567628,9,590208.0,8768.0,slice_mixed,rome_slow_close,tr0,exp1,bs3,data/colosseum-oran-commag-dataset/slice_mixed/rome_slow_close/tr0/exp1/bs3/bs3.csv,598976.0
1602351567878,9,350816.0,146048.0,slice_mixed,rome_slow_close,tr0,exp1,bs3,data/colosseum-oran-commag-dataset/slice_mixed/rome_slow_close/tr0/exp1/bs3/bs3.csv,496864.0
1602351568128,10,555072.0,19392.0,slice_mixed,rome_slow_close,tr0,exp1,bs3,data/colosseum-oran-commag-dataset/slice_mixed/rome_slow_close/tr0/exp1/bs3/bs3.csv,574464.0
1602351568378,10,741984.0,169248.0,slice_mixed,rome_slow_close,tr0,exp1,bs3,data/colosseum-oran-commag-dataset/slice_mixed/rome_slow_close/tr0/exp1/bs3/bs3.csv,911232.0
1602351568628,10,693856.0,150048.0,slice_mixed,rome_slow_close,tr0,exp1,bs3,data/colosseum-oran-commag-dataset/slice_mixed/rome_slow_close/tr0/exp1/bs3/bs3.csv,843904.0
1602351568878,10,716448.0,109280.0,slice_mixed,rome_slow_close,tr0,exp1,bs3,data/colosseum-oran-commag-dataset/slice_mixed/rome_slow_close/tr0/exp1/bs3/bs3.csv,825728.0
1602351569128,10,663808.0,88032.0,slice_mixed,rome_slow_close,tr0,exp1,bs3,data/colosseum-oran-commag-dataset/slice_mixed/rome_slow_close/tr0/exp1/bs3/bs3.csv,751840.0
1602351569378,10,757184.0,18112.0,slice_mixed,rome_slow_close,tr0,exp1,bs3,data/colosseum-oran-commag-dataset/slice_mixed/rome_slow_close/tr0/exp1/bs3/bs3.csv,775296.0
1602351569628,10,688160.0,14400.0,slice_mixed,rome_slow_close,tr0,exp1,bs3,data/colosseum-oran-commag-dataset/slice_mixed/rome_slow_close/tr0/exp1/bs3/bs3.csv,702560.0
1602351569878,10,630784.0,51616.0,slice_mixed,rome_slow_close,tr0,exp1,bs3,data/colosseum-oran-commag-dataset/slice_mixed/rome_slow_close/tr0/exp1/bs3/bs3.csv,682400.0
1602351570128,10,484549.125,79069.6875,slice_mixed,rome_slow_close,tr0,exp1,bs3,data/colosseum-oran-commag-dataset/slice_mixed/rome_slow_close/tr0/exp1/bs3/bs3.csv,563618.8125
1602351570378,10,626248.0,43904.382812,slice_mixed,rome_slow_close,tr0,exp1,bs3,data/colosseum-oran-commag-dataset/slice_mixed/rome_slow_close/tr0/exp1/bs3/bs3.csv,670152.382812
1602351570628,10,619951.8125,26506.023438,slice_mixed,rome_slow_close,tr0,exp1,bs3,data/colosseum-oran-commag-dataset/slice_mixed/rome_slow_close/tr0/exp1/bs3/bs3.csv,646457.835938
1602351570878,10,718151.375,30310.755859,slice_mixed,rome_slow_close,tr0,exp1,bs3,data/colosseum-oran-commag-dataset/slice_mixed/rome_slow_close/tr0/exp1/bs3/bs3.csv,748462.130859
1602351571128,10,666336.0,58816.0,slice_mixed,rome_slow_close,tr0,exp1,bs3,data/colosseum-oran-commag-dataset/slice_mixed/rome_slow_close/tr0/exp1/bs3/bs3.csv,725152.0
1602351571378,10,665984.0,55168.0,slice_mixed,rome_slow_close,tr0,exp1,bs3,data/colosseum-oran-commag-dataset/slice_mixed/rome_slow_close/tr0/exp1/bs3/bs3.csv,721152.0
1602351571628,10,359328.0,4256.0,slice_mixed,rome_slow_close,tr0,exp1,bs3,data/colosseum-oran-commag-dataset/slice_mixed/rome_slow_close/tr0/exp1/bs3/bs3.csv,363584.0
1602351571878,10,356416.0,26752.0,slice_mixed,rome_slow_close,tr0,exp1,bs3,data/colosseum-oran-commag-dataset/slice_mixed/rome_slow_close/tr0/exp1/bs3/bs3.csv,383168.0
1602351572128,10,308960.0,121056.0,slice_mixed,rome_slow_close,tr0,exp1,bs3,data/colosseum-oran-commag-dataset/slice_mixed/rome_slow_close/tr0/exp1/bs3/bs3.csv,430016.0
1602351572378,10,252768.0,49216.0,slice_mixed,rome_slow_close,tr0,exp1,bs3,data/colosseum-oran-commag-dataset/slice_mixed/rome_slow_close/tr0/exp1/bs3/bs3.csv,301984.0
1602351572628,10,253152.0,4256.0,slice_mixed,rome_slow_close,tr0,exp1,bs3,data/colosseum-oran-commag-dataset/slice_mixed/rome_slow_close/tr0/exp1/bs3/bs3.csv,257408.0
1602351572878,10,286976.0,37408.0,slice_mixed,rome_slow_close,tr0,exp1,bs3,data/colosseum-oran-commag-dataset/slice_mixed/rome_slow_close/tr0/exp1/bs3/bs3.csv,324384.0
1602351573128,10,657280.0,90464.0,slice_mixed,rome_slow_close,tr0,exp1,bs3,data/colosseum-oran-commag-dataset/slice_mixed/rome_slow_close/tr0/exp1/bs3/bs3.csv,747744.0
1602351573378,10,565056.0,21152.0,slice_mixed,rome_slow_close,tr0,exp1,bs3,data/colosseum-oran-commag-dataset/slice_mixed/rome_slow_close/tr0/exp1/bs3/bs3.csv,586208.0
1602351573628,10,375200.0,28800.0,slice_mixed,rome_slow_close,tr0,exp1,bs3,data/colosseum-oran-commag-dataset/slice_mixed/rome_slow_close/tr0/exp1/bs3/bs3.csv,404000.0
1602351573878,10,604160.0,36352.0,slice_mixed,rome_slow_close,tr0,exp1,bs3,data/colosseum-oran-commag-dataset/slice_mixed/rome_slow_close/tr0/exp1/bs3/bs3.csv,640512.0
1602351574128,10,487744.0,148160.0,slice_mixed,rome_slow_close,tr0,exp1,bs3,data/colosseum-oran-commag-dataset/slice_mixed/rome_slow_close/tr0/exp1/bs3/bs3.csv,635904.0
1602351574378,10,659872.0,38176.0,slice_mixed,rome_slow_close,tr0,exp1,bs3,data/colosseum-oran-commag-dataset/slice_mixed/rome_slow_close/tr0/exp1/bs3/bs3.csv,698048.0
1602351574628,10,715616.0,0.0,slice_mixed,rome_slow_close,tr0,exp1,bs3,data/colosseum-oran-commag-dataset/slice_mixed/rome_slow_close/tr0/exp1/bs3/bs3.csv,715616.0
1602351574878,10,760320.0,52768.0,slice_mixed,rome_slow_close,tr0,exp1,bs3,data/colosseum-oran-commag-dataset/slice_mixed/rome_slow_close/tr0/exp1/bs3/bs3.csv,813088.0
1602351575128,10,596064.0,49632.0,slice_mixed,rome_slow_close,tr0,exp1,bs3,data/colosseum-oran-commag-dataset/slice_mixed/rome_slow_close/tr0/exp1/bs3/bs3.csv,645696.0
1602351575378,10,704288.0,58560.0,slice_mixed,rome_slow_close,tr0,exp1,bs3,data/colosseum-oran-commag-dataset/slice_mixed/rome_slow_close/tr0/exp1/bs3/bs3.csv,762848.0
1602351575628,10,593298.375,0.0,slice_mixed,rome_slow_close,tr0,exp1,bs3,data/colosseum-oran-commag-dataset/slice_mixed/rome_slow_close/tr0/exp1/bs3/bs3.csv,593298.375
1602351575878,10,694521.0625,21536.0,slice_mixed,rome_slow_close,tr0,exp1,bs3,data/colosseum-oran-commag-dataset/slice_mixed/rome_slow_close/tr0/exp1/bs3/bs3.csv,716057.0625
1602351576128,10,618868.5,62501.992188,slice_mixed,rome_slow_close,tr0,exp1,bs3,data/colosseum-oran-commag-dataset/slice_mixed/rome_slow_close/tr0/exp1/bs3/bs3.csv,681370.492188
1602351576378,10,628101.125,21984.0,slice_mixed,rome_slow_close,tr0,exp1,bs3,data/colosseum-oran-commag-dataset/slice_mixed/rome_slow_close/tr0/exp1/bs3/bs3.csv,650085.125
1602351576628,10,704859.375,29952.0,slice_mixed,rome_slow_close,tr0,exp1,bs3,data/colosseum-oran-commag-dataset/slice_mixed/rome_slow_close/tr0/exp1/bs3/bs3.csv,734811.375
1602351576878,10,649696.0,17440.0,slice_mixed,rome_slow_close,tr0,exp1,bs3,data/colosseum-oran-commag-dataset/slice_mixed/rome_slow_close/tr0/exp1/bs3/bs3.csv,667136.0
1602351577128,10,609536.0,61568.0,slice_mixed,rome_slow_close,tr0,exp1,bs3,data/colosseum-oran-commag-dataset/slice_mixed/rome_slow_close/tr0/exp1/bs3/bs3.csv,671104.0
1602351577378,10,721408.0,179200.0,slice_mixed,rome_slow_close,tr0,exp1,bs3,data/colosseum-oran-commag-dataset/slice_mixed/rome_slow_close/tr0/exp1/bs3/bs3.csv,900608.0
1602351577628,10,683697.1875,13354.582031,slice_mixed,rome_slow_close,tr0,exp1,bs3,data/colosseum-oran-commag-dataset/slice_mixed/rome_slow_close/tr0/exp1/bs3/bs3.csv,697051.769531
1602351577878,10,661984.0,14048.0,slice_mixed,rome_slow_close,tr0,exp1,bs3,data/colosseum-oran-commag-dataset/slice_mixed/rome_slow_close/tr0/exp1/bs3/bs3.csv,676032.0
1602351578128,10,660256.0,172960.0,slice_mixed,rome_slow_close,tr0,exp1,bs3,data/colosseum-oran-commag-dataset/slice_mixed/rome_slow_close/tr0/exp1/bs3/bs3.csv,833216.0
1602351578378,10,588288.0,43072.0,slice_mixed,rome_slow_close,tr0,exp1,bs3,data/colosseum-oran-commag-dataset/slice_mixed/rome_slow_close/tr0/exp1/bs3/bs3.csv,631360.0
1602351578628,10,629248.0,5184.0,slice_mixed,rome_slow_close,tr0,exp1,bs3,data/colosseum-oran-commag-dataset/slice_mixed/rome_slow_close/tr0/exp1/bs3/bs3.csv,634432.0
1602351578878,10,526464.0,51488.0,slice_mixed,rome_slow_close,tr0,exp1,bs3,data/colosseum-oran-commag-dataset/slice_mixed/rome_slow_close/tr0/exp1/bs3/bs3.csv,577952.0
1602351579128,10,571488.0,60096.0,slice_mixed,rome_slow_close,tr0,exp1,bs3,data/colosseum-oran-commag-dataset/slice_mixed/rome_slow_close/tr0/exp1/bs3/bs3.csv,631584.0
1602351579378,10,709280.0,91264.0,slice_mixed,rome_slow_close,tr0,exp1,bs3,data/colosseum-oran-commag-dataset/slice_mixed/rome_slow_close/tr0/exp1/bs3/bs3.csv,800544.0
1602351579628,10,612000.0,0.0,slice_mixed,rome_slow_close,tr0,exp1,bs3,data/colosseum-oran-commag-dataset/slice_mixed/rome_slow_close/tr0/exp1/bs3/bs3.csv,612000.0
1602351579878,10,648736.0,138016.0,slice_mixed,rome_slow_close,tr0,exp1,bs3,data/colosseum-oran-commag-dataset/slice_mixed/rome_slow_close/tr0/exp1/bs3/bs3.csv,786752.0
1602351580128,10,620000.0,59008.0,slice_mixed,rome_slow_close,tr0,exp1,bs3,data/colosseum-oran-commag-dataset/slice_mixed/rome_slow_close/tr0/exp1/bs3/bs3.csv,679008.0
1602351580378,10,669536.0,30560.0,slice_mixed,rome_slow_close,tr0,exp1,bs3,data/colosseum-oran-commag-dataset/slice_mixed/rome_slow_close/tr0/exp1/bs3/bs3.csv,700096.0
1602351580628,10,314336.0,5184.0,slice_mixed,rome_slow_close,tr0,exp1,bs3,data/colosseum-oran-commag-dataset/slice_mixed/rome_slow_close/tr0/exp1/bs3/bs3.csv,319520.0
1602351580878,10,451072.0,58976.0,slice_mixed,rome_slow_close,tr0,exp1,bs3,data/colosseum-oran-commag-dataset/slice_mixed/rome_slow_close/tr0/exp1/bs3/bs3.csv,510048.0
1602351581128,10,638998.25,59148.59375,slice_mixed,rome_slow_close,tr0,exp1,bs3,data/colosseum-oran-commag-dataset/slice_mixed/rome_slow_close/tr0/exp1/bs3/bs3.csv,698146.84375
1602351581378,10,644290.8125,123798.820312,slice_mixed,rome_slow_close,tr0,exp1,bs3,data/colosseum-oran-commag-dataset/slice_mixed/rome_slow_close/tr0/exp1/bs3/bs3.csv,768089.632812
1602351581628,10,718912.0,4256.0,slice_mixed,rome_slow_close,tr0,exp1,bs3,data/colosseum-oran-commag-dataset/slice_mixed/rome_slow_close/tr0/exp1/bs3/bs3.csv,723168.0
1602351581878,10,710656.0,6560.0,slice_mixed,rome_slow_close,tr0,exp1,bs3,data/colosseum-oran-commag-dataset/slice_mixed/rome_slow_close/tr0/exp1/bs3/bs3.csv,717216.0
1602351582128,10,732079.4375,88680.03125,slice_mixed,rome_slow_close,tr0,exp1,bs3,data/colosseum-oran-commag-dataset/slice_mixed/rome_slow_close/tr0/exp1/bs3/bs3.csv,820759.46875
1602351582378,10,572480.0,192096.0,slice_mixed,rome_slow_close,tr0,exp1,bs3,data/colosseum-oran-commag-dataset/slice_mixed/rome_slow_close/tr0/exp1/bs3/bs3.csv,764576.0
1602351582628,10,739726.9375,2602.409668,slice_mixed,rome_slow_close,tr0,exp1,bs3,data/colosseum-oran-commag-dataset/slice_mixed/rome_slow_close/tr0/exp1/bs3/bs3.csv,742329.347168
1602351582878,10,740207.1875,35729.082031,slice_mixed,rome_slow_close,tr0,exp1,bs3,data/colosseum-oran-commag-dataset/slice_mixed/rome_slow_close/tr0/exp1/bs3/bs3.csv,775936.2695309999
1602351583128,10,592422.0,127229.6875,slice_mixed,rome_slow_close,tr0,exp1,bs3,data/colosseum-oran-commag-dataset/slice_mixed/rome_slow_close/tr0/exp1/bs3/bs3.csv,719651.6875
1602351583378,10,678174.375,23968.0,slice_mixed,rome_slow_close,tr0,exp1,bs3,data/colosseum-oran-commag-dataset/slice_mixed/rome_slow_close/tr0/exp1/bs3/bs3.csv,702142.375
1602351583628,10,619791.1875,0.0,slice_mixed,rome_slow_close,tr0,exp1,bs3,data/colosseum-oran-commag-dataset/slice_mixed/rome_slow_close/tr0/exp1/bs3/bs3.csv,619791.1875
1602351583878,9,478528.0,39776.0,slice_mixed,rome_slow_close,tr0,exp1,bs3,data/colosseum-oran-commag-dataset/slice_mixed/rome_slow_close/tr0/exp1/bs3/bs3.csv,518304.0
1602351584128,9,589800.8125,39139.441406,slice_mixed,rome_slow_close,tr0,exp1,bs3,data/colosseum-oran-commag-dataset/slice_mixed/rome_slow_close/tr0/exp1/bs3/bs3.csv,628940.2539059999
1602351584378,9,596832.0,185152.0,slice_mixed,rome_slow_close,tr0,exp1,bs3,data/colosseum-oran-commag-dataset/slice_mixed/rome_slow_close/tr0/exp1/bs3/bs3.csv,781984.0
1602351584628,9,626688.0,8416.0,slice_mixed,rome_slow_close,tr0,exp1,bs3,data/colosseum-oran-commag-dataset/slice_mixed/rome_slow_close/tr0/exp1/bs3/bs3.csv,635104.0
1602351584878,9,648928.0,46848.0,slice_mixed,rome_slow_close,tr0,exp1,bs3,data/colosseum-oran-commag-dataset/slice_mixed/rome_slow_close/tr0/exp1/bs3/bs3.csv,695776.0
1602351585128,9,579008.0,55392.0,slice_mixed,rome_slow_close,tr0,exp1,bs3,data/colosseum-oran-commag-dataset/slice_mixed/rome_slow_close/tr0/exp1/bs3/bs3.csv,634400.0
1602351585378,9,596192.0,235680.0,slice_mixed,rome_slow_close,tr0,exp1,bs3,data/colosseum-oran-commag-dataset/slice_mixed/rome_slow_close/tr0/exp1/bs3/bs3.csv,831872.0
1602351585628,9,541216.0,8512.0,slice_mixed,rome_slow_close,tr0,exp1,bs3,data/colosseum-oran-commag-dataset/slice_mixed/rome_slow_close/tr0/exp1/bs3/bs3.csv,549728.0
1602351585878,9,613824.0,35680.0,slice_mixed,rome_slow_close,tr0,exp1,bs3,data/colosseum-oran-commag-dataset/slice_mixed/rome_slow_close/tr0/exp1/bs3/bs3.csv,649504.0
1602351586128,9,466688.0,54848.0,slice_mixed,rome_slow_close,tr0,exp1,bs3,data/colosseum-oran-commag-dataset/slice_mixed/rome_slow_close/tr0/exp1/bs3/bs3.csv,521536.0
1602351586378,9,647744.0,92896.0,slice_mixed,rome_slow_close,tr0,exp1,bs3,data/colosseum-oran-commag-dataset/slice_mixed/rome_slow_close/tr0/exp1/bs3/bs3.csv,740640.0
1602351586628,9,654016.0,0.0,slice_mixed,rome_slow_close,tr0,exp1,bs3,data/colosseum-oran-commag-dataset/slice_mixed/rome_slow_close/tr0/exp1/bs3/bs3.csv,654016.0
1602351586878,9,531232.0,19200.0,slice_mixed,rome_slow_close,tr0,exp1,bs3,data/colosseum-oran-commag-dataset/slice_mixed/rome_slow_close/tr0/exp1/bs3/bs3.csv,550432.0
1602351587128,9,616480.0,55392.0,slice_mixed,rome_slow_close,tr0,exp1,bs3,data/colosseum-oran-commag-dataset/slice_mixed/rome_slow_close/tr0/exp1/bs3/bs3.csv,671872.0
1602351587378,9,659680.0,37760.0,slice_mixed,rome_slow_close,tr0,exp1,bs3,data/colosseum-oran-commag-dataset/slice_mixed/rome_slow_close/tr0/exp1/bs3/bs3.csv,697440.0
1602351587628,9,698624.0,17888.0,slice_mixed,rome_slow_close,tr0,exp1,bs3,data/colosseum-oran-commag-dataset/slice_mixed/rome_slow_close/tr0/exp1/bs3/bs3.csv,716512.0
1602351587878,9,575584.0,36672.0,slice_mixed,rome_slow_close,tr0,exp1,bs3,data/colosseum-oran-commag-dataset/slice_mixed/rome_slow_close/tr0/exp1/bs3/bs3.csv,612256.0
1602351588128,9,546272.0,88672.0,slice_mixed,rome_slow_close,tr0,exp1,bs3,data/colosseum-oran-commag-dataset/slice_mixed/rome_slow_close/tr0/exp1/bs3/bs3.csv,634944.0
1602351588378,9,469824.0,61792.0,slice_mixed,rome_slow_close,tr0,exp1,bs3,data/colosseum-oran-commag-dataset/slice_mixed/rome_slow_close/tr0/exp1/bs3/bs3.csv,531616.0
1602351588628,9,506528.0,0.0,slice_mixed,rome_slow_close,tr0,exp1,bs3,data/colosseum-oran-commag-dataset/slice_mixed/rome_slow_close/tr0/exp1/bs3/bs3.csv,506528.0
1602351588878,9,548690.75,23196.787109,slice_mixed,rome_slow_close,tr0,exp1,bs3,data/colosseum-oran-commag-dataset/slice_mixed/rome_slow_close/tr0/exp1/bs3/bs3.csv,571887.537109
1602351589128,9,587704.875,148839.65625,slice_mixed,rome_slow_close,tr0,exp1,bs3,data/colosseum-oran-commag-dataset/slice_mixed/rome_slow_close/tr0/exp1/bs3/bs3.csv,736544.53125
1602351589378,9,592992.0,24800.0,slice_mixed,rome_slow_close,tr0,exp1,bs3,data/colosseum-oran-commag-dataset/slice_mixed/rome_slow_close/tr0/exp1/bs3/bs3.csv,617792.0
1602351589628,9,557269.0625,27244.978516,slice_mixed,rome_slow_close,tr0,exp1,bs3,data/colosseum-oran-commag-dataset/slice_mixed/rome_slow_close/tr0/exp1/bs3/bs3.csv,584514.041016
1602351589878,9,539008.0,29504.0,slice_mixed,rome_slow_close,tr0,exp1,bs3,data/colosseum-oran-commag-dataset/slice_mixed/rome_slow_close/tr0/exp1/bs3/bs3.csv,568512.0
1602351590128,9,555744.0,209760.0,slice_mixed,rome_slow_close,tr0,exp1,bs3,data/colosseum-oran-commag-dataset/slice_mixed/rome_slow_close/tr0/exp1/bs3/bs3.csv,765504.0
1602351590378,9,584064.0,60096.0,slice_mixed,rome_slow_close,tr0,exp1,bs3,data/colosseum-oran-commag-dataset/slice_mixed/rome_slow_close/tr0/exp1/bs3/bs3.csv,644160.0
1602351590628,9,657466.125,0.0,slice_mixed,rome_slow_close,tr0,exp1,bs3,data/colosseum-oran-commag-dataset/slice_mixed/rome_slow_close/tr0/exp1/bs3/bs3.csv,657466.125
1602351590878,9,661664.0,47776.0,slice_mixed,rome_slow_close,tr0,exp1,bs3,data/colosseum-oran-commag-dataset/slice_mixed/rome_slow_close/tr0/exp1/bs3/bs3.csv,709440.0
1602351591128,9,649984.0,41568.0,slice_mixed,rome_slow_close,tr0,exp1,bs3,data/colosseum-oran-commag-dataset/slice_mixed/rome_slow_close/tr0/exp1/bs3/bs3.csv,691552.0
1602351591378,9,560160.0,24992.0,slice_mixed,rome_slow_close,tr0,exp1,bs3,data/colosseum-oran-commag-dataset/slice_mixed/rome_slow_close/tr0/exp1/bs3/bs3.csv,585152.0
1602351591628,9,636544.0,27744.0,slice_mixed,rome_slow_close,tr0,exp1,bs3,data/colosseum-oran-commag-dataset/slice_mixed/rome_slow_close/tr0/exp1/bs3/bs3.csv,664288.0
1602351591878,9,649408.0,31200.0,slice_mixed,rome_slow_close,tr0,exp1,bs3,data/colosseum-oran-commag-dataset/slice_mixed/rome_slow_close/tr0/exp1/bs3/bs3.csv,680608.0
1602351592128,9,567648.0,164960.0,slice_mixed,rome_slow_close,tr0,exp1,bs3,data/colosseum-oran-commag-dataset/slice_mixed/rome_slow_close/tr0/exp1/bs3/bs3.csv,732608.0
1602351592378,9,666272.0,50048.0,slice_mixed,rome_slow_close,tr0,exp1,bs3,data/colosseum-oran-commag-dataset/slice_mixed/rome_slow_close/tr0/exp1/bs3/bs3.csv,716320.0
1602351592628,9,634112.0,0.0,slice_mixed,rome_slow_close,tr0,exp1,bs3,data/colosseum-oran-commag-dataset/slice_mixed/rome_slow_close/tr0/exp1/bs3/bs3.csv,634112.0
1602351592878,9,631296.0,60608.0,slice_mixed,rome_slow_close,tr0,exp1,bs3,data/colosseum-oran-commag-dataset/slice_mixed/rome_slow_close/tr0/exp1/bs3/bs3.csv,691904.0
1602351593128,9,636096.0,68768.0,slice_mixed,rome_slow_close,tr0,exp1,bs3,data/colosseum-oran-commag-dataset/slice_mixed/rome_slow_close/tr0/exp1/bs3/bs3.csv,704864.0
1602351593378,9,678016.0,34656.0,slice_mixed,rome_slow_close,tr0,exp1,bs3,data/colosseum-oran-commag-dataset/slice_mixed/rome_slow_close/tr0/exp1/bs3/bs3.csv,712672.0
1602351593628,9,627072.0,0.0,slice_mixed,rome_slow_close,tr0,exp1,bs3,data/colosseum-oran-commag-dataset/slice_mixed/rome_slow_close/tr0/exp1/bs3/bs3.csv,627072.0
1602351593878,9,573952.0,14528.0,slice_mixed,rome_slow_close,tr0,exp1,bs3,data/colosseum-oran-commag-dataset/slice_mixed/rome_slow_close/tr0/exp1/bs3/bs3.csv,588480.0
1602351594128,9,600000.0,37984.0,slice_mixed,rome_slow_close,tr0,exp1,bs3,data/colosseum-oran-commag-dataset/slice_mixed/rome_slow_close/tr0/exp1/bs3/bs3.csv,637984.0
1602351594378,9,402208.0,156640.0,slice_mixed,rome_slow_close,tr0,exp1,bs3,data/colosseum-oran-commag-dataset/slice_mixed/rome_slow_close/tr0/exp1/bs3/bs3.csv,558848.0
1602351594628,9,604704.0,0.0,slice_mixed,rome_slow_close,tr0,exp1,bs3,data/colosseum-oran-commag-dataset/slice_mixed/rome_slow_close/tr0/exp1/bs3/bs3.csv,604704.0
1602351594878,9,508256.0,43552.0,slice_mixed,rome_slow_close,tr0,exp1,bs3,data/colosseum-oran-commag-dataset/slice_mixed/rome_slow_close/tr0/exp1/bs3/bs3.csv,551808.0
1602351595128,9,558368.0,219200.0,slice_mixed,rome_slow_close,tr0,exp1,bs3,data/colosseum-oran-commag-dataset/slice_mixed/rome_slow_close/tr0/exp1/bs3/bs3.csv,777568.0
1602351595378,9,497240.15625,79360.257812,slice_mixed,rome_slow_close,tr0,exp1,bs3,data/colosseum-oran-commag-dataset/slice_mixed/rome_slow_close/tr0/exp1/bs3/bs3.csv,576600.414062
1602351595628,9,545114.0625,0.0,slice_mixed,rome_slow_close,tr0,exp1,bs3,data/colosseum-oran-commag-dataset/slice_mixed/rome_slow_close/tr0/exp1/bs3/bs3.csv,545114.0625
1602351595878,9,459059.75,2039.840698,slice_mixed,rome_slow_close,tr0,exp1,bs3,data/colosseum-oran-commag-dataset/slice_mixed/rome_slow_close/tr0/exp1/bs3/bs3.csv,461099.590698
1602351596128,9,491469.90625,77365.460938,slice_mixed,rome_slow_close,tr0,exp1,bs3,data/colosseum-oran-commag-dataset/slice_mixed/rome_slow_close/tr0/exp1/bs3/bs3.csv,568835.367188
1602351596378,9,596544.0,133536.0,slice_mixed,rome_slow_close,tr0,exp1,bs3,data/colosseum-oran-commag-dataset/slice_mixed/rome_slow_close/tr0/exp1/bs3/bs3.csv,730080.0
1602351596628,9,452000.0,0.0,slice_mixed,rome_slow_close,tr0,exp1,bs3,data/colosseum-oran-commag-dataset/slice_mixed/rome_slow_close/tr0/exp1/bs3/bs3.csv,452000.0
1602351596878,9,464256.0,25664.0,slice_mixed,rome_slow_close,tr0,exp1,bs3,data/colosseum-oran-commag-dataset/slice_mixed/rome_slow_close/tr0/exp1/bs3/bs3.csv,489920.0
1602351597128,9,496764.9375,65115.535156,slice_mixed,rome_slow_close,tr0,exp1,bs3,data/colosseum-oran-commag-dataset/slice_mixed/rome_slow_close/tr0/exp1/bs3/bs3.csv,561880.4726559999
1602351597378,9,492096.0,23872.0,slice_mixed,rome_slow_close,tr0,exp1,bs3,data/colosseum-oran-commag-dataset/slice_mixed/rome_slow_close/tr0/exp1/bs3/bs3.csv,515968.0
1602351597628,9,531104.0,0.0,slice_mixed,rome_slow_close,tr0,exp1,bs3,data/colosseum-oran-commag-dataset/slice_mixed/rome_slow_close/tr0/exp1/bs3/bs3.csv,531104.0
1602351597878,9,499520.0,26048.0,slice_mixed,rome_slow_close,tr0,exp1,bs3,data/colosseum-oran-commag-dataset/slice_mixed/rome_slow_close/tr0/exp1/bs3/bs3.csv,525568.0
1602351598128,9,497536.0,54752.0,slice_mixed,rome_slow_close,tr0,exp1,bs3,data/colosseum-oran-commag-dataset/slice_mixed/rome_slow_close/tr0/exp1/bs3/bs3.csv,552288.0
1602351598378,9,564352.0,53280.0,slice_mixed,rome_slow_close,tr0,exp1,bs3,data/colosseum-oran-commag-dataset/slice_mixed/rome_slow_close/tr0/exp1/bs3/bs3.csv,617632.0
1602351598628,9,568896.0,1568.0,slice_mixed,rome_slow_close,tr0,exp1,bs3,data/colosseum-oran-commag-dataset/slice_mixed/rome_slow_close/tr0/exp1/bs3/bs3.csv,570464.0
1602351598878,9,468928.0,11264.0,slice_mixed,rome_slow_close,tr0,exp1,bs3,data/colosseum-oran-commag-dataset/slice_mixed/rome_slow_close/tr0/exp1/bs3/bs3.csv,480192.0
1602351599128,9,546496.0,38656.0,slice_mixed,rome_slow_close,tr0,exp1,bs3,data/colosseum-oran-commag-dataset/slice_mixed/rome_slow_close/tr0/exp1/bs3/bs3.csv,585152.0
1602351599378,9,535328.0,39584.0,slice_mixed,rome_slow_close,tr0,exp1,bs3,data/colosseum-oran-commag-dataset/slice_mixed/rome_slow_close/tr0/exp1/bs3/bs3.csv,574912.0
1602351599628,9,502272.0,30336.0,slice_mixed,rome_slow_close,tr0,exp1,bs3,data/colosseum-oran-commag-dataset/slice_mixed/rome_slow_close/tr0/exp1/bs3/bs3.csv,532608.0
1602351599878,9,406976.0,13408.0,slice_mixed,rome_slow_close,tr0,exp1,bs3,data/colosseum-oran-commag-dataset/slice_mixed/rome_slow_close/tr0/exp1/bs3/bs3.csv,420384.0
1602351600128,9,356384.0,104832.0,slice_mixed,rome_slow_close,tr0,exp1,bs3,data/colosseum-oran-commag-dataset/slice_mixed/rome_slow_close/tr0/exp1/bs3/bs3.csv,461216.0
1602351600378,9,450720.0,68544.0,slice_mixed,rome_slow_close,tr0,exp1,bs3,data/colosseum-oran-commag-dataset/slice_mixed/rome_slow_close/tr0/exp1/bs3/bs3.csv,519264.0
1602351600628,9,414944.0,0.0,slice_mixed,rome_slow_close,tr0,exp1,bs3,data/colosseum-oran-commag-dataset/slice_mixed/rome_slow_close/tr0/exp1/bs3/bs3.csv,414944.0
1602351600878,9,370848.0,59360.0,slice_mixed,rome_slow_close,tr0,exp1,bs3,data/colosseum-oran-commag-dataset/slice_mixed/rome_slow_close/tr0/exp1/bs3/bs3.csv,430208.0
1602351601128,9,332640.0,107872.0,slice_mixed,rome_slow_close,tr0,exp1,bs3,data/colosseum-oran-commag-dataset/slice_mixed/rome_slow_close/tr0/exp1/bs3/bs3.csv,440512.0
1602351601378,9,512384.0,37248.0,slice_mixed,rome_slow_close,tr0,exp1,bs3,data/colosseum-oran-commag-dataset/slice_mixed/rome_slow_close/tr0/exp1/bs3/bs3.csv,549632.0
1602351601628,9,492594.40625,0.0,slice_mixed,rome_slow_close,tr0,exp1,bs3,data/colosseum-oran-commag-dataset/slice_mixed/rome_slow_close/tr0/exp1/bs3/bs3.csv,492594.40625
1602351601878,9,374752.0,12704.0,slice_mixed,rome_slow_close,tr0,exp1,bs3,data/colosseum-oran-commag-dataset/slice_mixed/rome_slow_close/tr0/exp1/bs3/bs3.csv,387456.0
1602351602128,9,487790.4375,116621.515625,slice_mixed,rome_slow_close,tr0,exp1,bs3,data/colosseum-oran-commag-dataset/slice_mixed/rome_slow_close/tr0/exp1/bs3/bs3.csv,604411.953125
1602351602378,9,476939.6875,40448.0,slice_mixed,rome_slow_close,tr0,exp1,bs3,data/colosseum-oran-commag-dataset/slice_mixed/rome_slow_close/tr0/exp1/bs3/bs3.csv,517387.6875
1602351602628,9,465883.90625,12512.0,slice_mixed,rome_slow_close,tr0,exp1,bs3,data/colosseum-oran-commag-dataset/slice_mixed/rome_slow_close/tr0/exp1/bs3/bs3.csv,478395.90625
1602351602878,9,512576.0,12544.0,slice_mixed,rome_slow_close,tr0,exp1,bs3,data/colosseum-oran-commag-dataset/slice_mixed/rome_slow_close/tr0/exp1/bs3/bs3.csv,525120.0
1602351603128,9,365568.0,59072.0,slice_mixed,rome_slow_close,tr0,exp1,bs3,data/colosseum-oran-commag-dataset/slice_mixed/rome_slow_close/tr0/exp1/bs3/bs3.csv,424640.0
1602351603378,9,512320.0,72960.0,slice_mixed,rome_slow_close,tr0,exp1,bs3,data/colosseum-oran-commag-dataset/slice_mixed/rome_slow_close/tr0/exp1/bs3/bs3.csv,585280.0
1602351603628,9,358016.0,0.0,slice_mixed,rome_slow_close,tr0,exp1,bs3,data/colosseum-oran-commag-dataset/slice_mixed/rome_slow_close/tr0/exp1/bs3/bs3.csv,358016.0
1602351603878,9,491251.0,48956.175781,slice_mixed,rome_slow_close,tr0,exp1,bs3,data/colosseum-oran-commag-dataset/slice_mixed/rome_slow_close/tr0/exp1/bs3/bs3.csv,540207.1757809999
1602351604128,9,505472.0,37952.0,slice_mixed,rome_slow_close,tr0,exp1,bs3,data/colosseum-oran-commag-dataset/slice_mixed/rome_slow_close/tr0/exp1/bs3/bs3.csv,543424.0
1602351604378,9,721536.0,128736.0,slice_mixed,rome_slow_close,tr0,exp1,bs3,data/colosseum-oran-commag-dataset/slice_mixed/rome_slow_close/tr0/exp1/bs3/bs3.csv,850272.0
1602351604628,9,524320.0,7648.0,slice_mixed,rome_slow_close,tr0,exp1,bs3,data/colosseum-oran-commag-dataset/slice_mixed/rome_slow_close/tr0/exp1/bs3/bs3.csv,531968.0
1602351604878,9,680480.0,47872.0,slice_mixed,rome_slow_close,tr0,exp1,bs3,data/colosseum-oran-commag-dataset/slice_mixed/rome_slow_close/tr0/exp1/bs3/bs3.csv,728352.0
1602351605128,9,661280.0,108928.0,slice_mixed,rome_slow_close,tr0,exp1,bs3,data/colosseum-oran-commag-dataset/slice_mixed/rome_slow_close/tr0/exp1/bs3/bs3.csv,770208.0
1602351605378,9,609536.0,138816.0,slice_mixed,rome_slow_close,tr0,exp1,bs3,data/colosseum-oran-commag-dataset/slice_mixed/rome_slow_close/tr0/exp1/bs3/bs3.csv,748352.0
1602351605628,9,506176.0,0.0,slice_mixed,rome_slow_close,tr0,exp1,bs3,data/colosseum-oran-commag-dataset/slice_mixed/rome_slow_close/tr0/exp1/bs3/bs3.csv,506176.0
1602351605878,9,445536.0,101376.0,slice_mixed,rome_slow_close,tr0,exp1,bs3,data/colosseum-oran-commag-dataset/slice_mixed/rome_slow_close/tr0/exp1/bs3/bs3.csv,546912.0
1602351606128,9,331104.0,33920.0,slice_mixed,rome_slow_close,tr0,exp1,bs3,data/colosseum-oran-commag-dataset/slice_mixed/rome_slow_close/tr0/exp1/bs3/bs3.csv,365024.0
1602351606378,9,398272.0,50432.0,slice_mixed,rome_slow_close,tr0,exp1,bs3,data/colosseum-oran-commag-dataset/slice_mixed/rome_slow_close/tr0/exp1/bs3/bs3.csv,448704.0
1602351606628,9,541152.0,0.0,slice_mixed,rome_slow_close,tr0,exp1,bs3,data/colosseum-oran-commag-dataset/slice_mixed/rome_slow_close/tr0/exp1/bs3/bs3.csv,541152.0
1602351606878,9,448896.0,47520.0,slice_mixed,rome_slow_close,tr0,exp1,bs3,data/colosseum-oran-commag-dataset/slice_mixed/rome_slow_close/tr0/exp1/bs3/bs3.csv,496416.0
1602351607128,9,457824.0,87680.0,slice_mixed,rome_slow_close,tr0,exp1,bs3,data/colosseum-oran-commag-dataset/slice_mixed/rome_slow_close/tr0/exp1/bs3/bs3.csv,545504.0
1602351607378,9,521088.0,32896.0,slice_mixed,rome_slow_close,tr0,exp1,bs3,data/colosseum-oran-commag-dataset/slice_mixed/rome_slow_close/tr0/exp1/bs3/bs3.csv,553984.0
1602351607628,9,443552.0,0.0,slice_mixed,rome_slow_close,tr0,exp1,bs3,data/colosseum-oran-commag-dataset/slice_mixed/rome_slow_close/tr0/exp1/bs3/bs3.csv,443552.0
1602351607878,9,404787.15625,20658.634766,slice_mixed,rome_slow_close,tr0,exp1,bs3,data/colosseum-oran-commag-dataset/slice_mixed/rome_slow_close/tr0/exp1/bs3/bs3.csv,425445.791016
1602351608128,9,457753.0,56509.960938,slice_mixed,rome_slow_close,tr0,exp1,bs3,data/colosseum-oran-commag-dataset/slice_mixed/rome_slow_close/tr0/exp1/bs3/bs3.csv,514262.960938
1602351608378,9,611616.0,42240.0,slice_mixed,rome_slow_close,tr0,exp1,bs3,data/colosseum-oran-commag-dataset/slice_mixed/rome_slow_close/tr0/exp1/bs3/bs3.csv,653856.0
1602351608628,9,468224.0,0.0,slice_mixed,rome_slow_close,tr0,exp1,bs3,data/colosseum-oran-commag-dataset/slice_mixed/rome_slow_close/tr0/exp1/bs3/bs3.csv,468224.0
1602351608878,9,502016.0,29600.0,slice_mixed,rome_slow_close,tr0,exp1,bs3,data/colosseum-oran-commag-dataset/slice_mixed/rome_slow_close/tr0/exp1/bs3/bs3.csv,531616.0
1602351609128,9,490249.0,56514.054688,slice_mixed,rome_slow_close,tr0,exp1,bs3,data/colosseum-oran-commag-dataset/slice_mixed/rome_slow_close/tr0/exp1/bs3/bs3.csv,546763.054688
1602351609378,9,445088.0,86400.0,slice_mixed,rome_slow_close,tr0,exp1,bs3,data/colosseum-oran-commag-dataset/slice_mixed/rome_slow_close/tr0/exp1/bs3/bs3.csv,531488.0
1602351609628,9,342976.0,0.0,slice_mixed,rome_slow_close,tr0,exp1,bs3,data/colosseum-oran-commag-dataset/slice_mixed/rome_slow_close/tr0/exp1/bs3/bs3.csv,342976.0
1602351609878,9,527456.0,28192.0,slice_mixed,rome_slow_close,tr0,exp1,bs3,data/colosseum-oran-commag-dataset/slice_mixed/rome_slow_close/tr0/exp1/bs3/bs3.csv,555648.0
1602351610128,9,303200.0,127200.0,slice_mixed,rome_slow_close,tr0,exp1,bs3,data/colosseum-oran-commag-dataset/slice_mixed/rome_slow_close/tr0/exp1/bs3/bs3.csv,430400.0
1602351610378,9,147251.0,46693.226562,slice_mixed,rome_slow_close,tr0,exp1,bs3,data/colosseum-oran-commag-dataset/slice_mixed/rome_slow_close/tr0/exp1/bs3/bs3.csv,193944.226562
1602351610628,9,377824.0,0.0,slice_mixed,rome_slow_close,tr0,exp1,bs3,data/colosseum-oran-commag-dataset/slice_mixed/rome_slow_close/tr0/exp1/bs3/bs3.csv,377824.0
1602351610878,9,360960.0,51360.0,slice_mixed,rome_slow_close,tr0,exp1,bs3,data/colosseum-oran-commag-dataset/slice_mixed/rome_slow_close/tr0/exp1/bs3/bs3.csv,412320.0
1602351611128,9,417536.0,32928.0,slice_mixed,rome_slow_close,tr0,exp1,bs3,data/colosseum-oran-commag-dataset/slice_mixed/rome_slow_close/tr0/exp1/bs3/bs3.csv,450464.0
1602351611378,9,530112.0,23296.0,slice_mixed,rome_slow_close,tr0,exp1,bs3,data/colosseum-oran-commag-dataset/slice_mixed/rome_slow_close/tr0/exp1/bs3/bs3.csv,553408.0
1602351611628,9,565056.0,21600.0,slice_mixed,rome_slow_close,tr0,exp1,bs3,data/colosseum-oran-commag-dataset/slice_mixed/rome_slow_close/tr0/exp1/bs3/bs3.csv,586656.0
1602351611878,9,491072.0,49504.0,slice_mixed,rome_slow_close,tr0,exp1,bs3,data/colosseum-oran-commag-dataset/slice_mixed/rome_slow_close/tr0/exp1/bs3/bs3.csv,540576.0
1602351612128,9,428218.75,57344.0,slice_mixed,rome_slow_close,tr0,exp1,bs3,data/colosseum-oran-commag-dataset/slice_mixed/rome_slow_close/tr0/exp1/bs3/bs3.csv,485562.75
1602351612378,9,456273.59375,117335.84375,slice_mixed,rome_slow_close,tr0,exp1,bs3,data/colosseum-oran-commag-dataset/slice_mixed/rome_slow_close/tr0/exp1/bs3/bs3.csv,573609.4375
1602351612628,9,525920.0,0.0,slice_mixed,rome_slow_close,tr0,exp1,bs3,data/colosseum-oran-commag-dataset/slice_mixed/rome_slow_close/tr0/exp1/bs3/bs3.csv,525920.0
1602351612878,9,381600.0,19104.0,slice_mixed,rome_slow_close,tr0,exp1,bs3,data/colosseum-oran-commag-dataset/slice_mixed/rome_slow_close/tr0/exp1/bs3/bs3.csv,400704.0
1602351613128,9,349536.0,64512.0,slice_mixed,rome_slow_close,tr0,exp1,bs3,data/colosseum-oran-commag-dataset/slice_mixed/rome_slow_close/tr0/exp1/bs3/bs3.csv,414048.0
1602351613378,9,395200.0,41632.0,slice_mixed,rome_slow_close,tr0,exp1,bs3,data/colosseum-oran-commag-dataset/slice_mixed/rome_slow_close/tr0/exp1/bs3/bs3.csv,436832.0
1602351613628,9,380928.0,1568.0,slice_mixed,rome_slow_close,tr0,exp1,bs3,data/colosseum-oran-commag-dataset/slice_mixed/rome_slow_close/tr0/exp1/bs3/bs3.csv,382496.0
1602351613878,9,348576.0,33888.0,slice_mixed,rome_slow_close,tr0,exp1,bs3,data/colosseum-oran-commag-dataset/slice_mixed/rome_slow_close/tr0/exp1/bs3/bs3.csv,382464.0
1602351614128,9,407808.0,67584.0,slice_mixed,rome_slow_close,tr0,exp1,bs3,data/colosseum-oran-commag-dataset/slice_mixed/rome_slow_close/tr0/exp1/bs3/bs3.csv,475392.0
1602351614378,9,372291.71875,17792.0,slice_mixed,rome_slow_close,tr0,exp1,bs3,data/colosseum-oran-commag-dataset/slice_mixed/rome_slow_close/tr0/exp1/bs3/bs3.csv,390083.71875
1602351614628,9,398108.0625,111368.796875,slice_mixed,rome_slow_close,tr0,exp1,bs3,data/colosseum-oran-commag-dataset/slice_mixed/rome_slow_close/tr0/exp1/bs3/bs3.csv,509476.859375
1602351614878,9,389861.0,20048.193359,slice_mixed,rome_slow_close,tr0,exp1,bs3,data/colosseum-oran-commag-dataset/slice_mixed/rome_slow_close/tr0/exp1/bs3/bs3.csv,409909.193359
1602351615128,9,444944.5625,70592.0,slice_mixed,rome_slow_close,tr0,exp1,bs3,data/colosseum-oran-commag-dataset/slice_mixed/rome_slow_close/tr0/exp1/bs3/bs3.csv,515536.5625
1602351615378,9,436930.1875,53087.484375,slice_mixed,rome_slow_close,tr0,exp1,bs3,data/colosseum-oran-commag-dataset/slice_mixed/rome_slow_close/tr0/exp1/bs3/bs3.csv,490017.671875
1602351615628,9,384928.0,0.0,slice_mixed,rome_slow_close,tr0,exp1,bs3,data/colosseum-oran-commag-dataset/slice_mixed/rome_slow_close/tr0/exp1/bs3/bs3.csv,384928.0
1602351615878,9,447808.0,48896.0,slice_mixed,rome_slow_close,tr0,exp1,bs3,data/colosseum-oran-commag-dataset/slice_mixed/rome_slow_close/tr0/exp1/bs3/bs3.csv,496704.0
1602351616128,9,354816.0,92256.0,slice_mixed,rome_slow_close,tr0,exp1,bs3,data/colosseum-oran-commag-dataset/slice_mixed/rome_slow_close/tr0/exp1/bs3/bs3.csv,447072.0
1602351616378,9,483008.0,43840.0,slice_mixed,rome_slow_close,tr0,exp1,bs3,data/colosseum-oran-commag-dataset/slice_mixed/rome_slow_close/tr0/exp1/bs3/bs3.csv,526848.0
1602351616628,9,436832.0,22048.0,slice_mixed,rome_slow_close,tr0,exp1,bs3,data/colosseum-oran-commag-dataset/slice_mixed/rome_slow_close/tr0/exp1/bs3/bs3.csv,458880.0
1602351616878,9,395952.1875,3952.191162,slice_mixed,rome_slow_close,tr0,exp1,bs3,data/colosseum-oran-commag-dataset/slice_mixed/rome_slow_close/tr0/exp1/bs3/bs3.csv,399904.378662
1602351617128,9,355712.0,65472.0,slice_mixed,rome_slow_close,tr0,exp1,bs3,data/colosseum-oran-commag-dataset/slice_mixed/rome_slow_close/tr0/exp1/bs3/bs3.csv,421184.0
1602351617378,9,391520.0,83808.0,slice_mixed,rome_slow_close,tr0,exp1,bs3,data/colosseum-oran-commag-dataset/slice_mixed/rome_slow_close/tr0/exp1/bs3/bs3.csv,475328.0
1602351617628,9,262624.0,0.0,slice_mixed,rome_slow_close,tr0,exp1,bs3,data/colosseum-oran-commag-dataset/slice_mixed/rome_slow_close/tr0/exp1/bs3/bs3.csv,262624.0
1602351617878,9,411424.0,11136.0,slice_mixed,rome_slow_close,tr0,exp1,bs3,data/colosseum-oran-commag-dataset/slice_mixed/rome_slow_close/tr0/exp1/bs3/bs3.csv,422560.0
1602351618128,9,399584.0,56224.0,slice_mixed,rome_slow_close,tr0,exp1,bs3,data/colosseum-oran-commag-dataset/slice_mixed/rome_slow_close/tr0/exp1/bs3/bs3.csv,455808.0
1602351618378,9,443433.75,86008.9375,slice_mixed,rome_slow_close,tr0,exp1,bs3,data/colosseum-oran-commag-dataset/slice_mixed/rome_slow_close/tr0/exp1/bs3/bs3.csv,529442.6875
1602351618628,9,421400.75,0.0,slice_mixed,rome_slow_close,tr0,exp1,bs3,data/colosseum-oran-commag-dataset/slice_mixed/rome_slow_close/tr0/exp1/bs3/bs3.csv,421400.75
1602351618878,9,318048.0,6912.0,slice_mixed,rome_slow_close,tr0,exp1,bs3,data/colosseum-oran-commag-dataset/slice_mixed/rome_slow_close/tr0/exp1/bs3/bs3.csv,324960.0
1602351619128,9,332288.0,99296.0,slice_mixed,rome_slow_close,tr0,exp1,bs3,data/colosseum-oran-commag-dataset/slice_mixed/rome_slow_close/tr0/exp1/bs3/bs3.csv,431584.0
1602351619378,9,461952.0,50464.0,slice_mixed,rome_slow_close,tr0,exp1,bs3,data/colosseum-oran-commag-dataset/slice_mixed/rome_slow_close/tr0/exp1/bs3/bs3.csv,512416.0
1602351619628,9,274882.3125,0.0,slice_mixed,rome_slow_close,tr0,exp1,bs3,data/colosseum-oran-commag-dataset/slice_mixed/rome_slow_close/tr0/exp1/bs3/bs3.csv,274882.3125
1602351619878,9,585912.0,44557.769531,slice_mixed,rome_slow_close,tr0,exp1,bs3,data/colosseum-oran-commag-dataset/slice_mixed/rome_slow_close/tr0/exp1/bs3/bs3.csv,630469.7695309999
1602351620128,9,485088.0,64992.0,slice_mixed,rome_slow_close,tr0,exp1,bs3,data/colosseum-oran-commag-dataset/slice_mixed/rome_slow_close/tr0/exp1/bs3/bs3.csv,550080.0
1602351620378,9,304000.03125,53044.179688,slice_mixed,rome_slow_close,tr0,exp1,bs3,data/colosseum-oran-commag-dataset/slice_mixed/rome_slow_close/tr0/exp1/bs3/bs3.csv,357044.210938
1602351620628,9,372096.0,3136.0,slice_mixed,rome_slow_close,tr0,exp1,bs3,data/colosseum-oran-commag-dataset/slice_mixed/rome_slow_close/tr0/exp1/bs3/bs3.csv,375232.0
1602351620878,9,424764.9375,73466.132812,slice_mixed,rome_slow_close,tr0,exp1,bs3,data/colosseum-oran-commag-dataset/slice_mixed/rome_slow_close/tr0/exp1/bs3/bs3.csv,498231.070312
1602351621128,9,367168.0,14752.0,slice_mixed,rome_slow_close,tr0,exp1,bs3,data/colosseum-oran-commag-dataset/slice_mixed/rome_slow_close/tr0/exp1/bs3/bs3.csv,381920.0
1602351621378,9,398016.0,76576.0,slice_mixed,rome_slow_close,tr0,exp1,bs3,data/colosseum-oran-commag-dataset/slice_mixed/rome_slow_close/tr0/exp1/bs3/bs3.csv,474592.0
1602351621628,9,491630.53125,0.0,slice_mixed,rome_slow_close,tr0,exp1,bs3,data/colosseum-oran-commag-dataset/slice_mixed/rome_slow_close/tr0/exp1/bs3/bs3.csv,491630.53125
1602351621878,9,484704.0,54784.0,slice_mixed,rome_slow_close,tr0,exp1,bs3,data/colosseum-oran-commag-dataset/slice_mixed/rome_slow_close/tr0/exp1/bs3/bs3.csv,539488.0
1602351622128,9,434208.0,34112.0,slice_mixed,rome_slow_close,tr0,exp1,bs3,data/colosseum-oran-commag-dataset/slice_mixed/rome_slow_close/tr0/exp1/bs3/bs3.csv,468320.0
1602351622378,9,504000.0,157664.0,slice_mixed,rome_slow_close,tr0,exp1,bs3,data/colosseum-oran-commag-dataset/slice_mixed/rome_slow_close/tr0/exp1/bs3/bs3.csv,661664.0
1602351622628,9,409024.0,1568.0,slice_mixed,rome_slow_close,tr0,exp1,bs3,data/colosseum-oran-commag-dataset/slice_mixed/rome_slow_close/tr0/exp1/bs3/bs3.csv,410592.0
1602351622878,9,499680.0,44448.0,slice_mixed,rome_slow_close,tr0,exp1,bs3,data/colosseum-oran-commag-dataset/slice_mixed/rome_slow_close/tr0/exp1/bs3/bs3.csv,544128.0
1602351623128,9,327168.0,57856.0,slice_mixed,rome_slow_close,tr0,exp1,bs3,data/colosseum-oran-commag-dataset/slice_mixed/rome_slow_close/tr0/exp1/bs3/bs3.csv,385024.0
1602351623378,9,473824.0,14048.0,slice_mixed,rome_slow_close,tr0,exp1,bs3,data/colosseum-oran-commag-dataset/slice_mixed/rome_slow_close/tr0/exp1/bs3/bs3.csv,487872.0
1602351623628,9,289625.5,13577.689453,slice_mixed,rome_slow_close,tr0,exp1,bs3,data/colosseum-oran-commag-dataset/slice_mixed/rome_slow_close/tr0/exp1/bs3/bs3.csv,303203.189453
1602351623878,9,378976.0,18144.0,slice_mixed,rome_slow_close,tr0,exp1,bs3,data/colosseum-oran-commag-dataset/slice_mixed/rome_slow_close/tr0/exp1/bs3/bs3.csv,397120.0
1602351624128,9,340128.0,139808.0,slice_mixed,rome_slow_close,tr0,exp1,bs3,data/colosseum-oran-commag-dataset/slice_mixed/rome_slow_close/tr0/exp1/bs3/bs3.csv,479936.0
1602351624378,9,417184.0,74656.0,slice_mixed,rome_slow_close,tr0,exp1,bs3,data/colosseum-oran-commag-dataset/slice_mixed/rome_slow_close/tr0/exp1/bs3/bs3.csv,491840.0
1602351624628,9,395712.0,1568.0,slice_mixed,rome_slow_close,tr0,exp1,bs3,data/colosseum-oran-commag-dataset/slice_mixed/rome_slow_close/tr0/exp1/bs3/bs3.csv,397280.0
1602351624878,9,366651.5,44128.0,slice_mixed,rome_slow_close,tr0,exp1,bs3,data/colosseum-oran-commag-dataset/slice_mixed/rome_slow_close/tr0/exp1/bs3/bs3.csv,410779.5
1602351625128,9,264329.9375,48832.0,slice_mixed,rome_slow_close,tr0,exp1,bs3,data/colosseum-oran-commag-dataset/slice_mixed/rome_slow_close/tr0/exp1/bs3/bs3.csv,313161.9375
1602351625378,9,339936.0,35904.0,slice_mixed,rome_slow_close,tr0,exp1,bs3,data/colosseum-oran-commag-dataset/slice_mixed/rome_slow_close/tr0/exp1/bs3/bs3.csv,375840.0
1602351625628,9,373568.0,0.0,slice_mixed,rome_slow_close,tr0,exp1,bs3,data/colosseum-oran-commag-dataset/slice_mixed/rome_slow_close/tr0/exp1/bs3/bs3.csv,373568.0
1602351625878,9,364608.0,40576.0,slice_mixed,rome_slow_close,tr0,exp1,bs3,data/colosseum-oran-commag-dataset/slice_mixed/rome_slow_close/tr0/exp1/bs3/bs3.csv,405184.0
1602351626128,9,394464.0,54400.0,slice_mixed,rome_slow_close,tr0,exp1,bs3,data/colosseum-oran-commag-dataset/slice_mixed/rome_slow_close/tr0/exp1/bs3/bs3.csv,448864.0
1602351626378,9,280480.0,47808.0,slice_mixed,rome_slow_close,tr0,exp1,bs3,data/colosseum-oran-commag-dataset/slice_mixed/rome_slow_close/tr0/exp1/bs3/bs3.csv,328288.0
1602351626628,9,300640.0,0.0,slice_mixed,rome_slow_close,tr0,exp1,bs3,data/colosseum-oran-commag-dataset/slice_mixed/rome_slow_close/tr0/exp1/bs3/bs3.csv,300640.0
1602351626878,9,362976.0,32160.0,slice_mixed,rome_slow_close,tr0,exp1,bs3,data/colosseum-oran-commag-dataset/slice_mixed/rome_slow_close/tr0/exp1/bs3/bs3.csv,395136.0
1602351627128,9,250272.0,50496.0,slice_mixed,rome_slow_close,tr0,exp1,bs3,data/colosseum-oran-commag-dataset/slice_mixed/rome_slow_close/tr0/exp1/bs3/bs3.csv,300768.0
1602351627378,9,198464.0,15040.0,slice_mixed,rome_slow_close,tr0,exp1,bs3,data/colosseum-oran-commag-dataset/slice_mixed/rome_slow_close/tr0/exp1/bs3/bs3.csv,213504.0
1602351627628,9,284788.5625,18955.824219,slice_mixed,rome_slow_close,tr0,exp1,bs3,data/colosseum-oran-commag-dataset/slice_mixed/rome_slow_close/tr0/exp1/bs3/bs3.csv,303744.386719
1602351627878,9,314915.59375,27424.0,slice_mixed,rome_slow_close,tr0,exp1,bs3,data/colosseum-oran-commag-dataset/slice_mixed/rome_slow_close/tr0/exp1/bs3/bs3.csv,342339.59375
1602351628128,9,369088.0,76800.0,slice_mixed,rome_slow_close,tr0,exp1,bs3,data/colosseum-oran-commag-dataset/slice_mixed/rome_slow_close/tr0/exp1/bs3/bs3.csv,445888.0
1602351628378,9,161984.0,42848.0,slice_mixed,rome_slow_close,tr0,exp1,bs3,data/colosseum-oran-commag-dataset/slice_mixed/rome_slow_close/tr0/exp1/bs3/bs3.csv,204832.0
1602351628628,9,245728.0,0.0,slice_mixed,rome_slow_close,tr0,exp1,bs3,data/colosseum-oran-commag-dataset/slice_mixed/rome_slow_close/tr0/exp1/bs3/bs3.csv,245728.0
1602351628878,9,266912.0,43872.0,slice_mixed,rome_slow_close,tr0,exp1,bs3,data/colosseum-oran-commag-dataset/slice_mixed/rome_slow_close/tr0/exp1/bs3/bs3.csv,310784.0
1602351629128,9,387264.0,47232.0,slice_mixed,rome_slow_close,tr0,exp1,bs3,data/colosseum-oran-commag-dataset/slice_mixed/rome_slow_close/tr0/exp1/bs3/bs3.csv,434496.0
1602351629378,9,357024.0,45632.0,slice_mixed,rome_slow_close,tr0,exp1,bs3,data/colosseum-oran-commag-dataset/slice_mixed/rome_slow_close/tr0/exp1/bs3/bs3.csv,402656.0
1602351629628,9,386272.0,0.0,slice_mixed,rome_slow_close,tr0,exp1,bs3,data/colosseum-oran-commag-dataset/slice_mixed/rome_slow_close/tr0/exp1/bs3/bs3.csv,386272.0
1602351629878,9,481632.0,5344.0,slice_mixed,rome_slow_close,tr0,exp1,bs3,data/colosseum-oran-commag-dataset/slice_mixed/rome_slow_close/tr0/exp1/bs3/bs3.csv,486976.0
1602351630128,9,445418.3125,46693.226562,slice_mixed,rome_slow_close,tr0,exp1,bs3,data/colosseum-oran-commag-dataset/slice_mixed/rome_slow_close/tr0/exp1/bs3/bs3.csv,492111.539062
1602351630378,9,480384.0,19936.0,slice_mixed,rome_slow_close,tr0,exp1,bs3,data/colosseum-oran-commag-dataset/slice_mixed/rome_slow_close/tr0/exp1/bs3/bs3.csv,500320.0
1602351630628,9,346240.0,14080.0,slice_mixed,rome_slow_close,tr0,exp1,bs3,data/colosseum-oran-commag-dataset/slice_mixed/rome_slow_close/tr0/exp1/bs3/bs3.csv,360320.0
1602351630878,9,461408.0,26400.0,slice_mixed,rome_slow_close,tr0,exp1,bs3,data/colosseum-oran-commag-dataset/slice_mixed/rome_slow_close/tr0/exp1/bs3/bs3.csv,487808.0
1602351631128,9,416768.0,95200.0,slice_mixed,rome_slow_close,tr0,exp1,bs3,data/colosseum-oran-commag-dataset/slice_mixed/rome_slow_close/tr0/exp1/bs3/bs3.csv,511968.0
1602351631378,9,500224.0,40608.0,slice_mixed,rome_slow_close,tr0,exp1,bs3,data/colosseum-oran-commag-dataset/slice_mixed/rome_slow_close/tr0/exp1/bs3/bs3.csv,540832.0
1602351631628,9,345888.0,0.0,slice_mixed,rome_slow_close,tr0,exp1,bs3,data/colosseum-oran-commag-dataset/slice_mixed/rome_slow_close/tr0/exp1/bs3/bs3.csv,345888.0
1602351631878,9,282112.0,34112.0,slice_mixed,rome_slow_close,tr0,exp1,bs3,data/colosseum-oran-commag-dataset/slice_mixed/rome_slow_close/tr0/exp1/bs3/bs3.csv,316224.0
1602351632128,9,368256.0,49088.0,slice_mixed,rome_slow_close,tr0,exp1,bs3,data/colosseum-oran-commag-dataset/slice_mixed/rome_slow_close/tr0/exp1/bs3/bs3.csv,417344.0
1602351632378,9,305440.0,67104.0,slice_mixed,rome_slow_close,tr0,exp1,bs3,data/colosseum-oran-commag-dataset/slice_mixed/rome_slow_close/tr0/exp1/bs3/bs3.csv,372544.0
1602351632628,9,307200.0,0.0,slice_mixed,rome_slow_close,tr0,exp1,bs3,data/colosseum-oran-commag-dataset/slice_mixed/rome_slow_close/tr0/exp1/bs3/bs3.csv,307200.0
1602351632878,9,347104.0,12384.0,slice_mixed,rome_slow_close,tr0,exp1,bs3,data/colosseum-oran-commag-dataset/slice_mixed/rome_slow_close/tr0/exp1/bs3/bs3.csv,359488.0
1602351633128,9,263360.0,172160.0,slice_mixed,rome_slow_close,tr0,exp1,bs3,data/colosseum-oran-commag-dataset/slice_mixed/rome_slow_close/tr0/exp1/bs3/bs3.csv,435520.0
1602351633378,9,337632.0,163552.0,slice_mixed,rome_slow_close,tr0,exp1,bs3,data/colosseum-oran-commag-dataset/slice_mixed/rome_slow_close/tr0/exp1/bs3/bs3.csv,501184.0
1602351633628,9,343840.0,18368.0,slice_mixed,rome_slow_close,tr0,exp1,bs3,data/colosseum-oran-commag-dataset/slice_mixed/rome_slow_close/tr0/exp1/bs3/bs3.csv,362208.0
1602351633878,9,355890.5,85711.546875,slice_mixed,rome_slow_close,tr0,exp1,bs3,data/colosseum-oran-commag-dataset/slice_mixed/rome_slow_close/tr0/exp1/bs3/bs3.csv,441602.046875
1602351634128,9,243911.78125,64537.242188,slice_mixed,rome_slow_close,tr0,exp1,bs3,data/colosseum-oran-commag-dataset/slice_mixed/rome_slow_close/tr0/exp1/bs3/bs3.csv,308449.023438
1602351634378,9,359004.0,38650.601562,slice_mixed,rome_slow_close,tr0,exp1,bs3,data/colosseum-oran-commag-dataset/slice_mixed/rome_slow_close/tr0/exp1/bs3/bs3.csv,397654.601562
1602351634628,9,334752.0,0.0,slice_mixed,rome_slow_close,tr0,exp1,bs3,data/colosseum-oran-commag-dataset/slice_mixed/rome_slow_close/tr0/exp1/bs3/bs3.csv,334752.0
1602351634878,9,426467.34375,39936.0,slice_mixed,rome_slow_close,tr0,exp1,bs3,data/colosseum-oran-commag-dataset/slice_mixed/rome_slow_close/tr0/exp1/bs3/bs3.csv,466403.34375
1602351635128,9,471296.0,52480.0,slice_mixed,rome_slow_close,tr0,exp1,bs3,data/colosseum-oran-commag-dataset/slice_mixed/rome_slow_close/tr0/exp1/bs3/bs3.csv,523776.0
1602351635378,9,236992.0,33824.0,slice_mixed,rome_slow_close,tr0,exp1,bs3,data/colosseum-oran-commag-dataset/slice_mixed/rome_slow_close/tr0/exp1/bs3/bs3.csv,270816.0
1602351635628,9,320800.0,0.0,slice_mixed,rome_slow_close,tr0,exp1,bs3,data/colosseum-oran-commag-dataset/slice_mixed/rome_slow_close/tr0/exp1/bs3/bs3.csv,320800.0
1602351635878,9,318240.0,93664.0,slice_mixed,rome_slow_close,tr0,exp1,bs3,data/colosseum-oran-commag-dataset/slice_mixed/rome_slow_close/tr0/exp1/bs3/bs3.csv,411904.0
1602351636128,9,293024.0,44064.0,slice_mixed,rome_slow_close,tr0,exp1,bs3,data/colosseum-oran-commag-dataset/slice_mixed/rome_slow_close/tr0/exp1/bs3/bs3.csv,337088.0
1602351636378,9,370272.0,42592.0,slice_mixed,rome_slow_close,tr0,exp1,bs3,data/colosseum-oran-commag-dataset/slice_mixed/rome_slow_close/tr0/exp1/bs3/bs3.csv,412864.0
1602351636628,9,348812.75,0.0,slice_mixed,rome_slow_close,tr0,exp1,bs3,data/colosseum-oran-commag-dataset/slice_mixed/rome_slow_close/tr0/exp1/bs3/bs3.csv,348812.75
1602351636878,9,330528.0,10048.0,slice_mixed,rome_slow_close,tr0,exp1,bs3,data/colosseum-oran-commag-dataset/slice_mixed/rome_slow_close/tr0/exp1/bs3/bs3.csv,340576.0
1602351637128,9,387136.0,88096.0,slice_mixed,rome_slow_close,tr0,exp1,bs3,data/colosseum-oran-commag-dataset/slice_mixed/rome_slow_close/tr0/exp1/bs3/bs3.csv,475232.0
1602351637378,9,418592.0,17280.0,slice_mixed,rome_slow_close,tr0,exp1,bs3,data/colosseum-oran-commag-dataset/slice_mixed/rome_slow_close/tr0/exp1/bs3/bs3.csv,435872.0
1602351637628,9,474208.0,120704.0,slice_mixed,rome_slow_close,tr0,exp1,bs3,data/colosseum-oran-commag-dataset/slice_mixed/rome_slow_close/tr0/exp1/bs3/bs3.csv,594912.0
1602351637878,9,323840.0,87648.0,slice_mixed,rome_slow_close,tr0,exp1,bs3,data/colosseum-oran-commag-dataset/slice_mixed/rome_slow_close/tr0/exp1/bs3/bs3.csv,411488.0
1602351638128,9,385984.0,53376.0,slice_mixed,rome_slow_close,tr0,exp1,bs3,data/colosseum-oran-commag-dataset/slice_mixed/rome_slow_close/tr0/exp1/bs3/bs3.csv,439360.0
1602351638378,9,464416.0,38304.0,slice_mixed,rome_slow_close,tr0,exp1,bs3,data/colosseum-oran-commag-dataset/slice_mixed/rome_slow_close/tr0/exp1/bs3/bs3.csv,502720.0
1602351638628,9,481248.0,0.0,slice_mixed,rome_slow_close,tr0,exp1,bs3,data/colosseum-oran-commag-dataset/slice_mixed/rome_slow_close/tr0/exp1/bs3/bs3.csv,481248.0
1602351638878,9,498464.0,39840.0,slice_mixed,rome_slow_close,tr0,exp1,bs3,data/colosseum-oran-commag-dataset/slice_mixed/rome_slow_close/tr0/exp1/bs3/bs3.csv,538304.0
1602351639128,9,601504.0,44032.0,slice_mixed,rome_slow_close,tr0,exp1,bs3,data/colosseum-oran-commag-dataset/slice_mixed/rome_slow_close/tr0/exp1/bs3/bs3.csv,645536.0
1602351639378,9,514976.0,32608.0,slice_mixed,rome_slow_close,tr0,exp1,bs3,data/colosseum-oran-commag-dataset/slice_mixed/rome_slow_close/tr0/exp1/bs3/bs3.csv,547584.0
1602351639628,9,469760.0,1568.0,slice_mixed,rome_slow_close,tr0,exp1,bs3,data/colosseum-oran-commag-dataset/slice_mixed/rome_slow_close/tr0/exp1/bs3/bs3.csv,471328.0
1602351639878,9,480927.875,0.0,slice_mixed,rome_slow_close,tr0,exp1,bs3,data/colosseum-oran-commag-dataset/slice_mixed/rome_slow_close/tr0/exp1/bs3/bs3.csv,480927.875
1602351640128,9,499567.6875,106054.554688,slice_mixed,rome_slow_close,tr0,exp1,bs3,data/colosseum-oran-commag-dataset/slice_mixed/rome_slow_close/tr0/exp1/bs3/bs3.csv,605622.242188
1602351640378,9,551782.875,64271.042969,slice_mixed,rome_slow_close,tr0,exp1,bs3,data/colosseum-oran-commag-dataset/slice_mixed/rome_slow_close/tr0/exp1/bs3/bs3.csv,616053.9179690001
1602351640628,9,448044.09375,0.0,slice_mixed,rome_slow_close,tr0,exp1,bs3,data/colosseum-oran-commag-dataset/slice_mixed/rome_slow_close/tr0/exp1/bs3/bs3.csv,448044.09375
1602351640878,9,264832.0,13184.0,slice_mixed,rome_slow_close,tr0,exp1,bs3,data/colosseum-oran-commag-dataset/slice_mixed/rome_slow_close/tr0/exp1/bs3/bs3.csv,278016.0
1602351641128,9,409888.0,94720.0,slice_mixed,rome_slow_close,tr0,exp1,bs3,data/colosseum-oran-commag-dataset/slice_mixed/rome_slow_close/tr0/exp1/bs3/bs3.csv,504608.0
1602351641378,9,410464.0,38816.0,slice_mixed,rome_slow_close,tr0,exp1,bs3,data/colosseum-oran-commag-dataset/slice_mixed/rome_slow_close/tr0/exp1/bs3/bs3.csv,449280.0
1602351641628,9,510304.0,25056.0,slice_mixed,rome_slow_close,tr0,exp1,bs3,data/colosseum-oran-commag-dataset/slice_mixed/rome_slow_close/tr0/exp1/bs3/bs3.csv,535360.0
1602351641878,9,407872.0,23808.0,slice_mixed,rome_slow_close,tr0,exp1,bs3,data/colosseum-oran-commag-dataset/slice_mixed/rome_slow_close/tr0/exp1/bs3/bs3.csv,431680.0
1602351642128,9,470336.0,87968.0,slice_mixed,rome_slow_close,tr0,exp1,bs3,data/colosseum-oran-commag-dataset/slice_mixed/rome_slow_close/tr0/exp1/bs3/bs3.csv,558304.0
1602351642378,9,568448.0,66208.0,slice_mixed,rome_slow_close,tr0,exp1,bs3,data/colosseum-oran-commag-dataset/slice_mixed/rome_slow_close/tr0/exp1/bs3/bs3.csv,634656.0
1602351642628,9,554816.0,0.0,slice_mixed,rome_slow_close,tr0,exp1,bs3,data/colosseum-oran-commag-dataset/slice_mixed/rome_slow_close/tr0/exp1/bs3/bs3.csv,554816.0
1602351642878,9,451968.0,70624.0,slice_mixed,rome_slow_close,tr0,exp1,bs3,data/colosseum-oran-commag-dataset/slice_mixed/rome_slow_close/tr0/exp1/bs3/bs3.csv,522592.0
1602351643128,9,483474.09375,62884.460938,slice_mixed,rome_slow_close,tr0,exp1,bs3,data/colosseum-oran-commag-dataset/slice_mixed/rome_slow_close/tr0/exp1/bs3/bs3.csv,546358.554688
1602351643378,9,523808.0,43520.0,slice_mixed,rome_slow_close,tr0,exp1,bs3,data/colosseum-oran-commag-dataset/slice_mixed/rome_slow_close/tr0/exp1/bs3/bs3.csv,567328.0
1602351643628,9,471520.0,0.0,slice_mixed,rome_slow_close,tr0,exp1,bs3,data/colosseum-oran-commag-dataset/slice_mixed/rome_slow_close/tr0/exp1/bs3/bs3.csv,471520.0
1602351643878,9,455904.0,8480.0,slice_mixed,rome_slow_close,tr0,exp1,bs3,data/colosseum-oran-commag-dataset/slice_mixed/rome_slow_close/tr0/exp1/bs3/bs3.csv,464384.0
1602351644128,9,474080.0,91648.0,slice_mixed,rome_slow_close,tr0,exp1,bs3,data/colosseum-oran-commag-dataset/slice_mixed/rome_slow_close/tr0/exp1/bs3/bs3.csv,565728.0
1602351644378,9,504416.0,40032.0,slice_mixed,rome_slow_close,tr0,exp1,bs3,data/colosseum-oran-commag-dataset/slice_mixed/rome_slow_close/tr0/exp1/bs3/bs3.csv,544448.0
1602351644628,9,477056.0,0.0,slice_mixed,rome_slow_close,tr0,exp1,bs3,data/colosseum-oran-commag-dataset/slice_mixed/rome_slow_close/tr0/exp1/bs3/bs3.csv,477056.0
1602351644878,9,469760.0,37728.0,slice_mixed,rome_slow_close,tr0,exp1,bs3,data/colosseum-oran-commag-dataset/slice_mixed/rome_slow_close/tr0/exp1/bs3/bs3.csv,507488.0
1602351645128,9,531040.0,68384.0,slice_mixed,rome_slow_close,tr0,exp1,bs3,data/colosseum-oran-commag-dataset/slice_mixed/rome_slow_close/tr0/exp1/bs3/bs3.csv,599424.0
1602351645378,9,473696.0,43392.0,slice_mixed,rome_slow_close,tr0,exp1,bs3,data/colosseum-oran-commag-dataset/slice_mixed/rome_slow_close/tr0/exp1/bs3/bs3.csv,517088.0
1602351645628,9,506336.0,1568.0,slice_mixed,rome_slow_close,tr0,exp1,bs3,data/colosseum-oran-commag-dataset/slice_mixed/rome_slow_close/tr0/exp1/bs3/bs3.csv,507904.0
1602351645878,9,541024.0,88736.0,slice_mixed,rome_slow_close,tr0,exp1,bs3,data/colosseum-oran-commag-dataset/slice_mixed/rome_slow_close/tr0/exp1/bs3/bs3.csv,629760.0
1602351646128,9,395759.03125,42313.253906,slice_mixed,rome_slow_close,tr0,exp1,bs3,data/colosseum-oran-commag-dataset/slice_mixed/rome_slow_close/tr0/exp1/bs3/bs3.csv,438072.285156
1602351646378,9,598948.1875,107920.320312,slice_mixed,rome_slow_close,tr0,exp1,bs3,data/colosseum-oran-commag-dataset/slice_mixed/rome_slow_close/tr0/exp1/bs3/bs3.csv,706868.507812
1602351646628,9,518700.84375,0.0,slice_mixed,rome_slow_close,tr0,exp1,bs3,data/colosseum-oran-commag-dataset/slice_mixed/rome_slow_close/tr0/exp1/bs3/bs3.csv,518700.84375
1602351646878,9,562087.0625,109696.0,slice_mixed,rome_slow_close,tr0,exp1,bs3,data/colosseum-oran-commag-dataset/slice_mixed/rome_slow_close/tr0/exp1/bs3/bs3.csv,671783.0625
1602351647128,9,539648.0,41824.0,slice_mixed,rome_slow_close,tr0,exp1,bs3,data/colosseum-oran-commag-dataset/slice_mixed/rome_slow_close/tr0/exp1/bs3/bs3.csv,581472.0
1602351647378,9,520256.0,131008.0,slice_mixed,rome_slow_close,tr0,exp1,bs3,data/colosseum-oran-commag-dataset/slice_mixed/rome_slow_close/tr0/exp1/bs3/bs3.csv,651264.0
1602351647628,9,617312.0,0.0,slice_mixed,rome_slow_close,tr0,exp1,bs3,data/colosseum-oran-commag-dataset/slice_mixed/rome_slow_close/tr0/exp1/bs3/bs3.csv,617312.0
1602351647878,9,697472.0,35616.0,slice_mixed,rome_slow_close,tr0,exp1,bs3,data/colosseum-oran-commag-dataset/slice_mixed/rome_slow_close/tr0/exp1/bs3/bs3.csv,733088.0
1602351648128,9,728256.0,33792.0,slice_mixed,rome_slow_close,tr0,exp1,bs3,data/colosseum-oran-commag-dataset/slice_mixed/rome_slow_close/tr0/exp1/bs3/bs3.csv,762048.0
1602351648378,9,666656.0,28448.0,slice_mixed,rome_slow_close,tr0,exp1,bs3,data/colosseum-oran-commag-dataset/slice_mixed/rome_slow_close/tr0/exp1/bs3/bs3.csv,695104.0
1602351648628,9,633280.0,0.0,slice_mixed,rome_slow_close,tr0,exp1,bs3,data/colosseum-oran-commag-dataset/slice_mixed/rome_slow_close/tr0/exp1/bs3/bs3.csv,633280.0
1602351648878,9,729024.0,40384.0,slice_mixed,rome_slow_close,tr0,exp1,bs3,data/colosseum-oran-commag-dataset/slice_mixed/rome_slow_close/tr0/exp1/bs3/bs3.csv,769408.0
1602351649128,9,720000.0,92704.0,slice_mixed,rome_slow_close,tr0,exp1,bs3,data/colosseum-oran-commag-dataset/slice_mixed/rome_slow_close/tr0/exp1/bs3/bs3.csv,812704.0
1602351649378,9,520672.0,135648.0,slice_mixed,rome_slow_close,tr0,exp1,bs3,data/colosseum-oran-commag-dataset/slice_mixed/rome_slow_close/tr0/exp1/bs3/bs3.csv,656320.0
1602351649628,9,579136.0,79808.0,slice_mixed,rome_slow_close,tr0,exp1,bs3,data/colosseum-oran-commag-dataset/slice_mixed/rome_slow_close/tr0/exp1/bs3/bs3.csv,658944.0
1602351649878,9,570549.8125,3760.956055,slice_mixed,rome_slow_close,tr0,exp1,bs3,data/colosseum-oran-commag-dataset/slice_mixed/rome_slow_close/tr0/exp1/bs3/bs3.csv,574310.768555
1602351650128,9,514784.0,44416.0,slice_mixed,rome_slow_close,tr0,exp1,bs3,data/colosseum-oran-commag-dataset/slice_mixed/rome_slow_close/tr0/exp1/bs3/bs3.csv,559200.0
1602351650378,9,467488.0,121344.0,slice_mixed,rome_slow_close,tr0,exp1,bs3,data/colosseum-oran-commag-dataset/slice_mixed/rome_slow_close/tr0/exp1/bs3/bs3.csv,588832.0
1602351650628,9,720224.0,2176.0,slice_mixed,rome_slow_close,tr0,exp1,bs3,data/colosseum-oran-commag-dataset/slice_mixed/rome_slow_close/tr0/exp1/bs3/bs3.csv,722400.0
1602351650878,9,552064.0,3776.0,slice_mixed,rome_slow_close,tr0,exp1,bs3,data/colosseum-oran-commag-dataset/slice_mixed/rome_slow_close/tr0/exp1/bs3/bs3.csv,555840.0
1602351651128,9,532128.0,71520.0,slice_mixed,rome_slow_close,tr0,exp1,bs3,data/colosseum-oran-commag-dataset/slice_mixed/rome_slow_close/tr0/exp1/bs3/bs3.csv,603648.0
1602351651378,9,685952.0,11680.0,slice_mixed,rome_slow_close,tr0,exp1,bs3,data/colosseum-oran-commag-dataset/slice_mixed/rome_slow_close/tr0/exp1/bs3/bs3.csv,697632.0
1602351651628,9,583680.0,24000.0,slice_mixed,rome_slow_close,tr0,exp1,bs3,data/colosseum-oran-commag-dataset/slice_mixed/rome_slow_close/tr0/exp1/bs3/bs3.csv,607680.0
1602351651878,9,548992.0,3776.0,slice_mixed,rome_slow_close,tr0,exp1,bs3,data/colosseum-oran-commag-dataset/slice_mixed/rome_slow_close/tr0/exp1/bs3/bs3.csv,552768.0
1602351652128,9,492320.0,101856.0,slice_mixed,rome_slow_close,tr0,exp1,bs3,data/colosseum-oran-commag-dataset/slice_mixed/rome_slow_close/tr0/exp1/bs3/bs3.csv,594176.0
1602351652378,9,606016.0,18432.0,slice_mixed,rome_slow_close,tr0,exp1,bs3,data/colosseum-oran-commag-dataset/slice_mixed/rome_slow_close/tr0/exp1/bs3/bs3.csv,624448.0
1602351652628,9,599040.0,16320.0,slice_mixed,rome_slow_close,tr0,exp1,bs3,data/colosseum-oran-commag-dataset/slice_mixed/rome_slow_close/tr0/exp1/bs3/bs3.csv,615360.0
1602351652878,9,539552.0,41664.0,slice_mixed,rome_slow_close,tr0,exp1,bs3,data/colosseum-oran-commag-dataset/slice_mixed/rome_slow_close/tr0/exp1/bs3/bs3.csv,581216.0
1602351653128,9,517488.5625,69911.648438,slice_mixed,rome_slow_close,tr0,exp1,bs3,data/colosseum-oran-commag-dataset/slice_mixed/rome_slow_close/tr0/exp1/bs3/bs3.csv,587400.210938
1602351653378,9,508847.28125,122812.914062,slice_mixed,rome_slow_close,tr0,exp1,bs3,data/colosseum-oran-commag-dataset/slice_mixed/rome_slow_close/tr0/exp1/bs3/bs3.csv,631660.195312
1602351653628,9,562688.0,0.0,slice_mixed,rome_slow_close,tr0,exp1,bs3,data/colosseum-oran-commag-dataset/slice_mixed/rome_slow_close/tr0/exp1/bs3/bs3.csv,562688.0
1602351653878,9,614272.0,8480.0,slice_mixed,rome_slow_close,tr0,exp1,bs3,data/colosseum-oran-commag-dataset/slice_mixed/rome_slow_close/tr0/exp1/bs3/bs3.csv,622752.0
1602351654128,9,469536.0,75968.0,slice_mixed,rome_slow_close,tr0,exp1,bs3,data/colosseum-oran-commag-dataset/slice_mixed/rome_slow_close/tr0/exp1/bs3/bs3.csv,545504.0
1602351654378,9,523840.0,57088.0,slice_mixed,rome_slow_close,tr0,exp1,bs3,data/colosseum-oran-commag-dataset/slice_mixed/rome_slow_close/tr0/exp1/bs3/bs3.csv,580928.0
1602351654628,9,482976.0,0.0,slice_mixed,rome_slow_close,tr0,exp1,bs3,data/colosseum-oran-commag-dataset/slice_mixed/rome_slow_close/tr0/exp1/bs3/bs3.csv,482976.0
1602351654878,9,485824.0,72672.0,slice_mixed,rome_slow_close,tr0,exp1,bs3,data/colosseum-oran-commag-dataset/slice_mixed/rome_slow_close/tr0/exp1/bs3/bs3.csv,558496.0
1602351655128,9,262336.0,38944.0,slice_mixed,rome_slow_close,tr0,exp1,bs3,data/colosseum-oran-commag-dataset/slice_mixed/rome_slow_close/tr0/exp1/bs3/bs3.csv,301280.0
1602351655378,9,377568.0,31232.0,slice_mixed,rome_slow_close,tr0,exp1,bs3,data/colosseum-oran-commag-dataset/slice_mixed/rome_slow_close/tr0/exp1/bs3/bs3.csv,408800.0
1602351655628,9,394848.0,0.0,slice_mixed,rome_slow_close,tr0,exp1,bs3,data/colosseum-oran-commag-dataset/slice_mixed/rome_slow_close/tr0/exp1/bs3/bs3.csv,394848.0
1602351655878,9,454080.0,36512.0,slice_mixed,rome_slow_close,tr0,exp1,bs3,data/colosseum-oran-commag-dataset/slice_mixed/rome_slow_close/tr0/exp1/bs3/bs3.csv,490592.0
1602351656128,9,549408.0,43360.0,slice_mixed,rome_slow_close,tr0,exp1,bs3,data/colosseum-oran-commag-dataset/slice_mixed/rome_slow_close/tr0/exp1/bs3/bs3.csv,592768.0
1602351656378,9,485928.28125,27601.59375,slice_mixed,rome_slow_close,tr0,exp1,bs3,data/colosseum-oran-commag-dataset/slice_mixed/rome_slow_close/tr0/exp1/bs3/bs3.csv,513529.875
1602351656628,9,430304.0,24000.0,slice_mixed,rome_slow_close,tr0,exp1,bs3,data/colosseum-oran-commag-dataset/slice_mixed/rome_slow_close/tr0/exp1/bs3/bs3.csv,454304.0
1602351656878,9,510144.0,30944.0,slice_mixed,rome_slow_close,tr0,exp1,bs3,data/colosseum-oran-commag-dataset/slice_mixed/rome_slow_close/tr0/exp1/bs3/bs3.csv,541088.0
1602351657128,9,541248.0,25088.0,slice_mixed,rome_slow_close,tr0,exp1,bs3,data/colosseum-oran-commag-dataset/slice_mixed/rome_slow_close/tr0/exp1/bs3/bs3.csv,566336.0
1602351657378,9,530496.0,41280.0,slice_mixed,rome_slow_close,tr0,exp1,bs3,data/colosseum-oran-commag-dataset/slice_mixed/rome_slow_close/tr0/exp1/bs3/bs3.csv,571776.0
1602351657628,9,503232.0,10976.0,slice_mixed,rome_slow_close,tr0,exp1,bs3,data/colosseum-oran-commag-dataset/slice_mixed/rome_slow_close/tr0/exp1/bs3/bs3.csv,514208.0
1602351657878,9,298976.0,82048.0,slice_mixed,rome_slow_close,tr0,exp1,bs3,data/colosseum-oran-commag-dataset/slice_mixed/rome_slow_close/tr0/exp1/bs3/bs3.csv,381024.0
1602351658128,9,317056.0,25600.0,slice_mixed,rome_slow_close,tr0,exp1,bs3,data/colosseum-oran-commag-dataset/slice_mixed/rome_slow_close/tr0/exp1/bs3/bs3.csv,342656.0
1602351658378,9,524858.625,152747.0625,slice_mixed,rome_slow_close,tr0,exp1,bs3,data/colosseum-oran-commag-dataset/slice_mixed/rome_slow_close/tr0/exp1/bs3/bs3.csv,677605.6875
1602351658628,9,464480.125,0.0,slice_mixed,rome_slow_close,tr0,exp1,bs3,data/colosseum-oran-commag-dataset/slice_mixed/rome_slow_close/tr0/exp1/bs3/bs3.csv,464480.125
1602351658878,9,514048.0,23200.0,slice_mixed,rome_slow_close,tr0,exp1,bs3,data/colosseum-oran-commag-dataset/slice_mixed/rome_slow_close/tr0/exp1/bs3/bs3.csv,537248.0
1602351659128,9,540608.0,160352.0,slice_mixed,rome_slow_close,tr0,exp1,bs3,data/colosseum-oran-commag-dataset/slice_mixed/rome_slow_close/tr0/exp1/bs3/bs3.csv,700960.0
1602351659378,9,485792.0,68960.0,slice_mixed,rome_slow_close,tr0,exp1,bs3,data/colosseum-oran-commag-dataset/slice_mixed/rome_slow_close/tr0/exp1/bs3/bs3.csv,554752.0
1602351659628,9,546233.0625,106602.40625,slice_mixed,rome_slow_close,tr0,exp1,bs3,data/colosseum-oran-commag-dataset/slice_mixed/rome_slow_close/tr0/exp1/bs3/bs3.csv,652835.46875
1602351659878,9,498966.75,25344.0,slice_mixed,rome_slow_close,tr0,exp1,bs3,data/colosseum-oran-commag-dataset/slice_mixed/rome_slow_close/tr0/exp1/bs3/bs3.csv,524310.75
1602351660128,9,484240.1875,85616.570312,slice_mixed,rome_slow_close,tr0,exp1,bs3,data/colosseum-oran-commag-dataset/slice_mixed/rome_slow_close/tr0/exp1/bs3/bs3.csv,569856.757812
1602351660378,9,512769.9375,39655.582031,slice_mixed,rome_slow_close,tr0,exp1,bs3,data/colosseum-oran-commag-dataset/slice_mixed/rome_slow_close/tr0/exp1/bs3/bs3.csv,552425.5195309999
1602351660628,9,423680.0,16320.0,slice_mixed,rome_slow_close,tr0,exp1,bs3,data/colosseum-oran-commag-dataset/slice_mixed/rome_slow_close/tr0/exp1/bs3/bs3.csv,440000.0
1602351660878,9,410752.0,115872.0,slice_mixed,rome_slow_close,tr0,exp1,bs3,data/colosseum-oran-commag-dataset/slice_mixed/rome_slow_close/tr0/exp1/bs3/bs3.csv,526624.0
1602351661128,9,395968.0,32864.0,slice_mixed,rome_slow_close,tr0,exp1,bs3,data/colosseum-oran-commag-dataset/slice_mixed/rome_slow_close/tr0/exp1/bs3/bs3.csv,428832.0
1602351661378,9,475232.0,35424.0,slice_mixed,rome_slow_close,tr0,exp1,bs3,data/colosseum-oran-commag-dataset/slice_mixed/rome_slow_close/tr0/exp1/bs3/bs3.csv,510656.0
1602351661628,9,459968.0,0.0,slice_mixed,rome_slow_close,tr0,exp1,bs3,data/colosseum-oran-commag-dataset/slice_mixed/rome_slow_close/tr0/exp1/bs3/bs3.csv,459968.0
1602351661878,9,408512.0,12640.0,slice_mixed,rome_slow_close,tr0,exp1,bs3,data/colosseum-oran-commag-dataset/slice_mixed/rome_slow_close/tr0/exp1/bs3/bs3.csv,421152.0
1602351662128,9,358080.0,112224.0,slice_mixed,rome_slow_close,tr0,exp1,bs3,data/colosseum-oran-commag-dataset/slice_mixed/rome_slow_close/tr0/exp1/bs3/bs3.csv,470304.0
1602351662378,9,576832.0,49056.0,slice_mixed,rome_slow_close,tr0,exp1,bs3,data/colosseum-oran-commag-dataset/slice_mixed/rome_slow_close/tr0/exp1/bs3/bs3.csv,625888.0
1602351662628,9,392128.0,0.0,slice_mixed,rome_slow_close,tr0,exp1,bs3,data/colosseum-oran-commag-dataset/slice_mixed/rome_slow_close/tr0/exp1/bs3/bs3.csv,392128.0
1602351662878,9,324557.75,12239.043945,slice_mixed,rome_slow_close,tr0,exp1,bs3,data/colosseum-oran-commag-dataset/slice_mixed/rome_slow_close/tr0/exp1/bs3/bs3.csv,336796.793945
1602351663128,9,536544.0,128064.0,slice_mixed,rome_slow_close,tr0,exp1,bs3,data/colosseum-oran-commag-dataset/slice_mixed/rome_slow_close/tr0/exp1/bs3/bs3.csv,664608.0
1602351663378,9,349920.0,20064.0,slice_mixed,rome_slow_close,tr0,exp1,bs3,data/colosseum-oran-commag-dataset/slice_mixed/rome_slow_close/tr0/exp1/bs3/bs3.csv,369984.0
1602351663628,9,265728.0,18624.0,slice_mixed,rome_slow_close,tr0,exp1,bs3,data/colosseum-oran-commag-dataset/slice_mixed/rome_slow_close/tr0/exp1/bs3/bs3.csv,284352.0
1602351663878,9,294656.0,40480.0,slice_mixed,rome_slow_close,tr0,exp1,bs3,data/colosseum-oran-commag-dataset/slice_mixed/rome_slow_close/tr0/exp1/bs3/bs3.csv,335136.0
1602351664128,9,347392.0,76832.0,slice_mixed,rome_slow_close,tr0,exp1,bs3,data/colosseum-oran-commag-dataset/slice_mixed/rome_slow_close/tr0/exp1/bs3/bs3.csv,424224.0
1602351664378,9,385856.0,34592.0,slice_mixed,rome_slow_close,tr0,exp1,bs3,data/colosseum-oran-commag-dataset/slice_mixed/rome_slow_close/tr0/exp1/bs3/bs3.csv,420448.0
1602351664628,9,403520.0,0.0,slice_mixed,rome_slow_close,tr0,exp1,bs3,data/colosseum-oran-commag-dataset/slice_mixed/rome_slow_close/tr0/exp1/bs3/bs3.csv,403520.0
1602351664878,9,317504.0,52736.0,slice_mixed,rome_slow_close,tr0,exp1,bs3,data/colosseum-oran-commag-dataset/slice_mixed/rome_slow_close/tr0/exp1/bs3/bs3.csv,370240.0
1602351665128,9,233856.0,94400.0,slice_mixed,rome_slow_close,tr0,exp1,bs3,data/colosseum-oran-commag-dataset/slice_mixed/rome_slow_close/tr0/exp1/bs3/bs3.csv,328256.0
1602351665378,9,334714.46875,34412.851562,slice_mixed,rome_slow_close,tr0,exp1,bs3,data/colosseum-oran-commag-dataset/slice_mixed/rome_slow_close/tr0/exp1/bs3/bs3.csv,369127.320312
1602351665628,9,293590.0625,0.0,slice_mixed,rome_slow_close,tr0,exp1,bs3,data/colosseum-oran-commag-dataset/slice_mixed/rome_slow_close/tr0/exp1/bs3/bs3.csv,293590.0625
1602351665878,9,322968.4375,11309.237305,slice_mixed,rome_slow_close,tr0,exp1,bs3,data/colosseum-oran-commag-dataset/slice_mixed/rome_slow_close/tr0/exp1/bs3/bs3.csv,334277.674805
1602351666128,9,423536.4375,78304.0,slice_mixed,rome_slow_close,tr0,exp1,bs3,data/colosseum-oran-commag-dataset/slice_mixed/rome_slow_close/tr0/exp1/bs3/bs3.csv,501840.4375
1602351666378,9,367144.875,36979.664062,slice_mixed,rome_slow_close,tr0,exp1,bs3,data/colosseum-oran-commag-dataset/slice_mixed/rome_slow_close/tr0/exp1/bs3/bs3.csv,404124.539062
1602351666628,9,339520.0,0.0,slice_mixed,rome_slow_close,tr0,exp1,bs3,data/colosseum-oran-commag-dataset/slice_mixed/rome_slow_close/tr0/exp1/bs3/bs3.csv,339520.0
1602351666878,9,379840.0,40448.0,slice_mixed,rome_slow_close,tr0,exp1,bs3,data/colosseum-oran-commag-dataset/slice_mixed/rome_slow_close/tr0/exp1/bs3/bs3.csv,420288.0
1602351667128,9,394176.0,74112.0,slice_mixed,rome_slow_close,tr0,exp1,bs3,data/colosseum-oran-commag-dataset/slice_mixed/rome_slow_close/tr0/exp1/bs3/bs3.csv,468288.0
1602351667378,9,417568.0,38688.0,slice_mixed,rome_slow_close,tr0,exp1,bs3,data/colosseum-oran-commag-dataset/slice_mixed/rome_slow_close/tr0/exp1/bs3/bs3.csv,456256.0
1602351667628,9,387904.0,0.0,slice_mixed,rome_slow_close,tr0,exp1,bs3,data/colosseum-oran-commag-dataset/slice_mixed/rome_slow_close/tr0/exp1/bs3/bs3.csv,387904.0
1602351667878,9,347456.0,63648.0,slice_mixed,rome_slow_close,tr0,exp1,bs3,data/colosseum-oran-commag-dataset/slice_mixed/rome_slow_close/tr0/exp1/bs3/bs3.csv,411104.0
1602351668128,9,384352.0,72224.0,slice_mixed,rome_slow_close,tr0,exp1,bs3,data/colosseum-oran-commag-dataset/slice_mixed/rome_slow_close/tr0/exp1/bs3/bs3.csv,456576.0
1602351668378,9,351456.0,121984.0,slice_mixed,rome_slow_close,tr0,exp1,bs3,data/colosseum-oran-commag-dataset/slice_mixed/rome_slow_close/tr0/exp1/bs3/bs3.csv,473440.0
1602351668628,9,341696.0,1568.0,slice_mixed,rome_slow_close,tr0,exp1,bs3,data/colosseum-oran-commag-dataset/slice_mixed/rome_slow_close/tr0/exp1/bs3/bs3.csv,343264.0
1602351668878,9,319456.0,13312.0,slice_mixed,rome_slow_close,tr0,exp1,bs3,data/colosseum-oran-commag-dataset/slice_mixed/rome_slow_close/tr0/exp1/bs3/bs3.csv,332768.0
1602351669128,9,347968.0,109376.0,slice_mixed,rome_slow_close,tr0,exp1,bs3,data/colosseum-oran-commag-dataset/slice_mixed/rome_slow_close/tr0/exp1/bs3/bs3.csv,457344.0
1602351669378,9,362996.03125,17816.732422,slice_mixed,rome_slow_close,tr0,exp1,bs3,data/colosseum-oran-commag-dataset/slice_mixed/rome_slow_close/tr0/exp1/bs3/bs3.csv,380812.76367200003
1602351669628,9,362912.0,16320.0,slice_mixed,rome_slow_close,tr0,exp1,bs3,data/colosseum-oran-commag-dataset/slice_mixed/rome_slow_close/tr0/exp1/bs3/bs3.csv,379232.0
1602351669878,9,315488.0,26816.0,slice_mixed,rome_slow_close,tr0,exp1,bs3,data/colosseum-oran-commag-dataset/slice_mixed/rome_slow_close/tr0/exp1/bs3/bs3.csv,342304.0
1602351670128,9,297664.0,83360.0,slice_mixed,rome_slow_close,tr0,exp1,bs3,data/colosseum-oran-commag-dataset/slice_mixed/rome_slow_close/tr0/exp1/bs3/bs3.csv,381024.0
1602351670378,9,443008.0,34368.0,slice_mixed,rome_slow_close,tr0,exp1,bs3,data/colosseum-oran-commag-dataset/slice_mixed/rome_slow_close/tr0/exp1/bs3/bs3.csv,477376.0
1602351670628,9,338656.0,0.0,slice_mixed,rome_slow_close,tr0,exp1,bs3,data/colosseum-oran-commag-dataset/slice_mixed/rome_slow_close/tr0/exp1/bs3/bs3.csv,338656.0
1602351670878,9,400480.0,27264.0,slice_mixed,rome_slow_close,tr0,exp1,bs3,data/colosseum-oran-commag-dataset/slice_mixed/rome_slow_close/tr0/exp1/bs3/bs3.csv,427744.0
1602351671128,9,385824.0,59264.0,slice_mixed,rome_slow_close,tr0,exp1,bs3,data/colosseum-oran-commag-dataset/slice_mixed/rome_slow_close/tr0/exp1/bs3/bs3.csv,445088.0
1602351671378,9,402720.0,41664.0,slice_mixed,rome_slow_close,tr0,exp1,bs3,data/colosseum-oran-commag-dataset/slice_mixed/rome_slow_close/tr0/exp1/bs3/bs3.csv,444384.0
1602351671628,9,389952.0,25568.0,slice_mixed,rome_slow_close,tr0,exp1,bs3,data/colosseum-oran-commag-dataset/slice_mixed/rome_slow_close/tr0/exp1/bs3/bs3.csv,415520.0
1602351671878,9,419552.0,16608.0,slice_mixed,rome_slow_close,tr0,exp1,bs3,data/colosseum-oran-commag-dataset/slice_mixed/rome_slow_close/tr0/exp1/bs3/bs3.csv,436160.0
1602351672128,9,355887.5625,150554.21875,slice_mixed,rome_slow_close,tr0,exp1,bs3,data/colosseum-oran-commag-dataset/slice_mixed/rome_slow_close/tr0/exp1/bs3/bs3.csv,506441.78125
1602351672378,9,379281.21875,35738.390625,slice_mixed,rome_slow_close,tr0,exp1,bs3,data/colosseum-oran-commag-dataset/slice_mixed/rome_slow_close/tr0/exp1/bs3/bs3.csv,415019.609375
1602351672628,9,473952.0,0.0,slice_mixed,rome_slow_close,tr0,exp1,bs3,data/colosseum-oran-commag-dataset/slice_mixed/rome_slow_close/tr0/exp1/bs3/bs3.csv,473952.0
1602351672878,9,356601.5,9657.370117,slice_mixed,rome_slow_close,tr0,exp1,bs3,data/colosseum-oran-commag-dataset/slice_mixed/rome_slow_close/tr0/exp1/bs3/bs3.csv,366258.870117
1602351673128,9,385991.96875,70907.632812,slice_mixed,rome_slow_close,tr0,exp1,bs3,data/colosseum-oran-commag-dataset/slice_mixed/rome_slow_close/tr0/exp1/bs3/bs3.csv,456899.601562
1602351673378,9,425664.0,37344.0,slice_mixed,rome_slow_close,tr0,exp1,bs3,data/colosseum-oran-commag-dataset/slice_mixed/rome_slow_close/tr0/exp1/bs3/bs3.csv,463008.0
1602351673628,9,371232.0,0.0,slice_mixed,rome_slow_close,tr0,exp1,bs3,data/colosseum-oran-commag-dataset/slice_mixed/rome_slow_close/tr0/exp1/bs3/bs3.csv,371232.0
1602351673878,9,334016.0,44896.0,slice_mixed,rome_slow_close,tr0,exp1,bs3,data/colosseum-oran-commag-dataset/slice_mixed/rome_slow_close/tr0/exp1/bs3/bs3.csv,378912.0
1602351674128,9,347424.0,30688.0,slice_mixed,rome_slow_close,tr0,exp1,bs3,data/colosseum-oran-commag-dataset/slice_mixed/rome_slow_close/tr0/exp1/bs3/bs3.csv,378112.0
1602351674378,9,375552.0,103680.0,slice_mixed,rome_slow_close,tr0,exp1,bs3,data/colosseum-oran-commag-dataset/slice_mixed/rome_slow_close/tr0/exp1/bs3/bs3.csv,479232.0
1602351674628,9,429600.0,21568.0,slice_mixed,rome_slow_close,tr0,exp1,bs3,data/colosseum-oran-commag-dataset/slice_mixed/rome_slow_close/tr0/exp1/bs3/bs3.csv,451168.0
1602351674878,9,386720.0,38816.0,slice_mixed,rome_slow_close,tr0,exp1,bs3,data/colosseum-oran-commag-dataset/slice_mixed/rome_slow_close/tr0/exp1/bs3/bs3.csv,425536.0
1602351675128,9,415936.0,93344.0,slice_mixed,rome_slow_close,tr0,exp1,bs3,data/colosseum-oran-commag-dataset/slice_mixed/rome_slow_close/tr0/exp1/bs3/bs3.csv,509280.0
1602351675378,9,344064.0,40800.0,slice_mixed,rome_slow_close,tr0,exp1,bs3,data/colosseum-oran-commag-dataset/slice_mixed/rome_slow_close/tr0/exp1/bs3/bs3.csv,384864.0
1602351675628,9,248192.0,3136.0,slice_mixed,rome_slow_close,tr0,exp1,bs3,data/colosseum-oran-commag-dataset/slice_mixed/rome_slow_close/tr0/exp1/bs3/bs3.csv,251328.0
1602351675878,9,246688.0,45024.0,slice_mixed,rome_slow_close,tr0,exp1,bs3,data/colosseum-oran-commag-dataset/slice_mixed/rome_slow_close/tr0/exp1/bs3/bs3.csv,291712.0
1602351676128,9,322836.65625,117131.476562,slice_mixed,rome_slow_close,tr0,exp1,bs3,data/colosseum-oran-commag-dataset/slice_mixed/rome_slow_close/tr0/exp1/bs3/bs3.csv,439968.132812
1602351676378,9,356378.21875,45281.542969,slice_mixed,rome_slow_close,tr0,exp1,bs3,data/colosseum-oran-commag-dataset/slice_mixed/rome_slow_close/tr0/exp1/bs3/bs3.csv,401659.761719
1602351676628,9,235260.8125,0.0,slice_mixed,rome_slow_close,tr0,exp1,bs3,data/colosseum-oran-commag-dataset/slice_mixed/rome_slow_close/tr0/exp1/bs3/bs3.csv,235260.8125
1602351676878,9,332704.0,41280.0,slice_mixed,rome_slow_close,tr0,exp1,bs3,data/colosseum-oran-commag-dataset/slice_mixed/rome_slow_close/tr0/exp1/bs3/bs3.csv,373984.0
1602351677128,9,265344.0,47328.0,slice_mixed,rome_slow_close,tr0,exp1,bs3,data/colosseum-oran-commag-dataset/slice_mixed/rome_slow_close/tr0/exp1/bs3/bs3.csv,312672.0
1602351677378,9,262944.0,41472.0,slice_mixed,rome_slow_close,tr0,exp1,bs3,data/colosseum-oran-commag-dataset/slice_mixed/rome_slow_close/tr0/exp1/bs3/bs3.csv,304416.0
1602351677628,9,387392.0,0.0,slice_mixed,rome_slow_close,tr0,exp1,bs3,data/colosseum-oran-commag-dataset/slice_mixed/rome_slow_close/tr0/exp1/bs3/bs3.csv,387392.0
1602351677878,9,320448.0,29472.0,slice_mixed,rome_slow_close,tr0,exp1,bs3,data/colosseum-oran-commag-dataset/slice_mixed/rome_slow_close/tr0/exp1/bs3/bs3.csv,349920.0
1602351678128,9,307776.0,67232.0,slice_mixed,rome_slow_close,tr0,exp1,bs3,data/colosseum-oran-commag-dataset/slice_mixed/rome_slow_close/tr0/exp1/bs3/bs3.csv,375008.0
1602351678378,9,331277.125,90377.515625,slice_mixed,rome_slow_close,tr0,exp1,bs3,data/colosseum-oran-commag-dataset/slice_mixed/rome_slow_close/tr0/exp1/bs3/bs3.csv,421654.640625
1602351678628,9,312824.59375,0.0,slice_mixed,rome_slow_close,tr0,exp1,bs3,data/colosseum-oran-commag-dataset/slice_mixed/rome_slow_close/tr0/exp1/bs3/bs3.csv,312824.59375
1602351678878,9,276070.03125,33856.0,slice_mixed,rome_slow_close,tr0,exp1,bs3,data/colosseum-oran-commag-dataset/slice_mixed/rome_slow_close/tr0/exp1/bs3/bs3.csv,309926.03125
1602351679128,9,475232.0,55808.0,slice_mixed,rome_slow_close,tr0,exp1,bs3,data/colosseum-oran-commag-dataset/slice_mixed/rome_slow_close/tr0/exp1/bs3/bs3.csv,531040.0
1602351679378,9,329472.0,20928.0,slice_mixed,rome_slow_close,tr0,exp1,bs3,data/colosseum-oran-commag-dataset/slice_mixed/rome_slow_close/tr0/exp1/bs3/bs3.csv,350400.0
1602351679628,9,242848.0,42464.0,slice_mixed,rome_slow_close,tr0,exp1,bs3,data/colosseum-oran-commag-dataset/slice_mixed/rome_slow_close/tr0/exp1/bs3/bs3.csv,285312.0
1602351679878,9,316000.0,12768.0,slice_mixed,rome_slow_close,tr0,exp1,bs3,data/colosseum-oran-commag-dataset/slice_mixed/rome_slow_close/tr0/exp1/bs3/bs3.csv,328768.0
1602351680128,9,280160.0,95520.0,slice_mixed,rome_slow_close,tr0,exp1,bs3,data/colosseum-oran-commag-dataset/slice_mixed/rome_slow_close/tr0/exp1/bs3/bs3.csv,375680.0
1602351680378,9,362112.0,37184.0,slice_mixed,rome_slow_close,tr0,exp1,bs3,data/colosseum-oran-commag-dataset/slice_mixed/rome_slow_close/tr0/exp1/bs3/bs3.csv,399296.0
1602351680628,9,271264.0,0.0,slice_mixed,rome_slow_close,tr0,exp1,bs3,data/colosseum-oran-commag-dataset/slice_mixed/rome_slow_close/tr0/exp1/bs3/bs3.csv,271264.0
1602351680878,9,352320.0,35616.0,slice_mixed,rome_slow_close,tr0,exp1,bs3,data/colosseum-oran-commag-dataset/slice_mixed/rome_slow_close/tr0/exp1/bs3/bs3.csv,387936.0
1602351681128,9,292768.0,44736.0,slice_mixed,rome_slow_close,tr0,exp1,bs3,data/colosseum-oran-commag-dataset/slice_mixed/rome_slow_close/tr0/exp1/bs3/bs3.csv,337504.0
1602351681378,9,206208.0,73664.0,slice_mixed,rome_slow_close,tr0,exp1,bs3,data/colosseum-oran-commag-dataset/slice_mixed/rome_slow_close/tr0/exp1/bs3/bs3.csv,279872.0
1602351681628,9,309984.0,9376.0,slice_mixed,rome_slow_close,tr0,exp1,bs3,data/colosseum-oran-commag-dataset/slice_mixed/rome_slow_close/tr0/exp1/bs3/bs3.csv,319360.0
1602351681878,9,315872.0,66656.0,slice_mixed,rome_slow_close,tr0,exp1,bs3,data/colosseum-oran-commag-dataset/slice_mixed/rome_slow_close/tr0/exp1/bs3/bs3.csv,382528.0
1602351682128,9,332224.0,40640.0,slice_mixed,rome_slow_close,tr0,exp1,bs3,data/colosseum-oran-commag-dataset/slice_mixed/rome_slow_close/tr0/exp1/bs3/bs3.csv,372864.0
1602351682378,9,374592.0,42304.0,slice_mixed,rome_slow_close,tr0,exp1,bs3,data/colosseum-oran-commag-dataset/slice_mixed/rome_slow_close/tr0/exp1/bs3/bs3.csv,416896.0
1602351682628,9,321784.875,0.0,slice_mixed,rome_slow_close,tr0,exp1,bs3,data/colosseum-oran-commag-dataset/slice_mixed/rome_slow_close/tr0/exp1/bs3/bs3.csv,321784.875
1602351682878,9,335744.0,14880.0,slice_mixed,rome_slow_close,tr0,exp1,bs3,data/colosseum-oran-commag-dataset/slice_mixed/rome_slow_close/tr0/exp1/bs3/bs3.csv,350624.0
1602351683128,9,419136.0,127296.0,slice_mixed,rome_slow_close,tr0,exp1,bs3,data/colosseum-oran-commag-dataset/slice_mixed/rome_slow_close/tr0/exp1/bs3/bs3.csv,546432.0
1602351683378,9,411136.0,56288.0,slice_mixed,rome_slow_close,tr0,exp1,bs3,data/colosseum-oran-commag-dataset/slice_mixed/rome_slow_close/tr0/exp1/bs3/bs3.csv,467424.0
1602351683628,9,436096.0,0.0,slice_mixed,rome_slow_close,tr0,exp1,bs3,data/colosseum-oran-commag-dataset/slice_mixed/rome_slow_close/tr0/exp1/bs3/bs3.csv,436096.0
1602351683878,9,310720.0,41696.0,slice_mixed,rome_slow_close,tr0,exp1,bs3,data/colosseum-oran-commag-dataset/slice_mixed/rome_slow_close/tr0/exp1/bs3/bs3.csv,352416.0
1602351684128,9,331584.0,56320.0,slice_mixed,rome_slow_close,tr0,exp1,bs3,data/colosseum-oran-commag-dataset/slice_mixed/rome_slow_close/tr0/exp1/bs3/bs3.csv,387904.0
1602351684378,9,261376.0,38912.0,slice_mixed,rome_slow_close,tr0,exp1,bs3,data/colosseum-oran-commag-dataset/slice_mixed/rome_slow_close/tr0/exp1/bs3/bs3.csv,300288.0
1602351684628,9,328576.0,0.0,slice_mixed,rome_slow_close,tr0,exp1,bs3,data/colosseum-oran-commag-dataset/slice_mixed/rome_slow_close/tr0/exp1/bs3/bs3.csv,328576.0
1602351684878,9,274226.125,38775.390625,slice_mixed,rome_slow_close,tr0,exp1,bs3,data/colosseum-oran-commag-dataset/slice_mixed/rome_slow_close/tr0/exp1/bs3/bs3.csv,313001.515625
1602351685128,9,292780.78125,74268.953125,slice_mixed,rome_slow_close,tr0,exp1,bs3,data/colosseum-oran-commag-dataset/slice_mixed/rome_slow_close/tr0/exp1/bs3/bs3.csv,367049.734375
1602351685378,9,328303.75,123410.359375,slice_mixed,rome_slow_close,tr0,exp1,bs3,data/colosseum-oran-commag-dataset/slice_mixed/rome_slow_close/tr0/exp1/bs3/bs3.csv,451714.109375
1602351685628,9,389211.75,18464.0,slice_mixed,rome_slow_close,tr0,exp1,bs3,data/colosseum-oran-commag-dataset/slice_mixed/rome_slow_close/tr0/exp1/bs3/bs3.csv,407675.75
1602351685878,9,353438.71875,8514.056641,slice_mixed,rome_slow_close,tr0,exp1,bs3,data/colosseum-oran-commag-dataset/slice_mixed/rome_slow_close/tr0/exp1/bs3/bs3.csv,361952.775391
1602351686128,9,386560.0,77632.0,slice_mixed,rome_slow_close,tr0,exp1,bs3,data/colosseum-oran-commag-dataset/slice_mixed/rome_slow_close/tr0/exp1/bs3/bs3.csv,464192.0
1602351686378,9,338272.0,55040.0,slice_mixed,rome_slow_close,tr0,exp1,bs3,data/colosseum-oran-commag-dataset/slice_mixed/rome_slow_close/tr0/exp1/bs3/bs3.csv,393312.0
1602351686628,9,317984.0,0.0,slice_mixed,rome_slow_close,tr0,exp1,bs3,data/colosseum-oran-commag-dataset/slice_mixed/rome_slow_close/tr0/exp1/bs3/bs3.csv,317984.0
1602351686878,9,355264.0,58976.0,slice_mixed,rome_slow_close,tr0,exp1,bs3,data/colosseum-oran-commag-dataset/slice_mixed/rome_slow_close/tr0/exp1/bs3/bs3.csv,414240.0
1602351687128,9,543264.0,29120.0,slice_mixed,rome_slow_close,tr0,exp1,bs3,data/colosseum-oran-commag-dataset/slice_mixed/rome_slow_close/tr0/exp1/bs3/bs3.csv,572384.0
1602351687378,9,279616.0,20384.0,slice_mixed,rome_slow_close,tr0,exp1,bs3,data/colosseum-oran-commag-dataset/slice_mixed/rome_slow_close/tr0/exp1/bs3/bs3.csv,300000.0
1602351687628,9,332256.0,40896.0,slice_mixed,rome_slow_close,tr0,exp1,bs3,data/colosseum-oran-commag-dataset/slice_mixed/rome_slow_close/tr0/exp1/bs3/bs3.csv,373152.0
1602351687878,9,275552.0,28000.0,slice_mixed,rome_slow_close,tr0,exp1,bs3,data/colosseum-oran-commag-dataset/slice_mixed/rome_slow_close/tr0/exp1/bs3/bs3.csv,303552.0
1602351688128,9,404320.0,82976.0,slice_mixed,rome_slow_close,tr0,exp1,bs3,data/colosseum-oran-commag-dataset/slice_mixed/rome_slow_close/tr0/exp1/bs3/bs3.csv,487296.0
1602351688378,9,280832.0,15200.0,slice_mixed,rome_slow_close,tr0,exp1,bs3,data/colosseum-oran-commag-dataset/slice_mixed/rome_slow_close/tr0/exp1/bs3/bs3.csv,296032.0
1602351688628,9,154592.0,24000.0,slice_mixed,rome_slow_close,tr0,exp1,bs3,data/colosseum-oran-commag-dataset/slice_mixed/rome_slow_close/tr0/exp1/bs3/bs3.csv,178592.0
1602351688878,9,348576.0,36032.0,slice_mixed,rome_slow_close,tr0,exp1,bs3,data/colosseum-oran-commag-dataset/slice_mixed/rome_slow_close/tr0/exp1/bs3/bs3.csv,384608.0
1602351689128,9,361912.34375,75442.234375,slice_mixed,rome_slow_close,tr0,exp1,bs3,data/colosseum-oran-commag-dataset/slice_mixed/rome_slow_close/tr0/exp1/bs3/bs3.csv,437354.578125
1602351689378,9,354912.0,43008.0,slice_mixed,rome_slow_close,tr0,exp1,bs3,data/colosseum-oran-commag-dataset/slice_mixed/rome_slow_close/tr0/exp1/bs3/bs3.csv,397920.0
1602351689628,9,416832.0,31200.0,slice_mixed,rome_slow_close,tr0,exp1,bs3,data/colosseum-oran-commag-dataset/slice_mixed/rome_slow_close/tr0/exp1/bs3/bs3.csv,448032.0
1602351689878,9,342176.0,48320.0,slice_mixed,rome_slow_close,tr0,exp1,bs3,data/colosseum-oran-commag-dataset/slice_mixed/rome_slow_close/tr0/exp1/bs3/bs3.csv,390496.0
1602351690128,9,288104.625,49120.0,slice_mixed,rome_slow_close,tr0,exp1,bs3,data/colosseum-oran-commag-dataset/slice_mixed/rome_slow_close/tr0/exp1/bs3/bs3.csv,337224.625
1602351690378,9,344040.46875,139471.8125,slice_mixed,rome_slow_close,tr0,exp1,bs3,data/colosseum-oran-commag-dataset/slice_mixed/rome_slow_close/tr0/exp1/bs3/bs3.csv,483512.28125
1602351690628,9,303365.21875,18294.820312,slice_mixed,rome_slow_close,tr0,exp1,bs3,data/colosseum-oran-commag-dataset/slice_mixed/rome_slow_close/tr0/exp1/bs3/bs3.csv,321660.039062
1602351690878,9,385280.0,25088.0,slice_mixed,rome_slow_close,tr0,exp1,bs3,data/colosseum-oran-commag-dataset/slice_mixed/rome_slow_close/tr0/exp1/bs3/bs3.csv,410368.0
1602351691128,9,330521.0625,72320.0,slice_mixed,rome_slow_close,tr0,exp1,bs3,data/colosseum-oran-commag-dataset/slice_mixed/rome_slow_close/tr0/exp1/bs3/bs3.csv,402841.0625
1602351691378,9,315743.25,96215.328125,slice_mixed,rome_slow_close,tr0,exp1,bs3,data/colosseum-oran-commag-dataset/slice_mixed/rome_slow_close/tr0/exp1/bs3/bs3.csv,411958.578125
1602351691628,9,274483.28125,0.0,slice_mixed,rome_slow_close,tr0,exp1,bs3,data/colosseum-oran-commag-dataset/slice_mixed/rome_slow_close/tr0/exp1/bs3/bs3.csv,274483.28125
1602351691878,9,215120.1875,35424.0,slice_mixed,rome_slow_close,tr0,exp1,bs3,data/colosseum-oran-commag-dataset/slice_mixed/rome_slow_close/tr0/exp1/bs3/bs3.csv,250544.1875
1602351692128,9,394039.84375,69896.414062,slice_mixed,rome_slow_close,tr0,exp1,bs3,data/colosseum-oran-commag-dataset/slice_mixed/rome_slow_close/tr0/exp1/bs3/bs3.csv,463936.257812
1602351692378,9,150008.03125,50795.179688,slice_mixed,rome_slow_close,tr0,exp1,bs3,data/colosseum-oran-commag-dataset/slice_mixed/rome_slow_close/tr0/exp1/bs3/bs3.csv,200803.210938
1602351692628,9,156576.0,0.0,slice_mixed,rome_slow_close,tr0,exp1,bs3,data/colosseum-oran-commag-dataset/slice_mixed/rome_slow_close/tr0/exp1/bs3/bs3.csv,156576.0
1602351692878,9,436096.0,46592.0,slice_mixed,rome_slow_close,tr0,exp1,bs3,data/colosseum-oran-commag-dataset/slice_mixed/rome_slow_close/tr0/exp1/bs3/bs3.csv,482688.0
1602351693128,9,318880.0,77184.0,slice_mixed,rome_slow_close,tr0,exp1,bs3,data/colosseum-oran-commag-dataset/slice_mixed/rome_slow_close/tr0/exp1/bs3/bs3.csv,396064.0
1602351693378,9,345248.0,43072.0,slice_mixed,rome_slow_close,tr0,exp1,bs3,data/colosseum-oran-commag-dataset/slice_mixed/rome_slow_close/tr0/exp1/bs3/bs3.csv,388320.0
1602351693628,9,462752.0,38944.0,slice_mixed,rome_slow_close,tr0,exp1,bs3,data/colosseum-oran-commag-dataset/slice_mixed/rome_slow_close/tr0/exp1/bs3/bs3.csv,501696.0
1602351693878,9,450272.0,47072.0,slice_mixed,rome_slow_close,tr0,exp1,bs3,data/colosseum-oran-commag-dataset/slice_mixed/rome_slow_close/tr0/exp1/bs3/bs3.csv,497344.0
1602351694128,9,341312.0,60192.0,slice_mixed,rome_slow_close,tr0,exp1,bs3,data/colosseum-oran-commag-dataset/slice_mixed/rome_slow_close/tr0/exp1/bs3/bs3.csv,401504.0
1602351694378,9,329920.0,36256.0,slice_mixed,rome_slow_close,tr0,exp1,bs3,data/colosseum-oran-commag-dataset/slice_mixed/rome_slow_close/tr0/exp1/bs3/bs3.csv,366176.0
1602351694628,9,311872.0,20832.0,slice_mixed,rome_slow_close,tr0,exp1,bs3,data/colosseum-oran-commag-dataset/slice_mixed/rome_slow_close/tr0/exp1/bs3/bs3.csv,332704.0
1602351694878,9,386016.0,10048.0,slice_mixed,rome_slow_close,tr0,exp1,bs3,data/colosseum-oran-commag-dataset/slice_mixed/rome_slow_close/tr0/exp1/bs3/bs3.csv,396064.0
1602351695128,9,333152.0,75392.0,slice_mixed,rome_slow_close,tr0,exp1,bs3,data/colosseum-oran-commag-dataset/slice_mixed/rome_slow_close/tr0/exp1/bs3/bs3.csv,408544.0
1602351695378,9,805728.0,15200.0,slice_mixed,rome_slow_close,tr0,exp1,bs3,data/colosseum-oran-commag-dataset/slice_mixed/rome_slow_close/tr0/exp1/bs3/bs3.csv,820928.0
1602351695628,9,321466.125,32127.490234,slice_mixed,rome_slow_close,tr0,exp1,bs3,data/colosseum-oran-commag-dataset/slice_mixed/rome_slow_close/tr0/exp1/bs3/bs3.csv,353593.615234
1602351695878,9,300192.0,36416.0,slice_mixed,rome_slow_close,tr0,exp1,bs3,data/colosseum-oran-commag-dataset/slice_mixed/rome_slow_close/tr0/exp1/bs3/bs3.csv,336608.0
1602351696128,9,210208.0,56768.0,slice_mixed,rome_slow_close,tr0,exp1,bs3,data/colosseum-oran-commag-dataset/slice_mixed/rome_slow_close/tr0/exp1/bs3/bs3.csv,266976.0
1602351696378,9,333536.0,32288.0,slice_mixed,rome_slow_close,tr0,exp1,bs3,data/colosseum-oran-commag-dataset/slice_mixed/rome_slow_close/tr0/exp1/bs3/bs3.csv,365824.0
1602351696628,9,319616.0,0.0,slice_mixed,rome_slow_close,tr0,exp1,bs3,data/colosseum-oran-commag-dataset/slice_mixed/rome_slow_close/tr0/exp1/bs3/bs3.csv,319616.0
1602351696878,9,348708.375,47552.0,slice_mixed,rome_slow_close,tr0,exp1,bs3,data/colosseum-oran-commag-dataset/slice_mixed/rome_slow_close/tr0/exp1/bs3/bs3.csv,396260.375
1602351697128,9,319616.0,70016.0,slice_mixed,rome_slow_close,tr0,exp1,bs3,data/colosseum-oran-commag-dataset/slice_mixed/rome_slow_close/tr0/exp1/bs3/bs3.csv,389632.0
1602351697378,9,293688.4375,23690.410156,slice_mixed,rome_slow_close,tr0,exp1,bs3,data/colosseum-oran-commag-dataset/slice_mixed/rome_slow_close/tr0/exp1/bs3/bs3.csv,317378.847656
1602351697628,9,345420.75,25526.820312,slice_mixed,rome_slow_close,tr0,exp1,bs3,data/colosseum-oran-commag-dataset/slice_mixed/rome_slow_close/tr0/exp1/bs3/bs3.csv,370947.570312
1602351697878,9,318304.0,42624.0,slice_mixed,rome_slow_close,tr0,exp1,bs3,data/colosseum-oran-commag-dataset/slice_mixed/rome_slow_close/tr0/exp1/bs3/bs3.csv,360928.0
1602351698128,9,311904.0,52384.0,slice_mixed,rome_slow_close,tr0,exp1,bs3,data/colosseum-oran-commag-dataset/slice_mixed/rome_slow_close/tr0/exp1/bs3/bs3.csv,364288.0
1602351698378,9,400148.9375,40415.484375,slice_mixed,rome_slow_close,tr0,exp1,bs3,data/colosseum-oran-commag-dataset/slice_mixed/rome_slow_close/tr0/exp1/bs3/bs3.csv,440564.421875
1602351698628,9,392747.6875,3148.594482,slice_mixed,rome_slow_close,tr0,exp1,bs3,data/colosseum-oran-commag-dataset/slice_mixed/rome_slow_close/tr0/exp1/bs3/bs3.csv,395896.281982
1602351698878,9,394528.0,39808.0,slice_mixed,rome_slow_close,tr0,exp1,bs3,data/colosseum-oran-commag-dataset/slice_mixed/rome_slow_close/tr0/exp1/bs3/bs3.csv,434336.0
1602351699128,9,489312.0,97952.0,slice_mixed,rome_slow_close,tr0,exp1,bs3,data/colosseum-oran-commag-dataset/slice_mixed/rome_slow_close/tr0/exp1/bs3/bs3.csv,587264.0
1602351699378,9,329792.0,28672.0,slice_mixed,rome_slow_close,tr0,exp1,bs3,data/colosseum-oran-commag-dataset/slice_mixed/rome_slow_close/tr0/exp1/bs3/bs3.csv,358464.0
1602351699628,9,426688.0,25344.0,slice_mixed,rome_slow_close,tr0,exp1,bs3,data/colosseum-oran-commag-dataset/slice_mixed/rome_slow_close/tr0/exp1/bs3/bs3.csv,452032.0
1602351699878,9,431744.0,28224.0,slice_mixed,rome_slow_close,tr0,exp1,bs3,data/colosseum-oran-commag-dataset/slice_mixed/rome_slow_close/tr0/exp1/bs3/bs3.csv,459968.0
1602351700128,9,516896.0,45408.0,slice_mixed,rome_slow_close,tr0,exp1,bs3,data/colosseum-oran-commag-dataset/slice_mixed/rome_slow_close/tr0/exp1/bs3/bs3.csv,562304.0
1602351700378,9,497536.0,28128.0,slice_mixed,rome_slow_close,tr0,exp1,bs3,data/colosseum-oran-commag-dataset/slice_mixed/rome_slow_close/tr0/exp1/bs3/bs3.csv,525664.0
1602351700628,9,375264.0,29568.0,slice_mixed,rome_slow_close,tr0,exp1,bs3,data/colosseum-oran-commag-dataset/slice_mixed/rome_slow_close/tr0/exp1/bs3/bs3.csv,404832.0
1602351700878,9,376256.0,54336.0,slice_mixed,rome_slow_close,tr0,exp1,bs3,data/colosseum-oran-commag-dataset/slice_mixed/rome_slow_close/tr0/exp1/bs3/bs3.csv,430592.0
1602351701128,9,440992.0,51968.0,slice_mixed,rome_slow_close,tr0,exp1,bs3,data/colosseum-oran-commag-dataset/slice_mixed/rome_slow_close/tr0/exp1/bs3/bs3.csv,492960.0
1602351701378,9,383456.0,121344.0,slice_mixed,rome_slow_close,tr0,exp1,bs3,data/colosseum-oran-commag-dataset/slice_mixed/rome_slow_close/tr0/exp1/bs3/bs3.csv,504800.0
1602351701628,9,336736.0,0.0,slice_mixed,rome_slow_close,tr0,exp1,bs3,data/colosseum-oran-commag-dataset/slice_mixed/rome_slow_close/tr0/exp1/bs3/bs3.csv,336736.0
1602351701878,9,299968.0,26816.0,slice_mixed,rome_slow_close,tr0,exp1,bs3,data/colosseum-oran-commag-dataset/slice_mixed/rome_slow_close/tr0/exp1/bs3/bs3.csv,326784.0
1602351702128,9,313248.0,50976.0,slice_mixed,rome_slow_close,tr0,exp1,bs3,data/colosseum-oran-commag-dataset/slice_mixed/rome_slow_close/tr0/exp1/bs3/bs3.csv,364224.0
1602351702378,9,372430.28125,41306.773438,slice_mixed,rome_slow_close,tr0,exp1,bs3,data/colosseum-oran-commag-dataset/slice_mixed/rome_slow_close/tr0/exp1/bs3/bs3.csv,413737.054688
1602351702628,9,772480.0,0.0,slice_mixed,rome_slow_close,tr0,exp1,bs3,data/colosseum-oran-commag-dataset/slice_mixed/rome_slow_close/tr0/exp1/bs3/bs3.csv,772480.0
1602351702878,9,462944.0,48544.0,slice_mixed,rome_slow_close,tr0,exp1,bs3,data/colosseum-oran-commag-dataset/slice_mixed/rome_slow_close/tr0/exp1/bs3/bs3.csv,511488.0
1602351703128,9,409056.0,79552.0,slice_mixed,rome_slow_close,tr0,exp1,bs3,data/colosseum-oran-commag-dataset/slice_mixed/rome_slow_close/tr0/exp1/bs3/bs3.csv,488608.0
1602351703378,9,330824.625,43839.359375,slice_mixed,rome_slow_close,tr0,exp1,bs3,data/colosseum-oran-commag-dataset/slice_mixed/rome_slow_close/tr0/exp1/bs3/bs3.csv,374663.984375
1602351703628,9,192359.65625,0.0,slice_mixed,rome_slow_close,tr0,exp1,bs3,data/colosseum-oran-commag-dataset/slice_mixed/rome_slow_close/tr0/exp1/bs3/bs3.csv,192359.65625
1602351703878,9,394624.0,10048.0,slice_mixed,rome_slow_close,tr0,exp1,bs3,data/colosseum-oran-commag-dataset/slice_mixed/rome_slow_close/tr0/exp1/bs3/bs3.csv,404672.0
1602351704128,9,535104.0,154112.0,slice_mixed,rome_slow_close,tr0,exp1,bs3,data/colosseum-oran-commag-dataset/slice_mixed/rome_slow_close/tr0/exp1/bs3/bs3.csv,689216.0
1602351704378,9,333600.0,25056.0,slice_mixed,rome_slow_close,tr0,exp1,bs3,data/colosseum-oran-commag-dataset/slice_mixed/rome_slow_close/tr0/exp1/bs3/bs3.csv,358656.0
1602351704628,9,358843.375,1574.297241,slice_mixed,rome_slow_close,tr0,exp1,bs3,data/colosseum-oran-commag-dataset/slice_mixed/rome_slow_close/tr0/exp1/bs3/bs3.csv,360417.672241
1602351704878,9,284256.0,0.0,slice_mixed,rome_slow_close,tr0,exp1,bs3,data/colosseum-oran-commag-dataset/slice_mixed/rome_slow_close/tr0/exp1/bs3/bs3.csv,284256.0
1602351705128,9,287008.0,129120.0,slice_mixed,rome_slow_close,tr0,exp1,bs3,data/colosseum-oran-commag-dataset/slice_mixed/rome_slow_close/tr0/exp1/bs3/bs3.csv,416128.0
1602351705378,9,555104.0,91872.0,slice_mixed,rome_slow_close,tr0,exp1,bs3,data/colosseum-oran-commag-dataset/slice_mixed/rome_slow_close/tr0/exp1/bs3/bs3.csv,646976.0
1602351705628,9,363264.0,0.0,slice_mixed,rome_slow_close,tr0,exp1,bs3,data/colosseum-oran-commag-dataset/slice_mixed/rome_slow_close/tr0/exp1/bs3/bs3.csv,363264.0
1602351705878,9,268448.0,216672.0,slice_mixed,rome_slow_close,tr0,exp1,bs3,data/colosseum-oran-commag-dataset/slice_mixed/rome_slow_close/tr0/exp1/bs3/bs3.csv,485120.0
1602351706128,9,561152.0,85600.0,slice_mixed,rome_slow_close,tr0,exp1,bs3,data/colosseum-oran-commag-dataset/slice_mixed/rome_slow_close/tr0/exp1/bs3/bs3.csv,646752.0
1602351706378,9,243040.0,181696.0,slice_mixed,rome_slow_close,tr0,exp1,bs3,data/colosseum-oran-commag-dataset/slice_mixed/rome_slow_close/tr0/exp1/bs3/bs3.csv,424736.0
1602351706628,9,515872.0,1568.0,slice_mixed,rome_slow_close,tr0,exp1,bs3,data/colosseum-oran-commag-dataset/slice_mixed/rome_slow_close/tr0/exp1/bs3/bs3.csv,517440.0
1602351706878,9,445056.0,18368.0,slice_mixed,rome_slow_close,tr0,exp1,bs3,data/colosseum-oran-commag-dataset/slice_mixed/rome_slow_close/tr0/exp1/bs3/bs3.csv,463424.0
1602351707128,9,324672.0,67808.0,slice_mixed,rome_slow_close,tr0,exp1,bs3,data/colosseum-oran-commag-dataset/slice_mixed/rome_slow_close/tr0/exp1/bs3/bs3.csv,392480.0
1602351707378,9,379200.0,50272.0,slice_mixed,rome_slow_close,tr0,exp1,bs3,data/colosseum-oran-commag-dataset/slice_mixed/rome_slow_close/tr0/exp1/bs3/bs3.csv,429472.0
1602351707628,9,339904.0,0.0,slice_mixed,rome_slow_close,tr0,exp1,bs3,data/colosseum-oran-commag-dataset/slice_mixed/rome_slow_close/tr0/exp1/bs3/bs3.csv,339904.0
1602351707878,9,306048.0,23776.0,slice_mixed,rome_slow_close,tr0,exp1,bs3,data/colosseum-oran-commag-dataset/slice_mixed/rome_slow_close/tr0/exp1/bs3/bs3.csv,329824.0
1602351708128,9,332640.0,61696.0,slice_mixed,rome_slow_close,tr0,exp1,bs3,data/colosseum-oran-commag-dataset/slice_mixed/rome_slow_close/tr0/exp1/bs3/bs3.csv,394336.0
1602351708378,9,308768.0,138080.0,slice_mixed,rome_slow_close,tr0,exp1,bs3,data/colosseum-oran-commag-dataset/slice_mixed/rome_slow_close/tr0/exp1/bs3/bs3.csv,446848.0
1602351708628,9,301888.0,0.0,slice_mixed,rome_slow_close,tr0,exp1,bs3,data/colosseum-oran-commag-dataset/slice_mixed/rome_slow_close/tr0/exp1/bs3/bs3.csv,301888.0
1602351708878,9,315187.25,60557.769531,slice_mixed,rome_slow_close,tr0,exp1,bs3,data/colosseum-oran-commag-dataset/slice_mixed/rome_slow_close/tr0/exp1/bs3/bs3.csv,375745.019531
1602351709128,9,302072.28125,54104.417969,slice_mixed,rome_slow_close,tr0,exp1,bs3,data/colosseum-oran-commag-dataset/slice_mixed/rome_slow_close/tr0/exp1/bs3/bs3.csv,356176.699219
1602351709378,9,295266.90625,20749.003906,slice_mixed,rome_slow_close,tr0,exp1,bs3,data/colosseum-oran-commag-dataset/slice_mixed/rome_slow_close/tr0/exp1/bs3/bs3.csv,316015.910156
1602351709628,9,217056.0,0.0,slice_mixed,rome_slow_close,tr0,exp1,bs3,data/colosseum-oran-commag-dataset/slice_mixed/rome_slow_close/tr0/exp1/bs3/bs3.csv,217056.0
1602351709878,9,363168.0,42464.0,slice_mixed,rome_slow_close,tr0,exp1,bs3,data/colosseum-oran-commag-dataset/slice_mixed/rome_slow_close/tr0/exp1/bs3/bs3.csv,405632.0
1602351710128,9,219200.0,94880.0,slice_mixed,rome_slow_close,tr0,exp1,bs3,data/colosseum-oran-commag-dataset/slice_mixed/rome_slow_close/tr0/exp1/bs3/bs3.csv,314080.0
1602351710378,9,226144.265625,14650.602539,slice_mixed,rome_slow_close,tr0,exp1,bs3,data/colosseum-oran-commag-dataset/slice_mixed/rome_slow_close/tr0/exp1/bs3/bs3.csv,240794.86816399998
1602351710628,9,273856.0,102880.0,slice_mixed,rome_slow_close,tr0,exp1,bs3,data/colosseum-oran-commag-dataset/slice_mixed/rome_slow_close/tr0/exp1/bs3/bs3.csv,376736.0
1602351710878,9,248130.1875,89600.0,slice_mixed,rome_slow_close,tr0,exp1,bs3,data/colosseum-oran-commag-dataset/slice_mixed/rome_slow_close/tr0/exp1/bs3/bs3.csv,337730.1875
1602351711128,9,328480.0,50848.0,slice_mixed,rome_slow_close,tr0,exp1,bs3,data/colosseum-oran-commag-dataset/slice_mixed/rome_slow_close/tr0/exp1/bs3/bs3.csv,379328.0
1602351711378,9,221024.0,37856.0,slice_mixed,rome_slow_close,tr0,exp1,bs3,data/colosseum-oran-commag-dataset/slice_mixed/rome_slow_close/tr0/exp1/bs3/bs3.csv,258880.0
1602351711628,9,230880.0,1568.0,slice_mixed,rome_slow_close,tr0,exp1,bs3,data/colosseum-oran-commag-dataset/slice_mixed/rome_slow_close/tr0/exp1/bs3/bs3.csv,232448.0
1602351711878,9,193625.5,24701.195312,slice_mixed,rome_slow_close,tr0,exp1,bs3,data/colosseum-oran-commag-dataset/slice_mixed/rome_slow_close/tr0/exp1/bs3/bs3.csv,218326.695312
1602351712128,9,186152.609375,24931.726562,slice_mixed,rome_slow_close,tr0,exp1,bs3,data/colosseum-oran-commag-dataset/slice_mixed/rome_slow_close/tr0/exp1/bs3/bs3.csv,211084.335937
1602351712378,9,190208.0,95936.0,slice_mixed,rome_slow_close,tr0,exp1,bs3,data/colosseum-oran-commag-dataset/slice_mixed/rome_slow_close/tr0/exp1/bs3/bs3.csv,286144.0
1602351712628,9,206880.0,0.0,slice_mixed,rome_slow_close,tr0,exp1,bs3,data/colosseum-oran-commag-dataset/slice_mixed/rome_slow_close/tr0/exp1/bs3/bs3.csv,206880.0
1602351712878,9,642144.0,29792.0,slice_mixed,rome_slow_close,tr0,exp1,bs3,data/colosseum-oran-commag-dataset/slice_mixed/rome_slow_close/tr0/exp1/bs3/bs3.csv,671936.0
1602351713128,9,707808.0,6912.0,slice_mixed,rome_slow_close,tr0,exp1,bs3,data/colosseum-oran-commag-dataset/slice_mixed/rome_slow_close/tr0/exp1/bs3/bs3.csv,714720.0
1602351713378,9,208608.0,111712.0,slice_mixed,rome_slow_close,tr0,exp1,bs3,data/colosseum-oran-commag-dataset/slice_mixed/rome_slow_close/tr0/exp1/bs3/bs3.csv,320320.0
1602351713628,9,380256.0,14144.0,slice_mixed,rome_slow_close,tr0,exp1,bs3,data/colosseum-oran-commag-dataset/slice_mixed/rome_slow_close/tr0/exp1/bs3/bs3.csv,394400.0
1602351713878,9,239776.0,43456.0,slice_mixed,rome_slow_close,tr0,exp1,bs3,data/colosseum-oran-commag-dataset/slice_mixed/rome_slow_close/tr0/exp1/bs3/bs3.csv,283232.0
1602351714128,9,293024.0,3136.0,slice_mixed,rome_slow_close,tr0,exp1,bs3,data/colosseum-oran-commag-dataset/slice_mixed/rome_slow_close/tr0/exp1/bs3/bs3.csv,296160.0
1602351714378,9,209792.0,68096.0,slice_mixed,rome_slow_close,tr0,exp1,bs3,data/colosseum-oran-commag-dataset/slice_mixed/rome_slow_close/tr0/exp1/bs3/bs3.csv,277888.0
1602351714628,9,196736.0,0.0,slice_mixed,rome_slow_close,tr0,exp1,bs3,data/colosseum-oran-commag-dataset/slice_mixed/rome_slow_close/tr0/exp1/bs3/bs3.csv,196736.0
1602351714878,9,164640.0,94304.0,slice_mixed,rome_slow_close,tr0,exp1,bs3,data/colosseum-oran-commag-dataset/slice_mixed/rome_slow_close/tr0/exp1/bs3/bs3.csv,258944.0
1602351715128,9,357248.0,64672.0,slice_mixed,rome_slow_close,tr0,exp1,bs3,data/colosseum-oran-commag-dataset/slice_mixed/rome_slow_close/tr0/exp1/bs3/bs3.csv,421920.0
1602351715378,9,215362.546875,79075.695312,slice_mixed,rome_slow_close,tr0,exp1,bs3,data/colosseum-oran-commag-dataset/slice_mixed/rome_slow_close/tr0/exp1/bs3/bs3.csv,294438.242187
1602351715628,9,236832.0,44320.0,slice_mixed,rome_slow_close,tr0,exp1,bs3,data/colosseum-oran-commag-dataset/slice_mixed/rome_slow_close/tr0/exp1/bs3/bs3.csv,281152.0
1602351715878,9,144064.0,66048.0,slice_mixed,rome_slow_close,tr0,exp1,bs3,data/colosseum-oran-commag-dataset/slice_mixed/rome_slow_close/tr0/exp1/bs3/bs3.csv,210112.0
1602351716128,9,164736.0,3136.0,slice_mixed,rome_slow_close,tr0,exp1,bs3,data/colosseum-oran-commag-dataset/slice_mixed/rome_slow_close/tr0/exp1/bs3/bs3.csv,167872.0
1602351716378,9,226912.0,140128.0,slice_mixed,rome_slow_close,tr0,exp1,bs3,data/colosseum-oran-commag-dataset/slice_mixed/rome_slow_close/tr0/exp1/bs3/bs3.csv,367040.0
1602351716628,9,269120.0,56896.0,slice_mixed,rome_slow_close,tr0,exp1,bs3,data/colosseum-oran-commag-dataset/slice_mixed/rome_slow_close/tr0/exp1/bs3/bs3.csv,326016.0
1602351716878,9,301505.03125,90688.0,slice_mixed,rome_slow_close,tr0,exp1,bs3,data/colosseum-oran-commag-dataset/slice_mixed/rome_slow_close/tr0/exp1/bs3/bs3.csv,392193.03125
1602351717128,9,217088.0,81944.21875,slice_mixed,rome_slow_close,tr0,exp1,bs3,data/colosseum-oran-commag-dataset/slice_mixed/rome_slow_close/tr0/exp1/bs3/bs3.csv,299032.21875
1602351717378,9,345253.0,31196.787109,slice_mixed,rome_slow_close,tr0,exp1,bs3,data/colosseum-oran-commag-dataset/slice_mixed/rome_slow_close/tr0/exp1/bs3/bs3.csv,376449.787109
1602351717628,9,223648.0,18144.0,slice_mixed,rome_slow_close,tr0,exp1,bs3,data/colosseum-oran-commag-dataset/slice_mixed/rome_slow_close/tr0/exp1/bs3/bs3.csv,241792.0
1602351717878,9,241120.0,40896.0,slice_mixed,rome_slow_close,tr0,exp1,bs3,data/colosseum-oran-commag-dataset/slice_mixed/rome_slow_close/tr0/exp1/bs3/bs3.csv,282016.0
1602351718128,9,260992.0,42304.0,slice_mixed,rome_slow_close,tr0,exp1,bs3,data/colosseum-oran-commag-dataset/slice_mixed/rome_slow_close/tr0/exp1/bs3/bs3.csv,303296.0
1602351718378,9,301856.0,47136.0,slice_mixed,rome_slow_close,tr0,exp1,bs3,data/colosseum-oran-commag-dataset/slice_mixed/rome_slow_close/tr0/exp1/bs3/bs3.csv,348992.0
1602351718628,9,179040.0,0.0,slice_mixed,rome_slow_close,tr0,exp1,bs3,data/colosseum-oran-commag-dataset/slice_mixed/rome_slow_close/tr0/exp1/bs3/bs3.csv,179040.0
1602351718878,9,188960.0,18336.0,slice_mixed,rome_slow_close,tr0,exp1,bs3,data/colosseum-oran-commag-dataset/slice_mixed/rome_slow_close/tr0/exp1/bs3/bs3.csv,207296.0
1602351719128,9,282912.0,82144.0,slice_mixed,rome_slow_close,tr0,exp1,bs3,data/colosseum-oran-commag-dataset/slice_mixed/rome_slow_close/tr0/exp1/bs3/bs3.csv,365056.0
1602351719378,9,249152.0,84480.0,slice_mixed,rome_slow_close,tr0,exp1,bs3,data/colosseum-oran-commag-dataset/slice_mixed/rome_slow_close/tr0/exp1/bs3/bs3.csv,333632.0
1602351719628,9,312992.0,0.0,slice_mixed,rome_slow_close,tr0,exp1,bs3,data/colosseum-oran-commag-dataset/slice_mixed/rome_slow_close/tr0/exp1/bs3/bs3.csv,312992.0
1602351719878,9,125600.0,36096.0,slice_mixed,rome_slow_close,tr0,exp1,bs3,data/colosseum-oran-commag-dataset/slice_mixed/rome_slow_close/tr0/exp1/bs3/bs3.csv,161696.0
1602351720128,9,214240.0,27200.0,slice_mixed,rome_slow_close,tr0,exp1,bs3,data/colosseum-oran-commag-dataset/slice_mixed/rome_slow_close/tr0/exp1/bs3/bs3.csv,241440.0
1602351720378,9,223712.0,117184.0,slice_mixed,rome_slow_close,tr0,exp1,bs3,data/colosseum-oran-commag-dataset/slice_mixed/rome_slow_close/tr0/exp1/bs3/bs3.csv,340896.0
1602351720628,9,349056.0,19936.0,slice_mixed,rome_slow_close,tr0,exp1,bs3,data/colosseum-oran-commag-dataset/slice_mixed/rome_slow_close/tr0/exp1/bs3/bs3.csv,368992.0
1602351720878,9,956256.0,69888.0,slice_mixed,rome_slow_close,tr0,exp1,bs3,data/colosseum-oran-commag-dataset/slice_mixed/rome_slow_close/tr0/exp1/bs3/bs3.csv,1026144.0
1602351721128,9,514240.0,3136.0,slice_mixed,rome_slow_close,tr0,exp1,bs3,data/colosseum-oran-commag-dataset/slice_mixed/rome_slow_close/tr0/exp1/bs3/bs3.csv,517376.0
1602351721378,9,292992.0,93760.0,slice_mixed,rome_slow_close,tr0,exp1,bs3,data/colosseum-oran-commag-dataset/slice_mixed/rome_slow_close/tr0/exp1/bs3/bs3.csv,386752.0
1602351721628,9,322496.0,0.0,slice_mixed,rome_slow_close,tr0,exp1,bs3,data/colosseum-oran-commag-dataset/slice_mixed/rome_slow_close/tr0/exp1/bs3/bs3.csv,322496.0
1602351721878,9,232000.0,0.0,slice_mixed,rome_slow_close,tr0,exp1,bs3,data/colosseum-oran-commag-dataset/slice_mixed/rome_slow_close/tr0/exp1/bs3/bs3.csv,232000.0
1602351722128,9,228608.0,27552.0,slice_mixed,rome_slow_close,tr0,exp1,bs3,data/colosseum-oran-commag-dataset/slice_mixed/rome_slow_close/tr0/exp1/bs3/bs3.csv,256160.0
1602351722378,9,304992.0,92640.0,slice_mixed,rome_slow_close,tr0,exp1,bs3,data/colosseum-oran-commag-dataset/slice_mixed/rome_slow_close/tr0/exp1/bs3/bs3.csv,397632.0
1602351722628,9,418720.0,14112.0,slice_mixed,rome_slow_close,tr0,exp1,bs3,data/colosseum-oran-commag-dataset/slice_mixed/rome_slow_close/tr0/exp1/bs3/bs3.csv,432832.0
1602351722878,9,613548.875,79132.65625,slice_mixed,rome_slow_close,tr0,exp1,bs3,data/colosseum-oran-commag-dataset/slice_mixed/rome_slow_close/tr0/exp1/bs3/bs3.csv,692681.53125
1602351723128,9,297545.5625,108032.0,slice_mixed,rome_slow_close,tr0,exp1,bs3,data/colosseum-oran-commag-dataset/slice_mixed/rome_slow_close/tr0/exp1/bs3/bs3.csv,405577.5625
1602351723378,9,195559.015625,254272.0,slice_mixed,rome_slow_close,tr0,exp1,bs3,data/colosseum-oran-commag-dataset/slice_mixed/rome_slow_close/tr0/exp1/bs3/bs3.csv,449831.015625
1602351723628,9,240267.3125,22554.216797,slice_mixed,rome_slow_close,tr0,exp1,bs3,data/colosseum-oran-commag-dataset/slice_mixed/rome_slow_close/tr0/exp1/bs3/bs3.csv,262821.52929700003
1602351723878,9,290463.71875,67776.0,slice_mixed,rome_slow_close,tr0,exp1,bs3,data/colosseum-oran-commag-dataset/slice_mixed/rome_slow_close/tr0/exp1/bs3/bs3.csv,358239.71875
1602351724128,9,338996.03125,4239.043945,slice_mixed,rome_slow_close,tr0,exp1,bs3,data/colosseum-oran-commag-dataset/slice_mixed/rome_slow_close/tr0/exp1/bs3/bs3.csv,343235.075195
1602351724378,9,807164.625,98538.15625,slice_mixed,rome_slow_close,tr0,exp1,bs3,data/colosseum-oran-commag-dataset/slice_mixed/rome_slow_close/tr0/exp1/bs3/bs3.csv,905702.78125
1602351724628,9,768992.0,0.0,slice_mixed,rome_slow_close,tr0,exp1,bs3,data/colosseum-oran-commag-dataset/slice_mixed/rome_slow_close/tr0/exp1/bs3/bs3.csv,768992.0
1602351724878,9,277440.0,33696.0,slice_mixed,rome_slow_close,tr0,exp1,bs3,data/colosseum-oran-commag-dataset/slice_mixed/rome_slow_close/tr0/exp1/bs3/bs3.csv,311136.0
1602351725128,9,218816.0,0.0,slice_mixed,rome_slow_close,tr0,exp1,bs3,data/colosseum-oran-commag-dataset/slice_mixed/rome_slow_close/tr0/exp1/bs3/bs3.csv,218816.0
1602351725378,9,225728.0,82176.0,slice_mixed,rome_slow_close,tr0,exp1,bs3,data/colosseum-oran-commag-dataset/slice_mixed/rome_slow_close/tr0/exp1/bs3/bs3.csv,307904.0
1602351725628,9,257440.0,18528.0,slice_mixed,rome_slow_close,tr0,exp1,bs3,data/colosseum-oran-commag-dataset/slice_mixed/rome_slow_close/tr0/exp1/bs3/bs3.csv,275968.0
1602351725878,9,237152.0,39904.0,slice_mixed,rome_slow_close,tr0,exp1,bs3,data/colosseum-oran-commag-dataset/slice_mixed/rome_slow_close/tr0/exp1/bs3/bs3.csv,277056.0
1602351726128,9,160736.0,74272.0,slice_mixed,rome_slow_close,tr0,exp1,bs3,data/colosseum-oran-commag-dataset/slice_mixed/rome_slow_close/tr0/exp1/bs3/bs3.csv,235008.0
1602351726378,9,272992.0,106240.0,slice_mixed,rome_slow_close,tr0,exp1,bs3,data/colosseum-oran-commag-dataset/slice_mixed/rome_slow_close/tr0/exp1/bs3/bs3.csv,379232.0
1602351726628,9,194400.0,35680.0,slice_mixed,rome_slow_close,tr0,exp1,bs3,data/colosseum-oran-commag-dataset/slice_mixed/rome_slow_close/tr0/exp1/bs3/bs3.csv,230080.0
1602351726878,9,263712.0,45472.0,slice_mixed,rome_slow_close,tr0,exp1,bs3,data/colosseum-oran-commag-dataset/slice_mixed/rome_slow_close/tr0/exp1/bs3/bs3.csv,309184.0
1602351727128,9,235168.0,65632.0,slice_mixed,rome_slow_close,tr0,exp1,bs3,data/colosseum-oran-commag-dataset/slice_mixed/rome_slow_close/tr0/exp1/bs3/bs3.csv,300800.0
1602351727378,9,220608.0,45088.0,slice_mixed,rome_slow_close,tr0,exp1,bs3,data/colosseum-oran-commag-dataset/slice_mixed/rome_slow_close/tr0/exp1/bs3/bs3.csv,265696.0
1602351727628,9,338208.0,70784.0,slice_mixed,rome_slow_close,tr0,exp1,bs3,data/colosseum-oran-commag-dataset/slice_mixed/rome_slow_close/tr0/exp1/bs3/bs3.csv,408992.0
1602351727878,9,277024.0,43648.0,slice_mixed,rome_slow_close,tr0,exp1,bs3,data/colosseum-oran-commag-dataset/slice_mixed/rome_slow_close/tr0/exp1/bs3/bs3.csv,320672.0
1602351728128,9,234944.0,68128.0,slice_mixed,rome_slow_close,tr0,exp1,bs3,data/colosseum-oran-commag-dataset/slice_mixed/rome_slow_close/tr0/exp1/bs3/bs3.csv,303072.0
1602351728378,9,223008.0,32256.0,slice_mixed,rome_slow_close,tr0,exp1,bs3,data/colosseum-oran-commag-dataset/slice_mixed/rome_slow_close/tr0/exp1/bs3/bs3.csv,255264.0
1602351728628,9,205885.203125,0.0,slice_mixed,rome_slow_close,tr0,exp1,bs3,data/colosseum-oran-commag-dataset/slice_mixed/rome_slow_close/tr0/exp1/bs3/bs3.csv,205885.203125
1602351728878,9,244655.6875,23426.294922,slice_mixed,rome_slow_close,tr0,exp1,bs3,data/colosseum-oran-commag-dataset/slice_mixed/rome_slow_close/tr0/exp1/bs3/bs3.csv,268081.98242200003
1602351729128,9,253120.0,91040.0,slice_mixed,rome_slow_close,tr0,exp1,bs3,data/colosseum-oran-commag-dataset/slice_mixed/rome_slow_close/tr0/exp1/bs3/bs3.csv,344160.0
1602351729378,9,306496.0,157344.0,slice_mixed,rome_slow_close,tr0,exp1,bs3,data/colosseum-oran-commag-dataset/slice_mixed/rome_slow_close/tr0/exp1/bs3/bs3.csv,463840.0
1602351729628,9,224320.0,0.0,slice_mixed,rome_slow_close,tr0,exp1,bs3,data/colosseum-oran-commag-dataset/slice_mixed/rome_slow_close/tr0/exp1/bs3/bs3.csv,224320.0
1602351729878,9,318875.5,41317.269531,slice_mixed,rome_slow_close,tr0,exp1,bs3,data/colosseum-oran-commag-dataset/slice_mixed/rome_slow_close/tr0/exp1/bs3/bs3.csv,360192.769531
1602351730128,9,276704.0,49120.0,slice_mixed,rome_slow_close,tr0,exp1,bs3,data/colosseum-oran-commag-dataset/slice_mixed/rome_slow_close/tr0/exp1/bs3/bs3.csv,325824.0
1602351730378,9,350560.0,53568.0,slice_mixed,rome_slow_close,tr0,exp1,bs3,data/colosseum-oran-commag-dataset/slice_mixed/rome_slow_close/tr0/exp1/bs3/bs3.csv,404128.0
1602351730628,9,357856.0,5536.0,slice_mixed,rome_slow_close,tr0,exp1,bs3,data/colosseum-oran-commag-dataset/slice_mixed/rome_slow_close/tr0/exp1/bs3/bs3.csv,363392.0
1602351730878,9,300256.0,58720.0,slice_mixed,rome_slow_close,tr0,exp1,bs3,data/colosseum-oran-commag-dataset/slice_mixed/rome_slow_close/tr0/exp1/bs3/bs3.csv,358976.0
1602351731128,9,247584.0,35008.0,slice_mixed,rome_slow_close,tr0,exp1,bs3,data/colosseum-oran-commag-dataset/slice_mixed/rome_slow_close/tr0/exp1/bs3/bs3.csv,282592.0
1602351731378,9,465728.0,110144.0,slice_mixed,rome_slow_close,tr0,exp1,bs3,data/colosseum-oran-commag-dataset/slice_mixed/rome_slow_close/tr0/exp1/bs3/bs3.csv,575872.0
1602351731628,9,314496.0,2464.0,slice_mixed,rome_slow_close,tr0,exp1,bs3,data/colosseum-oran-commag-dataset/slice_mixed/rome_slow_close/tr0/exp1/bs3/bs3.csv,316960.0
1602351731878,9,306144.0,25824.0,slice_mixed,rome_slow_close,tr0,exp1,bs3,data/colosseum-oran-commag-dataset/slice_mixed/rome_slow_close/tr0/exp1/bs3/bs3.csv,331968.0
1602351732128,9,354144.0,15520.0,slice_mixed,rome_slow_close,tr0,exp1,bs3,data/colosseum-oran-commag-dataset/slice_mixed/rome_slow_close/tr0/exp1/bs3/bs3.csv,369664.0
1602351732378,9,354848.0,31328.0,slice_mixed,rome_slow_close,tr0,exp1,bs3,data/colosseum-oran-commag-dataset/slice_mixed/rome_slow_close/tr0/exp1/bs3/bs3.csv,386176.0
1602351732628,9,309568.0,58912.0,slice_mixed,rome_slow_close,tr0,exp1,bs3,data/colosseum-oran-commag-dataset/slice_mixed/rome_slow_close/tr0/exp1/bs3/bs3.csv,368480.0
1602351732878,9,249280.0,0.0,slice_mixed,rome_slow_close,tr0,exp1,bs3,data/colosseum-oran-commag-dataset/slice_mixed/rome_slow_close/tr0/exp1/bs3/bs3.csv,249280.0
1602351733128,9,211232.0,135136.0,slice_mixed,rome_slow_close,tr0,exp1,bs3,data/colosseum-oran-commag-dataset/slice_mixed/rome_slow_close/tr0/exp1/bs3/bs3.csv,346368.0
1602351733378,9,233056.0,94496.0,slice_mixed,rome_slow_close,tr0,exp1,bs3,data/colosseum-oran-commag-dataset/slice_mixed/rome_slow_close/tr0/exp1/bs3/bs3.csv,327552.0
1602351733628,9,277312.0,17056.0,slice_mixed,rome_slow_close,tr0,exp1,bs3,data/colosseum-oran-commag-dataset/slice_mixed/rome_slow_close/tr0/exp1/bs3/bs3.csv,294368.0
1602351733878,9,282304.0,95552.0,slice_mixed,rome_slow_close,tr0,exp1,bs3,data/colosseum-oran-commag-dataset/slice_mixed/rome_slow_close/tr0/exp1/bs3/bs3.csv,377856.0
1602351734128,9,235168.0,20192.0,slice_mixed,rome_slow_close,tr0,exp1,bs3,data/colosseum-oran-commag-dataset/slice_mixed/rome_slow_close/tr0/exp1/bs3/bs3.csv,255360.0
1602351734378,9,221280.0,122496.0,slice_mixed,rome_slow_close,tr0,exp1,bs3,data/colosseum-oran-commag-dataset/slice_mixed/rome_slow_close/tr0/exp1/bs3/bs3.csv,343776.0
1602351734628,9,270656.0,17088.0,slice_mixed,rome_slow_close,tr0,exp1,bs3,data/colosseum-oran-commag-dataset/slice_mixed/rome_slow_close/tr0/exp1/bs3/bs3.csv,287744.0
1602351734878,9,317952.0,94592.0,slice_mixed,rome_slow_close,tr0,exp1,bs3,data/colosseum-oran-commag-dataset/slice_mixed/rome_slow_close/tr0/exp1/bs3/bs3.csv,412544.0
1602351735128,9,412239.03125,50772.90625,slice_mixed,rome_slow_close,tr0,exp1,bs3,data/colosseum-oran-commag-dataset/slice_mixed/rome_slow_close/tr0/exp1/bs3/bs3.csv,463011.9375
1602351735378,9,262253.25,82519.90625,slice_mixed,rome_slow_close,tr0,exp1,bs3,data/colosseum-oran-commag-dataset/slice_mixed/rome_slow_close/tr0/exp1/bs3/bs3.csv,344773.15625
1602351735628,9,245927.78125,14533.864258,slice_mixed,rome_slow_close,tr0,exp1,bs3,data/colosseum-oran-commag-dataset/slice_mixed/rome_slow_close/tr0/exp1/bs3/bs3.csv,260461.645508
1602351735878,9,256764.28125,36497.992188,slice_mixed,rome_slow_close,tr0,exp1,bs3,data/colosseum-oran-commag-dataset/slice_mixed/rome_slow_close/tr0/exp1/bs3/bs3.csv,293262.273438
1602351736128,9,272700.9375,34592.0,slice_mixed,rome_slow_close,tr0,exp1,bs3,data/colosseum-oran-commag-dataset/slice_mixed/rome_slow_close/tr0/exp1/bs3/bs3.csv,307292.9375
1602351736378,9,320350.0625,72156.65625,slice_mixed,rome_slow_close,tr0,exp1,bs3,data/colosseum-oran-commag-dataset/slice_mixed/rome_slow_close/tr0/exp1/bs3/bs3.csv,392506.71875
1602351736628,9,207875.40625,8736.0,slice_mixed,rome_slow_close,tr0,exp1,bs3,data/colosseum-oran-commag-dataset/slice_mixed/rome_slow_close/tr0/exp1/bs3/bs3.csv,216611.40625
1602351736878,9,252064.0,39712.0,slice_mixed,rome_slow_close,tr0,exp1,bs3,data/colosseum-oran-commag-dataset/slice_mixed/rome_slow_close/tr0/exp1/bs3/bs3.csv,291776.0
1602351737128,9,164480.0,36256.0,slice_mixed,rome_slow_close,tr0,exp1,bs3,data/colosseum-oran-commag-dataset/slice_mixed/rome_slow_close/tr0/exp1/bs3/bs3.csv,200736.0
1602351737378,9,199040.0,65312.0,slice_mixed,rome_slow_close,tr0,exp1,bs3,data/colosseum-oran-commag-dataset/slice_mixed/rome_slow_close/tr0/exp1/bs3/bs3.csv,264352.0
1602351737628,9,165440.0,14752.0,slice_mixed,rome_slow_close,tr0,exp1,bs3,data/colosseum-oran-commag-dataset/slice_mixed/rome_slow_close/tr0/exp1/bs3/bs3.csv,180192.0
1602351737878,9,151904.0,45728.0,slice_mixed,rome_slow_close,tr0,exp1,bs3,data/colosseum-oran-commag-dataset/slice_mixed/rome_slow_close/tr0/exp1/bs3/bs3.csv,197632.0
1602351738128,9,202240.0,1568.0,slice_mixed,rome_slow_close,tr0,exp1,bs3,data/colosseum-oran-commag-dataset/slice_mixed/rome_slow_close/tr0/exp1/bs3/bs3.csv,203808.0
1602351738378,9,403776.0,84672.0,slice_mixed,rome_slow_close,tr0,exp1,bs3,data/colosseum-oran-commag-dataset/slice_mixed/rome_slow_close/tr0/exp1/bs3/bs3.csv,488448.0
1602351738628,9,231744.0,37344.0,slice_mixed,rome_slow_close,tr0,exp1,bs3,data/colosseum-oran-commag-dataset/slice_mixed/rome_slow_close/tr0/exp1/bs3/bs3.csv,269088.0
1602351738878,9,332800.0,0.0,slice_mixed,rome_slow_close,tr0,exp1,bs3,data/colosseum-oran-commag-dataset/slice_mixed/rome_slow_close/tr0/exp1/bs3/bs3.csv,332800.0
1602351739128,9,292064.0,96640.0,slice_mixed,rome_slow_close,tr0,exp1,bs3,data/colosseum-oran-commag-dataset/slice_mixed/rome_slow_close/tr0/exp1/bs3/bs3.csv,388704.0
1602351739378,9,274528.0,56608.0,slice_mixed,rome_slow_close,tr0,exp1,bs3,data/colosseum-oran-commag-dataset/slice_mixed/rome_slow_close/tr0/exp1/bs3/bs3.csv,331136.0
1602351739628,9,235424.0,13184.0,slice_mixed,rome_slow_close,tr0,exp1,bs3,data/colosseum-oran-commag-dataset/slice_mixed/rome_slow_close/tr0/exp1/bs3/bs3.csv,248608.0
1602351739878,9,296544.0,46368.0,slice_mixed,rome_slow_close,tr0,exp1,bs3,data/colosseum-oran-commag-dataset/slice_mixed/rome_slow_close/tr0/exp1/bs3/bs3.csv,342912.0
1602351740128,9,363232.0,23616.0,slice_mixed,rome_slow_close,tr0,exp1,bs3,data/colosseum-oran-commag-dataset/slice_mixed/rome_slow_close/tr0/exp1/bs3/bs3.csv,386848.0
1602351740378,9,390112.0,129344.0,slice_mixed,rome_slow_close,tr0,exp1,bs3,data/colosseum-oran-commag-dataset/slice_mixed/rome_slow_close/tr0/exp1/bs3/bs3.csv,519456.0
1602351740628,9,239616.0,17056.0,slice_mixed,rome_slow_close,tr0,exp1,bs3,data/colosseum-oran-commag-dataset/slice_mixed/rome_slow_close/tr0/exp1/bs3/bs3.csv,256672.0
1602351740878,9,302464.0,0.0,slice_mixed,rome_slow_close,tr0,exp1,bs3,data/colosseum-oran-commag-dataset/slice_mixed/rome_slow_close/tr0/exp1/bs3/bs3.csv,302464.0
1602351741128,9,588928.0,77888.0,slice_mixed,rome_slow_close,tr0,exp1,bs3,data/colosseum-oran-commag-dataset/slice_mixed/rome_slow_close/tr0/exp1/bs3/bs3.csv,666816.0
1602351741378,9,762400.0,35712.0,slice_mixed,rome_slow_close,tr0,exp1,bs3,data/colosseum-oran-commag-dataset/slice_mixed/rome_slow_close/tr0/exp1/bs3/bs3.csv,798112.0
1602351741628,9,328446.1875,45928.285156,slice_mixed,rome_slow_close,tr0,exp1,bs3,data/colosseum-oran-commag-dataset/slice_mixed/rome_slow_close/tr0/exp1/bs3/bs3.csv,374374.472656
1602351741878,9,270688.0,72864.0,slice_mixed,rome_slow_close,tr0,exp1,bs3,data/colosseum-oran-commag-dataset/slice_mixed/rome_slow_close/tr0/exp1/bs3/bs3.csv,343552.0
1602351742128,9,239392.0,16192.0,slice_mixed,rome_slow_close,tr0,exp1,bs3,data/colosseum-oran-commag-dataset/slice_mixed/rome_slow_close/tr0/exp1/bs3/bs3.csv,255584.0
1602351742378,9,265504.0,73440.0,slice_mixed,rome_slow_close,tr0,exp1,bs3,data/colosseum-oran-commag-dataset/slice_mixed/rome_slow_close/tr0/exp1/bs3/bs3.csv,338944.0
1602351742628,9,320800.0,0.0,slice_mixed,rome_slow_close,tr0,exp1,bs3,data/colosseum-oran-commag-dataset/slice_mixed/rome_slow_close/tr0/exp1/bs3/bs3.csv,320800.0
1602351742878,9,239625.640625,0.0,slice_mixed,rome_slow_close,tr0,exp1,bs3,data/colosseum-oran-commag-dataset/slice_mixed/rome_slow_close/tr0/exp1/bs3/bs3.csv,239625.640625
1602351743128,9,252113.59375,75197.453125,slice_mixed,rome_slow_close,tr0,exp1,bs3,data/colosseum-oran-commag-dataset/slice_mixed/rome_slow_close/tr0/exp1/bs3/bs3.csv,327311.046875
1602351743378,9,327196.78125,39100.402344,slice_mixed,rome_slow_close,tr0,exp1,bs3,data/colosseum-oran-commag-dataset/slice_mixed/rome_slow_close/tr0/exp1/bs3/bs3.csv,366297.183594
1602351743628,9,624256.0,11936.0,slice_mixed,rome_slow_close,tr0,exp1,bs3,data/colosseum-oran-commag-dataset/slice_mixed/rome_slow_close/tr0/exp1/bs3/bs3.csv,636192.0
1602351743878,9,1124576.0,1568.0,slice_mixed,rome_slow_close,tr0,exp1,bs3,data/colosseum-oran-commag-dataset/slice_mixed/rome_slow_close/tr0/exp1/bs3/bs3.csv,1126144.0
1602351744128,9,1015744.0,44768.0,slice_mixed,rome_slow_close,tr0,exp1,bs3,data/colosseum-oran-commag-dataset/slice_mixed/rome_slow_close/tr0/exp1/bs3/bs3.csv,1060512.0
1602351744378,9,1183680.0,37184.0,slice_mixed,rome_slow_close,tr0,exp1,bs3,data/colosseum-oran-commag-dataset/slice_mixed/rome_slow_close/tr0/exp1/bs3/bs3.csv,1220864.0
1602351744628,9,1162240.0,31040.0,slice_mixed,rome_slow_close,tr0,exp1,bs3,data/colosseum-oran-commag-dataset/slice_mixed/rome_slow_close/tr0/exp1/bs3/bs3.csv,1193280.0
1602351744878,9,208384.0,62848.0,slice_mixed,rome_slow_close,tr0,exp1,bs3,data/colosseum-oran-commag-dataset/slice_mixed/rome_slow_close/tr0/exp1/bs3/bs3.csv,271232.0
1602351745128,9,122016.0,0.0,slice_mixed,rome_slow_close,tr0,exp1,bs3,data/colosseum-oran-commag-dataset/slice_mixed/rome_slow_close/tr0/exp1/bs3/bs3.csv,122016.0
1602351745378,9,227424.0,19936.0,slice_mixed,rome_slow_close,tr0,exp1,bs3,data/colosseum-oran-commag-dataset/slice_mixed/rome_slow_close/tr0/exp1/bs3/bs3.csv,247360.0
1602351745628,9,158048.0,1568.0,slice_mixed,rome_slow_close,tr0,exp1,bs3,data/colosseum-oran-commag-dataset/slice_mixed/rome_slow_close/tr0/exp1/bs3/bs3.csv,159616.0
1602351745878,9,367104.0,24896.0,slice_mixed,rome_slow_close,tr0,exp1,bs3,data/colosseum-oran-commag-dataset/slice_mixed/rome_slow_close/tr0/exp1/bs3/bs3.csv,392000.0
1602351746128,9,202432.0,37312.0,slice_mixed,rome_slow_close,tr0,exp1,bs3,data/colosseum-oran-commag-dataset/slice_mixed/rome_slow_close/tr0/exp1/bs3/bs3.csv,239744.0
1602351746378,9,284160.0,74624.0,slice_mixed,rome_slow_close,tr0,exp1,bs3,data/colosseum-oran-commag-dataset/slice_mixed/rome_slow_close/tr0/exp1/bs3/bs3.csv,358784.0
1602351746628,9,175200.0,61120.0,slice_mixed,rome_slow_close,tr0,exp1,bs3,data/colosseum-oran-commag-dataset/slice_mixed/rome_slow_close/tr0/exp1/bs3/bs3.csv,236320.0
1602351746878,9,235392.0,66016.0,slice_mixed,rome_slow_close,tr0,exp1,bs3,data/colosseum-oran-commag-dataset/slice_mixed/rome_slow_close/tr0/exp1/bs3/bs3.csv,301408.0
1602351747128,9,239552.0,0.0,slice_mixed,rome_slow_close,tr0,exp1,bs3,data/colosseum-oran-commag-dataset/slice_mixed/rome_slow_close/tr0/exp1/bs3/bs3.csv,239552.0
1602351747378,9,399200.0,71712.0,slice_mixed,rome_slow_close,tr0,exp1,bs3,data/colosseum-oran-commag-dataset/slice_mixed/rome_slow_close/tr0/exp1/bs3/bs3.csv,470912.0
1602351747628,9,494944.0,31968.0,slice_mixed,rome_slow_close,tr0,exp1,bs3,data/colosseum-oran-commag-dataset/slice_mixed/rome_slow_close/tr0/exp1/bs3/bs3.csv,526912.0
1602351747878,9,966112.0,62432.0,slice_mixed,rome_slow_close,tr0,exp1,bs3,data/colosseum-oran-commag-dataset/slice_mixed/rome_slow_close/tr0/exp1/bs3/bs3.csv,1028544.0
1602351748128,9,938432.0,5312.0,slice_mixed,rome_slow_close,tr0,exp1,bs3,data/colosseum-oran-commag-dataset/slice_mixed/rome_slow_close/tr0/exp1/bs3/bs3.csv,943744.0
1602351748378,9,480382.46875,48127.488281,slice_mixed,rome_slow_close,tr0,exp1,bs3,data/colosseum-oran-commag-dataset/slice_mixed/rome_slow_close/tr0/exp1/bs3/bs3.csv,528509.9570309999
1602351748628,9,138880.0,0.0,slice_mixed,rome_slow_close,tr0,exp1,bs3,data/colosseum-oran-commag-dataset/slice_mixed/rome_slow_close/tr0/exp1/bs3/bs3.csv,138880.0
1602351748878,9,109248.0,40832.0,slice_mixed,rome_slow_close,tr0,exp1,bs3,data/colosseum-oran-commag-dataset/slice_mixed/rome_slow_close/tr0/exp1/bs3/bs3.csv,150080.0
1602351749128,9,163970.0625,0.0,slice_mixed,rome_slow_close,tr0,exp1,bs3,data/colosseum-oran-commag-dataset/slice_mixed/rome_slow_close/tr0/exp1/bs3/bs3.csv,163970.0625
1602351749378,9,286988.75,26873.753906,slice_mixed,rome_slow_close,tr0,exp1,bs3,data/colosseum-oran-commag-dataset/slice_mixed/rome_slow_close/tr0/exp1/bs3/bs3.csv,313862.503906
1602351749628,9,256832.0,64160.0,slice_mixed,rome_slow_close,tr0,exp1,bs3,data/colosseum-oran-commag-dataset/slice_mixed/rome_slow_close/tr0/exp1/bs3/bs3.csv,320992.0
1602351749878,9,232064.265625,75116.460938,slice_mixed,rome_slow_close,tr0,exp1,bs3,data/colosseum-oran-commag-dataset/slice_mixed/rome_slow_close/tr0/exp1/bs3/bs3.csv,307180.726563
1602351750128,9,290176.0,66400.0,slice_mixed,rome_slow_close,tr0,exp1,bs3,data/colosseum-oran-commag-dataset/slice_mixed/rome_slow_close/tr0/exp1/bs3/bs3.csv,356576.0
1602351750378,9,244096.0,141312.0,slice_mixed,rome_slow_close,tr0,exp1,bs3,data/colosseum-oran-commag-dataset/slice_mixed/rome_slow_close/tr0/exp1/bs3/bs3.csv,385408.0
1602351750628,9,323712.0,24000.0,slice_mixed,rome_slow_close,tr0,exp1,bs3,data/colosseum-oran-commag-dataset/slice_mixed/rome_slow_close/tr0/exp1/bs3/bs3.csv,347712.0
1602351750878,9,296480.0,76256.0,slice_mixed,rome_slow_close,tr0,exp1,bs3,data/colosseum-oran-commag-dataset/slice_mixed/rome_slow_close/tr0/exp1/bs3/bs3.csv,372736.0
1602351751128,9,258080.0,57344.0,slice_mixed,rome_slow_close,tr0,exp1,bs3,data/colosseum-oran-commag-dataset/slice_mixed/rome_slow_close/tr0/exp1/bs3/bs3.csv,315424.0
1602351751378,9,194784.0,41408.0,slice_mixed,rome_slow_close,tr0,exp1,bs3,data/colosseum-oran-commag-dataset/slice_mixed/rome_slow_close/tr0/exp1/bs3/bs3.csv,236192.0
1602351751628,9,234304.0,23488.0,slice_mixed,rome_slow_close,tr0,exp1,bs3,data/colosseum-oran-commag-dataset/slice_mixed/rome_slow_close/tr0/exp1/bs3/bs3.csv,257792.0
1602351751878,9,239168.0,61408.0,slice_mixed,rome_slow_close,tr0,exp1,bs3,data/colosseum-oran-commag-dataset/slice_mixed/rome_slow_close/tr0/exp1/bs3/bs3.csv,300576.0
1602351752128,9,238944.0,0.0,slice_mixed,rome_slow_close,tr0,exp1,bs3,data/colosseum-oran-commag-dataset/slice_mixed/rome_slow_close/tr0/exp1/bs3/bs3.csv,238944.0
1602351752378,9,197696.0,54752.0,slice_mixed,rome_slow_close,tr0,exp1,bs3,data/colosseum-oran-commag-dataset/slice_mixed/rome_slow_close/tr0/exp1/bs3/bs3.csv,252448.0
1602351752628,9,201280.0,38400.0,slice_mixed,rome_slow_close,tr0,exp1,bs3,data/colosseum-oran-commag-dataset/slice_mixed/rome_slow_close/tr0/exp1/bs3/bs3.csv,239680.0
1602351752878,9,307520.0,38304.0,slice_mixed,rome_slow_close,tr0,exp1,bs3,data/colosseum-oran-commag-dataset/slice_mixed/rome_slow_close/tr0/exp1/bs3/bs3.csv,345824.0
1602351753128,9,275808.0,59872.0,slice_mixed,rome_slow_close,tr0,exp1,bs3,data/colosseum-oran-commag-dataset/slice_mixed/rome_slow_close/tr0/exp1/bs3/bs3.csv,335680.0
1602351753378,9,460288.0,69024.0,slice_mixed,rome_slow_close,tr0,exp1,bs3,data/colosseum-oran-commag-dataset/slice_mixed/rome_slow_close/tr0/exp1/bs3/bs3.csv,529312.0
1602351753628,9,302304.0,12864.0,slice_mixed,rome_slow_close,tr0,exp1,bs3,data/colosseum-oran-commag-dataset/slice_mixed/rome_slow_close/tr0/exp1/bs3/bs3.csv,315168.0
1602351753878,9,231360.0,63808.0,slice_mixed,rome_slow_close,tr0,exp1,bs3,data/colosseum-oran-commag-dataset/slice_mixed/rome_slow_close/tr0/exp1/bs3/bs3.csv,295168.0
1602351754128,9,279168.0,39584.0,slice_mixed,rome_slow_close,tr0,exp1,bs3,data/colosseum-oran-commag-dataset/slice_mixed/rome_slow_close/tr0/exp1/bs3/bs3.csv,318752.0
1602351754378,9,282176.0,37152.0,slice_mixed,rome_slow_close,tr0,exp1,bs3,data/colosseum-oran-commag-dataset/slice_mixed/rome_slow_close/tr0/exp1/bs3/bs3.csv,319328.0
1602351754628,9,234752.0,23392.0,slice_mixed,rome_slow_close,tr0,exp1,bs3,data/colosseum-oran-commag-dataset/slice_mixed/rome_slow_close/tr0/exp1/bs3/bs3.csv,258144.0
1602351754878,9,202358.5625,0.0,slice_mixed,rome_slow_close,tr0,exp1,bs3,data/colosseum-oran-commag-dataset/slice_mixed/rome_slow_close/tr0/exp1/bs3/bs3.csv,202358.5625
1602351755128,9,185696.0,68320.0,slice_mixed,rome_slow_close,tr0,exp1,bs3,data/colosseum-oran-commag-dataset/slice_mixed/rome_slow_close/tr0/exp1/bs3/bs3.csv,254016.0
1602351755378,9,203414.75,24991.486328,slice_mixed,rome_slow_close,tr0,exp1,bs3,data/colosseum-oran-commag-dataset/slice_mixed/rome_slow_close/tr0/exp1/bs3/bs3.csv,228406.236328
1602351755628,9,177657.3125,0.0,slice_mixed,rome_slow_close,tr0,exp1,bs3,data/colosseum-oran-commag-dataset/slice_mixed/rome_slow_close/tr0/exp1/bs3/bs3.csv,177657.3125
1602351755878,9,182023.90625,152350.59375,slice_mixed,rome_slow_close,tr0,exp1,bs3,data/colosseum-oran-commag-dataset/slice_mixed/rome_slow_close/tr0/exp1/bs3/bs3.csv,334374.5
1602351756128,9,226859.4375,41574.296875,slice_mixed,rome_slow_close,tr0,exp1,bs3,data/colosseum-oran-commag-dataset/slice_mixed/rome_slow_close/tr0/exp1/bs3/bs3.csv,268433.734375
1602351756378,9,221440.0,49568.0,slice_mixed,rome_slow_close,tr0,exp1,bs3,data/colosseum-oran-commag-dataset/slice_mixed/rome_slow_close/tr0/exp1/bs3/bs3.csv,271008.0
1602351756628,9,261696.0,0.0,slice_mixed,rome_slow_close,tr0,exp1,bs3,data/colosseum-oran-commag-dataset/slice_mixed/rome_slow_close/tr0/exp1/bs3/bs3.csv,261696.0
1602351756878,9,204448.0,181984.0,slice_mixed,rome_slow_close,tr0,exp1,bs3,data/colosseum-oran-commag-dataset/slice_mixed/rome_slow_close/tr0/exp1/bs3/bs3.csv,386432.0
1602351757128,9,175744.0,26816.0,slice_mixed,rome_slow_close,tr0,exp1,bs3,data/colosseum-oran-commag-dataset/slice_mixed/rome_slow_close/tr0/exp1/bs3/bs3.csv,202560.0
1602351757378,9,138848.0,29280.0,slice_mixed,rome_slow_close,tr0,exp1,bs3,data/colosseum-oran-commag-dataset/slice_mixed/rome_slow_close/tr0/exp1/bs3/bs3.csv,168128.0
1602351757628,9,291744.0,54112.0,slice_mixed,rome_slow_close,tr0,exp1,bs3,data/colosseum-oran-commag-dataset/slice_mixed/rome_slow_close/tr0/exp1/bs3/bs3.csv,345856.0
1602351757879,9,246208.0,45376.0,slice_mixed,rome_slow_close,tr0,exp1,bs3,data/colosseum-oran-commag-dataset/slice_mixed/rome_slow_close/tr0/exp1/bs3/bs3.csv,291584.0
1602351758128,9,216832.0,0.0,slice_mixed,rome_slow_close,tr0,exp1,bs3,data/colosseum-oran-commag-dataset/slice_mixed/rome_slow_close/tr0/exp1/bs3/bs3.csv,216832.0
1602351758378,9,322368.0,81312.0,slice_mixed,rome_slow_close,tr0,exp1,bs3,data/colosseum-oran-commag-dataset/slice_mixed/rome_slow_close/tr0/exp1/bs3/bs3.csv,403680.0
1602351758628,9,226080.0,18880.0,slice_mixed,rome_slow_close,tr0,exp1,bs3,data/colosseum-oran-commag-dataset/slice_mixed/rome_slow_close/tr0/exp1/bs3/bs3.csv,244960.0
1602351758878,9,282144.0,57248.0,slice_mixed,rome_slow_close,tr0,exp1,bs3,data/colosseum-oran-commag-dataset/slice_mixed/rome_slow_close/tr0/exp1/bs3/bs3.csv,339392.0
1602351759128,9,229984.0,58720.0,slice_mixed,rome_slow_close,tr0,exp1,bs3,data/colosseum-oran-commag-dataset/slice_mixed/rome_slow_close/tr0/exp1/bs3/bs3.csv,288704.0
1602351759378,9,261280.0,15808.0,slice_mixed,rome_slow_close,tr0,exp1,bs3,data/colosseum-oran-commag-dataset/slice_mixed/rome_slow_close/tr0/exp1/bs3/bs3.csv,277088.0
1602351759628,9,201056.0,18880.0,slice_mixed,rome_slow_close,tr0,exp1,bs3,data/colosseum-oran-commag-dataset/slice_mixed/rome_slow_close/tr0/exp1/bs3/bs3.csv,219936.0
1602351759878,9,357888.0,23840.0,slice_mixed,rome_slow_close,tr0,exp1,bs3,data/colosseum-oran-commag-dataset/slice_mixed/rome_slow_close/tr0/exp1/bs3/bs3.csv,381728.0
1602351760128,9,321504.0,3552.0,slice_mixed,rome_slow_close,tr0,exp1,bs3,data/colosseum-oran-commag-dataset/slice_mixed/rome_slow_close/tr0/exp1/bs3/bs3.csv,325056.0
1602351760378,9,167328.0,28320.0,slice_mixed,rome_slow_close,tr0,exp1,bs3,data/colosseum-oran-commag-dataset/slice_mixed/rome_slow_close/tr0/exp1/bs3/bs3.csv,195648.0
1602351760628,9,212896.0,7840.0,slice_mixed,rome_slow_close,tr0,exp1,bs3,data/colosseum-oran-commag-dataset/slice_mixed/rome_slow_close/tr0/exp1/bs3/bs3.csv,220736.0
1602351760878,9,293344.0,72192.0,slice_mixed,rome_slow_close,tr0,exp1,bs3,data/colosseum-oran-commag-dataset/slice_mixed/rome_slow_close/tr0/exp1/bs3/bs3.csv,365536.0
1602351761128,9,520608.0,44480.0,slice_mixed,rome_slow_close,tr0,exp1,bs3,data/colosseum-oran-commag-dataset/slice_mixed/rome_slow_close/tr0/exp1/bs3/bs3.csv,565088.0
1602351761378,9,181609.5625,27601.59375,slice_mixed,rome_slow_close,tr0,exp1,bs3,data/colosseum-oran-commag-dataset/slice_mixed/rome_slow_close/tr0/exp1/bs3/bs3.csv,209211.15625
1602351761628,9,219104.0,22464.0,slice_mixed,rome_slow_close,tr0,exp1,bs3,data/colosseum-oran-commag-dataset/slice_mixed/rome_slow_close/tr0/exp1/bs3/bs3.csv,241568.0
1602351761878,9,180080.703125,15710.84375,slice_mixed,rome_slow_close,tr0,exp1,bs3,data/colosseum-oran-commag-dataset/slice_mixed/rome_slow_close/tr0/exp1/bs3/bs3.csv,195791.546875
1602351762128,9,220680.28125,62007.839844,slice_mixed,rome_slow_close,tr0,exp1,bs3,data/colosseum-oran-commag-dataset/slice_mixed/rome_slow_close/tr0/exp1/bs3/bs3.csv,282688.121094
1602351762378,9,646618.4375,121542.171875,slice_mixed,rome_slow_close,tr0,exp1,bs3,data/colosseum-oran-commag-dataset/slice_mixed/rome_slow_close/tr0/exp1/bs3/bs3.csv,768160.609375
1602351762628,9,464480.0,6560.0,slice_mixed,rome_slow_close,tr0,exp1,bs3,data/colosseum-oran-commag-dataset/slice_mixed/rome_slow_close/tr0/exp1/bs3/bs3.csv,471040.0
1602351762878,9,285408.0,43232.0,slice_mixed,rome_slow_close,tr0,exp1,bs3,data/colosseum-oran-commag-dataset/slice_mixed/rome_slow_close/tr0/exp1/bs3/bs3.csv,328640.0
1602351763128,9,275744.0,41728.0,slice_mixed,rome_slow_close,tr0,exp1,bs3,data/colosseum-oran-commag-dataset/slice_mixed/rome_slow_close/tr0/exp1/bs3/bs3.csv,317472.0
1602351763378,9,301696.0,66816.0,slice_mixed,rome_slow_close,tr0,exp1,bs3,data/colosseum-oran-commag-dataset/slice_mixed/rome_slow_close/tr0/exp1/bs3/bs3.csv,368512.0
1602351763628,9,318496.0,0.0,slice_mixed,rome_slow_close,tr0,exp1,bs3,data/colosseum-oran-commag-dataset/slice_mixed/rome_slow_close/tr0/exp1/bs3/bs3.csv,318496.0
1602351763878,9,336192.0,32800.0,slice_mixed,rome_slow_close,tr0,exp1,bs3,data/colosseum-oran-commag-dataset/slice_mixed/rome_slow_close/tr0/exp1/bs3/bs3.csv,368992.0
1602351764128,9,169632.0,7840.0,slice_mixed,rome_slow_close,tr0,exp1,bs3,data/colosseum-oran-commag-dataset/slice_mixed/rome_slow_close/tr0/exp1/bs3/bs3.csv,177472.0
1602351764378,9,260448.0,74080.0,slice_mixed,rome_slow_close,tr0,exp1,bs3,data/colosseum-oran-commag-dataset/slice_mixed/rome_slow_close/tr0/exp1/bs3/bs3.csv,334528.0
1602351764628,9,151616.0,0.0,slice_mixed,rome_slow_close,tr0,exp1,bs3,data/colosseum-oran-commag-dataset/slice_mixed/rome_slow_close/tr0/exp1/bs3/bs3.csv,151616.0
1602351764878,9,1031072.0,50720.0,slice_mixed,rome_slow_close,tr0,exp1,bs3,data/colosseum-oran-commag-dataset/slice_mixed/rome_slow_close/tr0/exp1/bs3/bs3.csv,1081792.0
1602351765128,9,1000064.0,0.0,slice_mixed,rome_slow_close,tr0,exp1,bs3,data/colosseum-oran-commag-dataset/slice_mixed/rome_slow_close/tr0/exp1/bs3/bs3.csv,1000064.0
1602351765378,9,1028736.0,21728.0,slice_mixed,rome_slow_close,tr0,exp1,bs3,data/colosseum-oran-commag-dataset/slice_mixed/rome_slow_close/tr0/exp1/bs3/bs3.csv,1050464.0
1602351765628,9,1106400.0,0.0,slice_mixed,rome_slow_close,tr0,exp1,bs3,data/colosseum-oran-commag-dataset/slice_mixed/rome_slow_close/tr0/exp1/bs3/bs3.csv,1106400.0
1602351765878,9,1093728.0,74304.0,slice_mixed,rome_slow_close,tr0,exp1,bs3,data/colosseum-oran-commag-dataset/slice_mixed/rome_slow_close/tr0/exp1/bs3/bs3.csv,1168032.0
1602351766128,9,1014208.0,0.0,slice_mixed,rome_slow_close,tr0,exp1,bs3,data/colosseum-oran-commag-dataset/slice_mixed/rome_slow_close/tr0/exp1/bs3/bs3.csv,1014208.0
1602351766378,9,1089120.0,28096.0,slice_mixed,rome_slow_close,tr0,exp1,bs3,data/colosseum-oran-commag-dataset/slice_mixed/rome_slow_close/tr0/exp1/bs3/bs3.csv,1117216.0
1602351766628,9,429376.0,166432.0,slice_mixed,rome_slow_close,tr0,exp1,bs3,data/colosseum-oran-commag-dataset/slice_mixed/rome_slow_close/tr0/exp1/bs3/bs3.csv,595808.0
1602351766878,9,140512.0,35456.0,slice_mixed,rome_slow_close,tr0,exp1,bs3,data/colosseum-oran-commag-dataset/slice_mixed/rome_slow_close/tr0/exp1/bs3/bs3.csv,175968.0
1602351767128,9,735936.0,0.0,slice_mixed,rome_slow_close,tr0,exp1,bs3,data/colosseum-oran-commag-dataset/slice_mixed/rome_slow_close/tr0/exp1/bs3/bs3.csv,735936.0
1602351767378,9,694752.0,27968.0,slice_mixed,rome_slow_close,tr0,exp1,bs3,data/colosseum-oran-commag-dataset/slice_mixed/rome_slow_close/tr0/exp1/bs3/bs3.csv,722720.0
1602351767628,9,734464.0,0.0,slice_mixed,rome_slow_close,tr0,exp1,bs3,data/colosseum-oran-commag-dataset/slice_mixed/rome_slow_close/tr0/exp1/bs3/bs3.csv,734464.0
1602351767878,9,389120.0,69440.0,slice_mixed,rome_slow_close,tr0,exp1,bs3,data/colosseum-oran-commag-dataset/slice_mixed/rome_slow_close/tr0/exp1/bs3/bs3.csv,458560.0
1602351768128,9,187886.015625,0.0,slice_mixed,rome_slow_close,tr0,exp1,bs3,data/colosseum-oran-commag-dataset/slice_mixed/rome_slow_close/tr0/exp1/bs3/bs3.csv,187886.015625
1602351768378,9,238811.25,55068.273438,slice_mixed,rome_slow_close,tr0,exp1,bs3,data/colosseum-oran-commag-dataset/slice_mixed/rome_slow_close/tr0/exp1/bs3/bs3.csv,293879.523438
1602351768628,9,233056.0,0.0,slice_mixed,rome_slow_close,tr0,exp1,bs3,data/colosseum-oran-commag-dataset/slice_mixed/rome_slow_close/tr0/exp1/bs3/bs3.csv,233056.0
1602351768878,9,143424.0,43552.0,slice_mixed,rome_slow_close,tr0,exp1,bs3,data/colosseum-oran-commag-dataset/slice_mixed/rome_slow_close/tr0/exp1/bs3/bs3.csv,186976.0
1602351769128,9,215008.0,0.0,slice_mixed,rome_slow_close,tr0,exp1,bs3,data/colosseum-oran-commag-dataset/slice_mixed/rome_slow_close/tr0/exp1/bs3/bs3.csv,215008.0
1602351769378,9,234464.0,50944.0,slice_mixed,rome_slow_close,tr0,exp1,bs3,data/colosseum-oran-commag-dataset/slice_mixed/rome_slow_close/tr0/exp1/bs3/bs3.csv,285408.0
1602351769628,9,142624.0,48640.0,slice_mixed,rome_slow_close,tr0,exp1,bs3,data/colosseum-oran-commag-dataset/slice_mixed/rome_slow_close/tr0/exp1/bs3/bs3.csv,191264.0
1602351769878,9,673376.0,0.0,slice_mixed,rome_slow_close,tr0,exp1,bs3,data/colosseum-oran-commag-dataset/slice_mixed/rome_slow_close/tr0/exp1/bs3/bs3.csv,673376.0
1602351770128,9,1276640.0,46464.0,slice_mixed,rome_slow_close,tr0,exp1,bs3,data/colosseum-oran-commag-dataset/slice_mixed/rome_slow_close/tr0/exp1/bs3/bs3.csv,1323104.0
1602351770378,9,356512.0,74368.0,slice_mixed,rome_slow_close,tr0,exp1,bs3,data/colosseum-oran-commag-dataset/slice_mixed/rome_slow_close/tr0/exp1/bs3/bs3.csv,430880.0
1602351770628,9,350464.0,18624.0,slice_mixed,rome_slow_close,tr0,exp1,bs3,data/colosseum-oran-commag-dataset/slice_mixed/rome_slow_close/tr0/exp1/bs3/bs3.csv,369088.0
1602351770878,9,1005152.0,0.0,slice_mixed,rome_slow_close,tr0,exp1,bs3,data/colosseum-oran-commag-dataset/slice_mixed/rome_slow_close/tr0/exp1/bs3/bs3.csv,1005152.0
1602351771128,9,810304.0,71680.0,slice_mixed,rome_slow_close,tr0,exp1,bs3,data/colosseum-oran-commag-dataset/slice_mixed/rome_slow_close/tr0/exp1/bs3/bs3.csv,881984.0
1602351771378,9,877344.0,50688.0,slice_mixed,rome_slow_close,tr0,exp1,bs3,data/colosseum-oran-commag-dataset/slice_mixed/rome_slow_close/tr0/exp1/bs3/bs3.csv,928032.0
1602351771628,9,249600.0,39136.0,slice_mixed,rome_slow_close,tr0,exp1,bs3,data/colosseum-oran-commag-dataset/slice_mixed/rome_slow_close/tr0/exp1/bs3/bs3.csv,288736.0
1602351771878,9,159744.0,39104.0,slice_mixed,rome_slow_close,tr0,exp1,bs3,data/colosseum-oran-commag-dataset/slice_mixed/rome_slow_close/tr0/exp1/bs3/bs3.csv,198848.0
1602351772128,9,216128.0,0.0,slice_mixed,rome_slow_close,tr0,exp1,bs3,data/colosseum-oran-commag-dataset/slice_mixed/rome_slow_close/tr0/exp1/bs3/bs3.csv,216128.0
1602351772378,9,672768.0,67392.0,slice_mixed,rome_slow_close,tr0,exp1,bs3,data/colosseum-oran-commag-dataset/slice_mixed/rome_slow_close/tr0/exp1/bs3/bs3.csv,740160.0
1602351772628,9,155552.0,13184.0,slice_mixed,rome_slow_close,tr0,exp1,bs3,data/colosseum-oran-commag-dataset/slice_mixed/rome_slow_close/tr0/exp1/bs3/bs3.csv,168736.0
1602351772878,9,128192.0,0.0,slice_mixed,rome_slow_close,tr0,exp1,bs3,data/colosseum-oran-commag-dataset/slice_mixed/rome_slow_close/tr0/exp1/bs3/bs3.csv,128192.0
1602351773128,9,214848.0,76928.0,slice_mixed,rome_slow_close,tr0,exp1,bs3,data/colosseum-oran-commag-dataset/slice_mixed/rome_slow_close/tr0/exp1/bs3/bs3.csv,291776.0
1602351773378,9,944128.0,79552.0,slice_mixed,rome_slow_close,tr0,exp1,bs3,data/colosseum-oran-commag-dataset/slice_mixed/rome_slow_close/tr0/exp1/bs3/bs3.csv,1023680.0
1602351773628,9,191360.0,16576.0,slice_mixed,rome_slow_close,tr0,exp1,bs3,data/colosseum-oran-commag-dataset/slice_mixed/rome_slow_close/tr0/exp1/bs3/bs3.csv,207936.0
1602351773878,9,182400.0,65984.0,slice_mixed,rome_slow_close,tr0,exp1,bs3,data/colosseum-oran-commag-dataset/slice_mixed/rome_slow_close/tr0/exp1/bs3/bs3.csv,248384.0
1602351774128,9,804480.0,18368.0,slice_mixed,rome_slow_close,tr0,exp1,bs3,data/colosseum-oran-commag-dataset/slice_mixed/rome_slow_close/tr0/exp1/bs3/bs3.csv,822848.0
1602351774378,9,446080.0,175136.0,slice_mixed,rome_slow_close,tr0,exp1,bs3,data/colosseum-oran-commag-dataset/slice_mixed/rome_slow_close/tr0/exp1/bs3/bs3.csv,621216.0
1602351774628,9,164015.9375,18549.800781,slice_mixed,rome_slow_close,tr0,exp1,bs3,data/colosseum-oran-commag-dataset/slice_mixed/rome_slow_close/tr0/exp1/bs3/bs3.csv,182565.738281
1602351774878,9,431743.0,30457.832031,slice_mixed,rome_slow_close,tr0,exp1,bs3,data/colosseum-oran-commag-dataset/slice_mixed/rome_slow_close/tr0/exp1/bs3/bs3.csv,462200.832031
1602351775128,9,696382.4375,0.0,slice_mixed,rome_slow_close,tr0,exp1,bs3,data/colosseum-oran-commag-dataset/slice_mixed/rome_slow_close/tr0/exp1/bs3/bs3.csv,696382.4375
1602351775378,9,691759.0,50666.667969,slice_mixed,rome_slow_close,tr0,exp1,bs3,data/colosseum-oran-commag-dataset/slice_mixed/rome_slow_close/tr0/exp1/bs3/bs3.csv,742425.6679690001
1602351775628,9,680640.0,0.0,slice_mixed,rome_slow_close,tr0,exp1,bs3,data/colosseum-oran-commag-dataset/slice_mixed/rome_slow_close/tr0/exp1/bs3/bs3.csv,680640.0
1602351775878,9,613952.0,29984.0,slice_mixed,rome_slow_close,tr0,exp1,bs3,data/colosseum-oran-commag-dataset/slice_mixed/rome_slow_close/tr0/exp1/bs3/bs3.csv,643936.0
1602351776128,9,658848.0,0.0,slice_mixed,rome_slow_close,tr0,exp1,bs3,data/colosseum-oran-commag-dataset/slice_mixed/rome_slow_close/tr0/exp1/bs3/bs3.csv,658848.0
1602351776378,9,719296.0,30048.0,slice_mixed,rome_slow_close,tr0,exp1,bs3,data/colosseum-oran-commag-dataset/slice_mixed/rome_slow_close/tr0/exp1/bs3/bs3.csv,749344.0
1602351776628,9,662560.0,18368.0,slice_mixed,rome_slow_close,tr0,exp1,bs3,data/colosseum-oran-commag-dataset/slice_mixed/rome_slow_close/tr0/exp1/bs3/bs3.csv,680928.0
1602351776878,9,363168.0,0.0,slice_mixed,rome_slow_close,tr0,exp1,bs3,data/colosseum-oran-commag-dataset/slice_mixed/rome_slow_close/tr0/exp1/bs3/bs3.csv,363168.0
1602351777128,9,163424.0,55296.0,slice_mixed,rome_slow_close,tr0,exp1,bs3,data/colosseum-oran-commag-dataset/slice_mixed/rome_slow_close/tr0/exp1/bs3/bs3.csv,218720.0
1602351777378,9,239296.0,35424.0,slice_mixed,rome_slow_close,tr0,exp1,bs3,data/colosseum-oran-commag-dataset/slice_mixed/rome_slow_close/tr0/exp1/bs3/bs3.csv,274720.0
1602351777628,9,288896.0,27552.0,slice_mixed,rome_slow_close,tr0,exp1,bs3,data/colosseum-oran-commag-dataset/slice_mixed/rome_slow_close/tr0/exp1/bs3/bs3.csv,316448.0
1602351777878,9,152992.0,42368.0,slice_mixed,rome_slow_close,tr0,exp1,bs3,data/colosseum-oran-commag-dataset/slice_mixed/rome_slow_close/tr0/exp1/bs3/bs3.csv,195360.0
1602351778128,9,140000.0,0.0,slice_mixed,rome_slow_close,tr0,exp1,bs3,data/colosseum-oran-commag-dataset/slice_mixed/rome_slow_close/tr0/exp1/bs3/bs3.csv,140000.0
1602351778378,9,180192.0,15136.0,slice_mixed,rome_slow_close,tr0,exp1,bs3,data/colosseum-oran-commag-dataset/slice_mixed/rome_slow_close/tr0/exp1/bs3/bs3.csv,195328.0
1602351778628,9,563744.0,14400.0,slice_mixed,rome_slow_close,tr0,exp1,bs3,data/colosseum-oran-commag-dataset/slice_mixed/rome_slow_close/tr0/exp1/bs3/bs3.csv,578144.0
1602351778878,9,684640.0,0.0,slice_mixed,rome_slow_close,tr0,exp1,bs3,data/colosseum-oran-commag-dataset/slice_mixed/rome_slow_close/tr0/exp1/bs3/bs3.csv,684640.0
1602351779128,9,666208.0,52384.0,slice_mixed,rome_slow_close,tr0,exp1,bs3,data/colosseum-oran-commag-dataset/slice_mixed/rome_slow_close/tr0/exp1/bs3/bs3.csv,718592.0
1602351779378,9,667392.0,21536.0,slice_mixed,rome_slow_close,tr0,exp1,bs3,data/colosseum-oran-commag-dataset/slice_mixed/rome_slow_close/tr0/exp1/bs3/bs3.csv,688928.0
1602351779628,9,479008.0,36256.0,slice_mixed,rome_slow_close,tr0,exp1,bs3,data/colosseum-oran-commag-dataset/slice_mixed/rome_slow_close/tr0/exp1/bs3/bs3.csv,515264.0
1602351779878,9,83232.0,3360.0,slice_mixed,rome_slow_close,tr0,exp1,bs3,data/colosseum-oran-commag-dataset/slice_mixed/rome_slow_close/tr0/exp1/bs3/bs3.csv,86592.0
1602351780128,9,203744.0,46144.0,slice_mixed,rome_slow_close,tr0,exp1,bs3,data/colosseum-oran-commag-dataset/slice_mixed/rome_slow_close/tr0/exp1/bs3/bs3.csv,249888.0
1602351780378,9,343744.0,75488.0,slice_mixed,rome_slow_close,tr0,exp1,bs3,data/colosseum-oran-commag-dataset/slice_mixed/rome_slow_close/tr0/exp1/bs3/bs3.csv,419232.0
1602351780628,9,396992.0,31808.0,slice_mixed,rome_slow_close,tr0,exp1,bs3,data/colosseum-oran-commag-dataset/slice_mixed/rome_slow_close/tr0/exp1/bs3/bs3.csv,428800.0
1602351780878,9,588512.0,40032.0,slice_mixed,rome_slow_close,tr0,exp1,bs3,data/colosseum-oran-commag-dataset/slice_mixed/rome_slow_close/tr0/exp1/bs3/bs3.csv,628544.0
1602351781128,9,357609.5625,9338.645508,slice_mixed,rome_slow_close,tr0,exp1,bs3,data/colosseum-oran-commag-dataset/slice_mixed/rome_slow_close/tr0/exp1/bs3/bs3.csv,366948.208008
1602351781378,9,238361.4375,38971.886719,slice_mixed,rome_slow_close,tr0,exp1,bs3,data/colosseum-oran-commag-dataset/slice_mixed/rome_slow_close/tr0/exp1/bs3/bs3.csv,277333.324219
1602351781628,9,313248.0,28256.0,slice_mixed,rome_slow_close,tr0,exp1,bs3,data/colosseum-oran-commag-dataset/slice_mixed/rome_slow_close/tr0/exp1/bs3/bs3.csv,341504.0
1602351781878,9,327712.0,41856.0,slice_mixed,rome_slow_close,tr0,exp1,bs3,data/colosseum-oran-commag-dataset/slice_mixed/rome_slow_close/tr0/exp1/bs3/bs3.csv,369568.0
1602351782128,9,248733.046875,3123.505859,slice_mixed,rome_slow_close,tr0,exp1,bs3,data/colosseum-oran-commag-dataset/slice_mixed/rome_slow_close/tr0/exp1/bs3/bs3.csv,251856.552734
1602351782378,9,171951.8125,94200.804688,slice_mixed,rome_slow_close,tr0,exp1,bs3,data/colosseum-oran-commag-dataset/slice_mixed/rome_slow_close/tr0/exp1/bs3/bs3.csv,266152.617188
1602351782628,9,827584.0,0.0,slice_mixed,rome_slow_close,tr0,exp1,bs3,data/colosseum-oran-commag-dataset/slice_mixed/rome_slow_close/tr0/exp1/bs3/bs3.csv,827584.0
1602351782878,9,985952.0,49568.0,slice_mixed,rome_slow_close,tr0,exp1,bs3,data/colosseum-oran-commag-dataset/slice_mixed/rome_slow_close/tr0/exp1/bs3/bs3.csv,1035520.0
1602351783128,9,960864.0,54784.0,slice_mixed,rome_slow_close,tr0,exp1,bs3,data/colosseum-oran-commag-dataset/slice_mixed/rome_slow_close/tr0/exp1/bs3/bs3.csv,1015648.0
1602351783378,9,886752.0,21952.0,slice_mixed,rome_slow_close,tr0,exp1,bs3,data/colosseum-oran-commag-dataset/slice_mixed/rome_slow_close/tr0/exp1/bs3/bs3.csv,908704.0
1602351783628,9,849056.0,44576.0,slice_mixed,rome_slow_close,tr0,exp1,bs3,data/colosseum-oran-commag-dataset/slice_mixed/rome_slow_close/tr0/exp1/bs3/bs3.csv,893632.0
1602351783878,9,636192.0,14112.0,slice_mixed,rome_slow_close,tr0,exp1,bs3,data/colosseum-oran-commag-dataset/slice_mixed/rome_slow_close/tr0/exp1/bs3/bs3.csv,650304.0
1602351784128,9,546016.0,15808.0,slice_mixed,rome_slow_close,tr0,exp1,bs3,data/colosseum-oran-commag-dataset/slice_mixed/rome_slow_close/tr0/exp1/bs3/bs3.csv,561824.0
1602351784378,9,712032.0,38016.0,slice_mixed,rome_slow_close,tr0,exp1,bs3,data/colosseum-oran-commag-dataset/slice_mixed/rome_slow_close/tr0/exp1/bs3/bs3.csv,750048.0
1602351784628,9,502784.0,18368.0,slice_mixed,rome_slow_close,tr0,exp1,bs3,data/colosseum-oran-commag-dataset/slice_mixed/rome_slow_close/tr0/exp1/bs3/bs3.csv,521152.0
1602351784878,9,200992.0,43488.0,slice_mixed,rome_slow_close,tr0,exp1,bs3,data/colosseum-oran-commag-dataset/slice_mixed/rome_slow_close/tr0/exp1/bs3/bs3.csv,244480.0
1602351785128,9,134208.0,16576.0,slice_mixed,rome_slow_close,tr0,exp1,bs3,data/colosseum-oran-commag-dataset/slice_mixed/rome_slow_close/tr0/exp1/bs3/bs3.csv,150784.0
1602351785378,9,184992.0,80224.0,slice_mixed,rome_slow_close,tr0,exp1,bs3,data/colosseum-oran-commag-dataset/slice_mixed/rome_slow_close/tr0/exp1/bs3/bs3.csv,265216.0
1602351785628,9,190240.0,17056.0,slice_mixed,rome_slow_close,tr0,exp1,bs3,data/colosseum-oran-commag-dataset/slice_mixed/rome_slow_close/tr0/exp1/bs3/bs3.csv,207296.0
1602351785878,9,619872.0,43808.0,slice_mixed,rome_slow_close,tr0,exp1,bs3,data/colosseum-oran-commag-dataset/slice_mixed/rome_slow_close/tr0/exp1/bs3/bs3.csv,663680.0
1602351786128,9,473664.0,112800.0,slice_mixed,rome_slow_close,tr0,exp1,bs3,data/colosseum-oran-commag-dataset/slice_mixed/rome_slow_close/tr0/exp1/bs3/bs3.csv,586464.0
1602351786378,9,647872.0,65248.0,slice_mixed,rome_slow_close,tr0,exp1,bs3,data/colosseum-oran-commag-dataset/slice_mixed/rome_slow_close/tr0/exp1/bs3/bs3.csv,713120.0
1602351786628,9,789952.0,28256.0,slice_mixed,rome_slow_close,tr0,exp1,bs3,data/colosseum-oran-commag-dataset/slice_mixed/rome_slow_close/tr0/exp1/bs3/bs3.csv,818208.0
1602351786878,9,806176.0,47008.0,slice_mixed,rome_slow_close,tr0,exp1,bs3,data/colosseum-oran-commag-dataset/slice_mixed/rome_slow_close/tr0/exp1/bs3/bs3.csv,853184.0
1602351787128,9,171776.0,0.0,slice_mixed,rome_slow_close,tr0,exp1,bs3,data/colosseum-oran-commag-dataset/slice_mixed/rome_slow_close/tr0/exp1/bs3/bs3.csv,171776.0
1602351787378,9,193632.0,62752.0,slice_mixed,rome_slow_close,tr0,exp1,bs3,data/colosseum-oran-commag-dataset/slice_mixed/rome_slow_close/tr0/exp1/bs3/bs3.csv,256384.0
1602351787628,9,168892.421875,105848.609375,slice_mixed,rome_slow_close,tr0,exp1,bs3,data/colosseum-oran-commag-dataset/slice_mixed/rome_slow_close/tr0/exp1/bs3/bs3.csv,274741.03125
1602351787878,9,134457.828125,150554.21875,slice_mixed,rome_slow_close,tr0,exp1,bs3,data/colosseum-oran-commag-dataset/slice_mixed/rome_slow_close/tr0/exp1/bs3/bs3.csv,285012.046875
1602351788128,9,175456.0,94720.0,slice_mixed,rome_slow_close,tr0,exp1,bs3,data/colosseum-oran-commag-dataset/slice_mixed/rome_slow_close/tr0/exp1/bs3/bs3.csv,270176.0
1602351788378,9,217184.0,122528.0,slice_mixed,rome_slow_close,tr0,exp1,bs3,data/colosseum-oran-commag-dataset/slice_mixed/rome_slow_close/tr0/exp1/bs3/bs3.csv,339712.0
1602351788628,9,187840.0,20352.0,slice_mixed,rome_slow_close,tr0,exp1,bs3,data/colosseum-oran-commag-dataset/slice_mixed/rome_slow_close/tr0/exp1/bs3/bs3.csv,208192.0
1602351788878,9,389280.0,123328.0,slice_mixed,rome_slow_close,tr0,exp1,bs3,data/colosseum-oran-commag-dataset/slice_mixed/rome_slow_close/tr0/exp1/bs3/bs3.csv,512608.0
1602351789128,9,212416.0,9376.0,slice_mixed,rome_slow_close,tr0,exp1,bs3,data/colosseum-oran-commag-dataset/slice_mixed/rome_slow_close/tr0/exp1/bs3/bs3.csv,221792.0
1602351789378,9,163264.0,122688.0,slice_mixed,rome_slow_close,tr0,exp1,bs3,data/colosseum-oran-commag-dataset/slice_mixed/rome_slow_close/tr0/exp1/bs3/bs3.csv,285952.0
1602351789628,9,202592.0,59648.0,slice_mixed,rome_slow_close,tr0,exp1,bs3,data/colosseum-oran-commag-dataset/slice_mixed/rome_slow_close/tr0/exp1/bs3/bs3.csv,262240.0
1602351789878,9,139776.0,28704.0,slice_mixed,rome_slow_close,tr0,exp1,bs3,data/colosseum-oran-commag-dataset/slice_mixed/rome_slow_close/tr0/exp1/bs3/bs3.csv,168480.0
1602351790128,9,188768.0,94592.0,slice_mixed,rome_slow_close,tr0,exp1,bs3,data/colosseum-oran-commag-dataset/slice_mixed/rome_slow_close/tr0/exp1/bs3/bs3.csv,283360.0
1602351790378,9,258432.0,101632.0,slice_mixed,rome_slow_close,tr0,exp1,bs3,data/colosseum-oran-commag-dataset/slice_mixed/rome_slow_close/tr0/exp1/bs3/bs3.csv,360064.0
1602351790628,9,118176.0,36672.0,slice_mixed,rome_slow_close,tr0,exp1,bs3,data/colosseum-oran-commag-dataset/slice_mixed/rome_slow_close/tr0/exp1/bs3/bs3.csv,154848.0
1602351790878,9,149120.0,25120.0,slice_mixed,rome_slow_close,tr0,exp1,bs3,data/colosseum-oran-commag-dataset/slice_mixed/rome_slow_close/tr0/exp1/bs3/bs3.csv,174240.0
1602351791128,9,176608.0,47008.0,slice_mixed,rome_slow_close,tr0,exp1,bs3,data/colosseum-oran-commag-dataset/slice_mixed/rome_slow_close/tr0/exp1/bs3/bs3.csv,223616.0
1602351791378,9,232800.0,49984.0,slice_mixed,rome_slow_close,tr0,exp1,bs3,data/colosseum-oran-commag-dataset/slice_mixed/rome_slow_close/tr0/exp1/bs3/bs3.csv,282784.0
1602351791628,9,180672.0,0.0,slice_mixed,rome_slow_close,tr0,exp1,bs3,data/colosseum-oran-commag-dataset/slice_mixed/rome_slow_close/tr0/exp1/bs3/bs3.csv,180672.0
1602351791878,9,117632.0,18368.0,slice_mixed,rome_slow_close,tr0,exp1,bs3,data/colosseum-oran-commag-dataset/slice_mixed/rome_slow_close/tr0/exp1/bs3/bs3.csv,136000.0
1602351792128,9,172832.0,58496.0,slice_mixed,rome_slow_close,tr0,exp1,bs3,data/colosseum-oran-commag-dataset/slice_mixed/rome_slow_close/tr0/exp1/bs3/bs3.csv,231328.0
1602351792378,9,192960.0,128928.0,slice_mixed,rome_slow_close,tr0,exp1,bs3,data/colosseum-oran-commag-dataset/slice_mixed/rome_slow_close/tr0/exp1/bs3/bs3.csv,321888.0
1602351792628,9,592736.0,15520.0,slice_mixed,rome_slow_close,tr0,exp1,bs3,data/colosseum-oran-commag-dataset/slice_mixed/rome_slow_close/tr0/exp1/bs3/bs3.csv,608256.0
1602351792878,9,556192.0,66144.0,slice_mixed,rome_slow_close,tr0,exp1,bs3,data/colosseum-oran-commag-dataset/slice_mixed/rome_slow_close/tr0/exp1/bs3/bs3.csv,622336.0
1602351793128,9,828736.0,45696.0,slice_mixed,rome_slow_close,tr0,exp1,bs3,data/colosseum-oran-commag-dataset/slice_mixed/rome_slow_close/tr0/exp1/bs3/bs3.csv,874432.0
1602351793378,9,920288.0,24672.0,slice_mixed,rome_slow_close,tr0,exp1,bs3,data/colosseum-oran-commag-dataset/slice_mixed/rome_slow_close/tr0/exp1/bs3/bs3.csv,944960.0
1602351793628,9,796000.0,30304.0,slice_mixed,rome_slow_close,tr0,exp1,bs3,data/colosseum-oran-commag-dataset/slice_mixed/rome_slow_close/tr0/exp1/bs3/bs3.csv,826304.0
1602351793878,9,736672.0,35776.0,slice_mixed,rome_slow_close,tr0,exp1,bs3,data/colosseum-oran-commag-dataset/slice_mixed/rome_slow_close/tr0/exp1/bs3/bs3.csv,772448.0
1602351794128,9,234964.140625,10932.270508,slice_mixed,rome_slow_close,tr0,exp1,bs3,data/colosseum-oran-commag-dataset/slice_mixed/rome_slow_close/tr0/exp1/bs3/bs3.csv,245896.411133
1602351794378,9,261815.265625,103550.195312,slice_mixed,rome_slow_close,tr0,exp1,bs3,data/colosseum-oran-commag-dataset/slice_mixed/rome_slow_close/tr0/exp1/bs3/bs3.csv,365365.460937
1602351794628,9,610336.0,0.0,slice_mixed,rome_slow_close,tr0,exp1,bs3,data/colosseum-oran-commag-dataset/slice_mixed/rome_slow_close/tr0/exp1/bs3/bs3.csv,610336.0
1602351794878,9,170848.0,273376.0,slice_mixed,rome_slow_close,tr0,exp1,bs3,data/colosseum-oran-commag-dataset/slice_mixed/rome_slow_close/tr0/exp1/bs3/bs3.csv,444224.0
1602351795128,9,307840.0,61280.0,slice_mixed,rome_slow_close,tr0,exp1,bs3,data/colosseum-oran-commag-dataset/slice_mixed/rome_slow_close/tr0/exp1/bs3/bs3.csv,369120.0
1602351795378,9,521888.0,55840.0,slice_mixed,rome_slow_close,tr0,exp1,bs3,data/colosseum-oran-commag-dataset/slice_mixed/rome_slow_close/tr0/exp1/bs3/bs3.csv,577728.0
1602351795628,9,496288.0,32864.0,slice_mixed,rome_slow_close,tr0,exp1,bs3,data/colosseum-oran-commag-dataset/slice_mixed/rome_slow_close/tr0/exp1/bs3/bs3.csv,529152.0
1602351795878,9,504640.0,88800.0,slice_mixed,rome_slow_close,tr0,exp1,bs3,data/colosseum-oran-commag-dataset/slice_mixed/rome_slow_close/tr0/exp1/bs3/bs3.csv,593440.0
1602351796128,9,340288.0,34144.0,slice_mixed,rome_slow_close,tr0,exp1,bs3,data/colosseum-oran-commag-dataset/slice_mixed/rome_slow_close/tr0/exp1/bs3/bs3.csv,374432.0
1602351796378,9,164800.0,185760.0,slice_mixed,rome_slow_close,tr0,exp1,bs3,data/colosseum-oran-commag-dataset/slice_mixed/rome_slow_close/tr0/exp1/bs3/bs3.csv,350560.0
1602351796628,9,179168.0,0.0,slice_mixed,rome_slow_close,tr0,exp1,bs3,data/colosseum-oran-commag-dataset/slice_mixed/rome_slow_close/tr0/exp1/bs3/bs3.csv,179168.0
1602351796878,9,99264.0,0.0,slice_mixed,rome_slow_close,tr0,exp1,bs3,data/colosseum-oran-commag-dataset/slice_mixed/rome_slow_close/tr0/exp1/bs3/bs3.csv,99264.0
1602351797128,9,163200.0,106048.0,slice_mixed,rome_slow_close,tr0,exp1,bs3,data/colosseum-oran-commag-dataset/slice_mixed/rome_slow_close/tr0/exp1/bs3/bs3.csv,269248.0
1602351797378,9,147936.0,28800.0,slice_mixed,rome_slow_close,tr0,exp1,bs3,data/colosseum-oran-commag-dataset/slice_mixed/rome_slow_close/tr0/exp1/bs3/bs3.csv,176736.0
1602351797628,9,191776.0,177568.0,slice_mixed,rome_slow_close,tr0,exp1,bs3,data/colosseum-oran-commag-dataset/slice_mixed/rome_slow_close/tr0/exp1/bs3/bs3.csv,369344.0
1602351797878,9,195040.0,57888.0,slice_mixed,rome_slow_close,tr0,exp1,bs3,data/colosseum-oran-commag-dataset/slice_mixed/rome_slow_close/tr0/exp1/bs3/bs3.csv,252928.0
1602351798128,9,348576.0,78656.0,slice_mixed,rome_slow_close,tr0,exp1,bs3,data/colosseum-oran-commag-dataset/slice_mixed/rome_slow_close/tr0/exp1/bs3/bs3.csv,427232.0
1602351798378,9,130496.0,28704.0,slice_mixed,rome_slow_close,tr0,exp1,bs3,data/colosseum-oran-commag-dataset/slice_mixed/rome_slow_close/tr0/exp1/bs3/bs3.csv,159200.0
1602351798628,9,128992.0,49120.0,slice_mixed,rome_slow_close,tr0,exp1,bs3,data/colosseum-oran-commag-dataset/slice_mixed/rome_slow_close/tr0/exp1/bs3/bs3.csv,178112.0
1602351798878,9,243456.0,159936.0,slice_mixed,rome_slow_close,tr0,exp1,bs3,data/colosseum-oran-commag-dataset/slice_mixed/rome_slow_close/tr0/exp1/bs3/bs3.csv,403392.0
1602351799128,9,214400.0,36992.0,slice_mixed,rome_slow_close,tr0,exp1,bs3,data/colosseum-oran-commag-dataset/slice_mixed/rome_slow_close/tr0/exp1/bs3/bs3.csv,251392.0
1602351799378,9,150656.0,46816.0,slice_mixed,rome_slow_close,tr0,exp1,bs3,data/colosseum-oran-commag-dataset/slice_mixed/rome_slow_close/tr0/exp1/bs3/bs3.csv,197472.0
1602351799628,9,174048.0,55808.0,slice_mixed,rome_slow_close,tr0,exp1,bs3,data/colosseum-oran-commag-dataset/slice_mixed/rome_slow_close/tr0/exp1/bs3/bs3.csv,229856.0
1602351799878,9,181312.0,126656.0,slice_mixed,rome_slow_close,tr0,exp1,bs3,data/colosseum-oran-commag-dataset/slice_mixed/rome_slow_close/tr0/exp1/bs3/bs3.csv,307968.0
1602351800128,9,200544.0,38368.0,slice_mixed,rome_slow_close,tr0,exp1,bs3,data/colosseum-oran-commag-dataset/slice_mixed/rome_slow_close/tr0/exp1/bs3/bs3.csv,238912.0
1602351800378,9,226848.0,30048.0,slice_mixed,rome_slow_close,tr0,exp1,bs3,data/colosseum-oran-commag-dataset/slice_mixed/rome_slow_close/tr0/exp1/bs3/bs3.csv,256896.0
1602351800628,9,133664.0,35232.0,slice_mixed,rome_slow_close,tr0,exp1,bs3,data/colosseum-oran-commag-dataset/slice_mixed/rome_slow_close/tr0/exp1/bs3/bs3.csv,168896.0
1602351800878,9,115665.34375,0.0,slice_mixed,rome_slow_close,tr0,exp1,bs3,data/colosseum-oran-commag-dataset/slice_mixed/rome_slow_close/tr0/exp1/bs3/bs3.csv,115665.34375
1602351801128,9,440416.0,222496.0,slice_mixed,rome_slow_close,tr0,exp1,bs3,data/colosseum-oran-commag-dataset/slice_mixed/rome_slow_close/tr0/exp1/bs3/bs3.csv,662912.0
1602351801378,9,199518.078125,25927.710938,slice_mixed,rome_slow_close,tr0,exp1,bs3,data/colosseum-oran-commag-dataset/slice_mixed/rome_slow_close/tr0/exp1/bs3/bs3.csv,225445.789063
1602351801628,9,213248.0,28992.0,slice_mixed,rome_slow_close,tr0,exp1,bs3,data/colosseum-oran-commag-dataset/slice_mixed/rome_slow_close/tr0/exp1/bs3/bs3.csv,242240.0
1602351801878,9,318752.0,98624.0,slice_mixed,rome_slow_close,tr0,exp1,bs3,data/colosseum-oran-commag-dataset/slice_mixed/rome_slow_close/tr0/exp1/bs3/bs3.csv,417376.0
1602351802128,9,249376.0,0.0,slice_mixed,rome_slow_close,tr0,exp1,bs3,data/colosseum-oran-commag-dataset/slice_mixed/rome_slow_close/tr0/exp1/bs3/bs3.csv,249376.0
1602351802378,9,242368.0,55296.0,slice_mixed,rome_slow_close,tr0,exp1,bs3,data/colosseum-oran-commag-dataset/slice_mixed/rome_slow_close/tr0/exp1/bs3/bs3.csv,297664.0
1602351802628,9,337728.0,43616.0,slice_mixed,rome_slow_close,tr0,exp1,bs3,data/colosseum-oran-commag-dataset/slice_mixed/rome_slow_close/tr0/exp1/bs3/bs3.csv,381344.0
1602351802878,9,344096.0,142464.0,slice_mixed,rome_slow_close,tr0,exp1,bs3,data/colosseum-oran-commag-dataset/slice_mixed/rome_slow_close/tr0/exp1/bs3/bs3.csv,486560.0
1602351803128,9,186272.0,17056.0,slice_mixed,rome_slow_close,tr0,exp1,bs3,data/colosseum-oran-commag-dataset/slice_mixed/rome_slow_close/tr0/exp1/bs3/bs3.csv,203328.0
1602351803378,9,355136.0,113376.0,slice_mixed,rome_slow_close,tr0,exp1,bs3,data/colosseum-oran-commag-dataset/slice_mixed/rome_slow_close/tr0/exp1/bs3/bs3.csv,468512.0
1602351803628,9,304480.0,0.0,slice_mixed,rome_slow_close,tr0,exp1,bs3,data/colosseum-oran-commag-dataset/slice_mixed/rome_slow_close/tr0/exp1/bs3/bs3.csv,304480.0
1602351803878,9,356320.0,41728.0,slice_mixed,rome_slow_close,tr0,exp1,bs3,data/colosseum-oran-commag-dataset/slice_mixed/rome_slow_close/tr0/exp1/bs3/bs3.csv,398048.0
1602351804128,9,244128.0,66688.0,slice_mixed,rome_slow_close,tr0,exp1,bs3,data/colosseum-oran-commag-dataset/slice_mixed/rome_slow_close/tr0/exp1/bs3/bs3.csv,310816.0
1602351804378,9,178400.0,86016.0,slice_mixed,rome_slow_close,tr0,exp1,bs3,data/colosseum-oran-commag-dataset/slice_mixed/rome_slow_close/tr0/exp1/bs3/bs3.csv,264416.0
1602351804628,9,138496.0,12480.0,slice_mixed,rome_slow_close,tr0,exp1,bs3,data/colosseum-oran-commag-dataset/slice_mixed/rome_slow_close/tr0/exp1/bs3/bs3.csv,150976.0
1602351804878,9,186400.0,147424.0,slice_mixed,rome_slow_close,tr0,exp1,bs3,data/colosseum-oran-commag-dataset/slice_mixed/rome_slow_close/tr0/exp1/bs3/bs3.csv,333824.0
1602351805128,9,141888.0,0.0,slice_mixed,rome_slow_close,tr0,exp1,bs3,data/colosseum-oran-commag-dataset/slice_mixed/rome_slow_close/tr0/exp1/bs3/bs3.csv,141888.0
1602351805378,9,260704.0,90656.0,slice_mixed,rome_slow_close,tr0,exp1,bs3,data/colosseum-oran-commag-dataset/slice_mixed/rome_slow_close/tr0/exp1/bs3/bs3.csv,351360.0
1602351805628,9,221632.0,17056.0,slice_mixed,rome_slow_close,tr0,exp1,bs3,data/colosseum-oran-commag-dataset/slice_mixed/rome_slow_close/tr0/exp1/bs3/bs3.csv,238688.0
1602351805878,9,547680.0,15520.0,slice_mixed,rome_slow_close,tr0,exp1,bs3,data/colosseum-oran-commag-dataset/slice_mixed/rome_slow_close/tr0/exp1/bs3/bs3.csv,563200.0
1602351806128,9,340192.0,39136.0,slice_mixed,rome_slow_close,tr0,exp1,bs3,data/colosseum-oran-commag-dataset/slice_mixed/rome_slow_close/tr0/exp1/bs3/bs3.csv,379328.0
1602351806378,9,251040.0,68800.0,slice_mixed,rome_slow_close,tr0,exp1,bs3,data/colosseum-oran-commag-dataset/slice_mixed/rome_slow_close/tr0/exp1/bs3/bs3.csv,319840.0
1602351806628,9,195552.0,90848.0,slice_mixed,rome_slow_close,tr0,exp1,bs3,data/colosseum-oran-commag-dataset/slice_mixed/rome_slow_close/tr0/exp1/bs3/bs3.csv,286400.0
1602351806878,9,283168.0,168288.0,slice_mixed,rome_slow_close,tr0,exp1,bs3,data/colosseum-oran-commag-dataset/slice_mixed/rome_slow_close/tr0/exp1/bs3/bs3.csv,451456.0
1602351807128,9,557568.0,44512.0,slice_mixed,rome_slow_close,tr0,exp1,bs3,data/colosseum-oran-commag-dataset/slice_mixed/rome_slow_close/tr0/exp1/bs3/bs3.csv,602080.0
1602351807378,9,728318.6875,27346.613281,slice_mixed,rome_slow_close,tr0,exp1,bs3,data/colosseum-oran-commag-dataset/slice_mixed/rome_slow_close/tr0/exp1/bs3/bs3.csv,755665.300781
1602351807628,9,359743.0,170313.25,slice_mixed,rome_slow_close,tr0,exp1,bs3,data/colosseum-oran-commag-dataset/slice_mixed/rome_slow_close/tr0/exp1/bs3/bs3.csv,530056.25
1602351807878,9,525376.0,37696.0,slice_mixed,rome_slow_close,tr0,exp1,bs3,data/colosseum-oran-commag-dataset/slice_mixed/rome_slow_close/tr0/exp1/bs3/bs3.csv,563072.0
1602351808128,9,566752.0,0.0,slice_mixed,rome_slow_close,tr0,exp1,bs3,data/colosseum-oran-commag-dataset/slice_mixed/rome_slow_close/tr0/exp1/bs3/bs3.csv,566752.0
1602351808378,9,456640.0,0.0,slice_mixed,rome_slow_close,tr0,exp1,bs3,data/colosseum-oran-commag-dataset/slice_mixed/rome_slow_close/tr0/exp1/bs3/bs3.csv,456640.0
1602351808628,9,319584.0,51136.0,slice_mixed,rome_slow_close,tr0,exp1,bs3,data/colosseum-oran-commag-dataset/slice_mixed/rome_slow_close/tr0/exp1/bs3/bs3.csv,370720.0
1602351808878,9,288992.0,30688.0,slice_mixed,rome_slow_close,tr0,exp1,bs3,data/colosseum-oran-commag-dataset/slice_mixed/rome_slow_close/tr0/exp1/bs3/bs3.csv,319680.0
1602351809128,9,247136.0,15680.0,slice_mixed,rome_slow_close,tr0,exp1,bs3,data/colosseum-oran-commag-dataset/slice_mixed/rome_slow_close/tr0/exp1/bs3/bs3.csv,262816.0
1602351809378,9,594464.0,54304.0,slice_mixed,rome_slow_close,tr0,exp1,bs3,data/colosseum-oran-commag-dataset/slice_mixed/rome_slow_close/tr0/exp1/bs3/bs3.csv,648768.0
1602351809628,9,189312.0,0.0,slice_mixed,rome_slow_close,tr0,exp1,bs3,data/colosseum-oran-commag-dataset/slice_mixed/rome_slow_close/tr0/exp1/bs3/bs3.csv,189312.0
1602351809878,9,389984.0,43168.0,slice_mixed,rome_slow_close,tr0,exp1,bs3,data/colosseum-oran-commag-dataset/slice_mixed/rome_slow_close/tr0/exp1/bs3/bs3.csv,433152.0
1602351810128,9,185984.0,0.0,slice_mixed,rome_slow_close,tr0,exp1,bs3,data/colosseum-oran-commag-dataset/slice_mixed/rome_slow_close/tr0/exp1/bs3/bs3.csv,185984.0
1602351810378,9,212736.0,38048.0,slice_mixed,rome_slow_close,tr0,exp1,bs3,data/colosseum-oran-commag-dataset/slice_mixed/rome_slow_close/tr0/exp1/bs3/bs3.csv,250784.0
1602351810628,9,229536.0,78912.0,slice_mixed,rome_slow_close,tr0,exp1,bs3,data/colosseum-oran-commag-dataset/slice_mixed/rome_slow_close/tr0/exp1/bs3/bs3.csv,308448.0
1602351810878,9,335072.0,34976.0,slice_mixed,rome_slow_close,tr0,exp1,bs3,data/colosseum-oran-commag-dataset/slice_mixed/rome_slow_close/tr0/exp1/bs3/bs3.csv,370048.0
1602351811128,9,193408.0,76224.0,slice_mixed,rome_slow_close,tr0,exp1,bs3,data/colosseum-oran-commag-dataset/slice_mixed/rome_slow_close/tr0/exp1/bs3/bs3.csv,269632.0
1602351811378,9,251520.0,48928.0,slice_mixed,rome_slow_close,tr0,exp1,bs3,data/colosseum-oran-commag-dataset/slice_mixed/rome_slow_close/tr0/exp1/bs3/bs3.csv,300448.0
1602351811628,9,216416.0,111328.0,slice_mixed,rome_slow_close,tr0,exp1,bs3,data/colosseum-oran-commag-dataset/slice_mixed/rome_slow_close/tr0/exp1/bs3/bs3.csv,327744.0
1602351811878,9,250336.0,97920.0,slice_mixed,rome_slow_close,tr0,exp1,bs3,data/colosseum-oran-commag-dataset/slice_mixed/rome_slow_close/tr0/exp1/bs3/bs3.csv,348256.0
1602351812165,8,403583.3125,33194.445312,slice_mixed,rome_slow_close,tr0,exp1,bs3,data/colosseum-oran-commag-dataset/slice_mixed/rome_slow_close/tr0/exp1/bs3/bs3.csv,436777.757812
1602351812378,8,757849.0625,33018.867188,slice_mixed,rome_slow_close,tr0,exp1,bs3,data/colosseum-oran-commag-dataset/slice_mixed/rome_slow_close/tr0/exp1/bs3/bs3.csv,790867.929688
1602351812628,8,573216.0,55072.0,slice_mixed,rome_slow_close,tr0,exp1,bs3,data/colosseum-oran-commag-dataset/slice_mixed/rome_slow_close/tr0/exp1/bs3/bs3.csv,628288.0
1602351812878,8,192704.0,23488.0,slice_mixed,rome_slow_close,tr0,exp1,bs3,data/colosseum-oran-commag-dataset/slice_mixed/rome_slow_close/tr0/exp1/bs3/bs3.csv,216192.0
1602351813128,8,173504.0,24256.0,slice_mixed,rome_slow_close,tr0,exp1,bs3,data/colosseum-oran-commag-dataset/slice_mixed/rome_slow_close/tr0/exp1/bs3/bs3.csv,197760.0
1602351813378,8,155968.0,21344.0,slice_mixed,rome_slow_close,tr0,exp1,bs3,data/colosseum-oran-commag-dataset/slice_mixed/rome_slow_close/tr0/exp1/bs3/bs3.csv,177312.0
1602351813628,8,493440.0,51296.0,slice_mixed,rome_slow_close,tr0,exp1,bs3,data/colosseum-oran-commag-dataset/slice_mixed/rome_slow_close/tr0/exp1/bs3/bs3.csv,544736.0
1602351813878,8,1103840.0,53952.0,slice_mixed,rome_slow_close,tr0,exp1,bs3,data/colosseum-oran-commag-dataset/slice_mixed/rome_slow_close/tr0/exp1/bs3/bs3.csv,1157792.0
1602351814128,8,235296.0,0.0,slice_mixed,rome_slow_close,tr0,exp1,bs3,data/colosseum-oran-commag-dataset/slice_mixed/rome_slow_close/tr0/exp1/bs3/bs3.csv,235296.0
1602351814378,8,166432.0,61888.0,slice_mixed,rome_slow_close,tr0,exp1,bs3,data/colosseum-oran-commag-dataset/slice_mixed/rome_slow_close/tr0/exp1/bs3/bs3.csv,228320.0
1602351814628,8,164448.0,15968.0,slice_mixed,rome_slow_close,tr0,exp1,bs3,data/colosseum-oran-commag-dataset/slice_mixed/rome_slow_close/tr0/exp1/bs3/bs3.csv,180416.0
1602351814878,8,226976.0,42048.0,slice_mixed,rome_slow_close,tr0,exp1,bs3,data/colosseum-oran-commag-dataset/slice_mixed/rome_slow_close/tr0/exp1/bs3/bs3.csv,269024.0
1602351815128,8,470560.0,113696.0,slice_mixed,rome_slow_close,tr0,exp1,bs3,data/colosseum-oran-commag-dataset/slice_mixed/rome_slow_close/tr0/exp1/bs3/bs3.csv,584256.0
1602351815378,8,313088.0,62048.0,slice_mixed,rome_slow_close,tr0,exp1,bs3,data/colosseum-oran-commag-dataset/slice_mixed/rome_slow_close/tr0/exp1/bs3/bs3.csv,375136.0
1602351815628,8,249856.0,49120.0,slice_mixed,rome_slow_close,tr0,exp1,bs3,data/colosseum-oran-commag-dataset/slice_mixed/rome_slow_close/tr0/exp1/bs3/bs3.csv,298976.0
1602351815878,8,235328.0,180928.0,slice_mixed,rome_slow_close,tr0,exp1,bs3,data/colosseum-oran-commag-dataset/slice_mixed/rome_slow_close/tr0/exp1/bs3/bs3.csv,416256.0
1602351816128,8,899040.0,0.0,slice_mixed,rome_slow_close,tr0,exp1,bs3,data/colosseum-oran-commag-dataset/slice_mixed/rome_slow_close/tr0/exp1/bs3/bs3.csv,899040.0
1602351816378,8,1270368.0,13952.0,slice_mixed,rome_slow_close,tr0,exp1,bs3,data/colosseum-oran-commag-dataset/slice_mixed/rome_slow_close/tr0/exp1/bs3/bs3.csv,1284320.0
1602351816628,8,275328.0,53152.0,slice_mixed,rome_slow_close,tr0,exp1,bs3,data/colosseum-oran-commag-dataset/slice_mixed/rome_slow_close/tr0/exp1/bs3/bs3.csv,328480.0
1602351816878,8,183424.0,81472.0,slice_mixed,rome_slow_close,tr0,exp1,bs3,data/colosseum-oran-commag-dataset/slice_mixed/rome_slow_close/tr0/exp1/bs3/bs3.csv,264896.0
1602351817128,8,253920.0,55008.0,slice_mixed,rome_slow_close,tr0,exp1,bs3,data/colosseum-oran-commag-dataset/slice_mixed/rome_slow_close/tr0/exp1/bs3/bs3.csv,308928.0
1602351817378,8,210688.0,151744.0,slice_mixed,rome_slow_close,tr0,exp1,bs3,data/colosseum-oran-commag-dataset/slice_mixed/rome_slow_close/tr0/exp1/bs3/bs3.csv,362432.0
1602351817628,8,243840.0,43232.0,slice_mixed,rome_slow_close,tr0,exp1,bs3,data/colosseum-oran-commag-dataset/slice_mixed/rome_slow_close/tr0/exp1/bs3/bs3.csv,287072.0
1602351817878,8,156608.0,43712.0,slice_mixed,rome_slow_close,tr0,exp1,bs3,data/colosseum-oran-commag-dataset/slice_mixed/rome_slow_close/tr0/exp1/bs3/bs3.csv,200320.0
1602351818128,8,334656.0,1568.0,slice_mixed,rome_slow_close,tr0,exp1,bs3,data/colosseum-oran-commag-dataset/slice_mixed/rome_slow_close/tr0/exp1/bs3/bs3.csv,336224.0
1602351818378,8,273824.0,106720.0,slice_mixed,rome_slow_close,tr0,exp1,bs3,data/colosseum-oran-commag-dataset/slice_mixed/rome_slow_close/tr0/exp1/bs3/bs3.csv,380544.0
1602351818628,8,270880.0,9888.0,slice_mixed,rome_slow_close,tr0,exp1,bs3,data/colosseum-oran-commag-dataset/slice_mixed/rome_slow_close/tr0/exp1/bs3/bs3.csv,280768.0
1602351818878,8,196640.0,12352.0,slice_mixed,rome_slow_close,tr0,exp1,bs3,data/colosseum-oran-commag-dataset/slice_mixed/rome_slow_close/tr0/exp1/bs3/bs3.csv,208992.0
1602351819128,8,225600.0,23488.0,slice_mixed,rome_slow_close,tr0,exp1,bs3,data/colosseum-oran-commag-dataset/slice_mixed/rome_slow_close/tr0/exp1/bs3/bs3.csv,249088.0
1602351819378,8,190176.0,34560.0,slice_mixed,rome_slow_close,tr0,exp1,bs3,data/colosseum-oran-commag-dataset/slice_mixed/rome_slow_close/tr0/exp1/bs3/bs3.csv,224736.0
1602351819628,8,258944.0,61152.0,slice_mixed,rome_slow_close,tr0,exp1,bs3,data/colosseum-oran-commag-dataset/slice_mixed/rome_slow_close/tr0/exp1/bs3/bs3.csv,320096.0
1602351819878,8,276960.0,25600.0,slice_mixed,rome_slow_close,tr0,exp1,bs3,data/colosseum-oran-commag-dataset/slice_mixed/rome_slow_close/tr0/exp1/bs3/bs3.csv,302560.0
1602351820128,8,253856.0,13920.0,slice_mixed,rome_slow_close,tr0,exp1,bs3,data/colosseum-oran-commag-dataset/slice_mixed/rome_slow_close/tr0/exp1/bs3/bs3.csv,267776.0
1602351820378,8,190208.0,173760.0,slice_mixed,rome_slow_close,tr0,exp1,bs3,data/colosseum-oran-commag-dataset/slice_mixed/rome_slow_close/tr0/exp1/bs3/bs3.csv,363968.0
1602351820628,8,171104.0,8480.0,slice_mixed,rome_slow_close,tr0,exp1,bs3,data/colosseum-oran-commag-dataset/slice_mixed/rome_slow_close/tr0/exp1/bs3/bs3.csv,179584.0
1602351820878,8,220000.0,110208.0,slice_mixed,rome_slow_close,tr0,exp1,bs3,data/colosseum-oran-commag-dataset/slice_mixed/rome_slow_close/tr0/exp1/bs3/bs3.csv,330208.0
1602351821128,8,195136.0,1568.0,slice_mixed,rome_slow_close,tr0,exp1,bs3,data/colosseum-oran-commag-dataset/slice_mixed/rome_slow_close/tr0/exp1/bs3/bs3.csv,196704.0
1602351821378,8,168064.0,66784.0,slice_mixed,rome_slow_close,tr0,exp1,bs3,data/colosseum-oran-commag-dataset/slice_mixed/rome_slow_close/tr0/exp1/bs3/bs3.csv,234848.0
1602351821628,8,199616.0,58368.0,slice_mixed,rome_slow_close,tr0,exp1,bs3,data/colosseum-oran-commag-dataset/slice_mixed/rome_slow_close/tr0/exp1/bs3/bs3.csv,257984.0
1602351821878,8,172672.0,104032.0,slice_mixed,rome_slow_close,tr0,exp1,bs3,data/colosseum-oran-commag-dataset/slice_mixed/rome_slow_close/tr0/exp1/bs3/bs3.csv,276704.0
1602351822128,8,167392.0,4704.0,slice_mixed,rome_slow_close,tr0,exp1,bs3,data/colosseum-oran-commag-dataset/slice_mixed/rome_slow_close/tr0/exp1/bs3/bs3.csv,172096.0
1602351822378,8,198112.0,115296.0,slice_mixed,rome_slow_close,tr0,exp1,bs3,data/colosseum-oran-commag-dataset/slice_mixed/rome_slow_close/tr0/exp1/bs3/bs3.csv,313408.0
1602351822628,8,150528.0,25696.0,slice_mixed,rome_slow_close,tr0,exp1,bs3,data/colosseum-oran-commag-dataset/slice_mixed/rome_slow_close/tr0/exp1/bs3/bs3.csv,176224.0
1602351822878,8,223040.0,33824.0,slice_mixed,rome_slow_close,tr0,exp1,bs3,data/colosseum-oran-commag-dataset/slice_mixed/rome_slow_close/tr0/exp1/bs3/bs3.csv,256864.0
1602351823128,8,167168.0,13504.0,slice_mixed,rome_slow_close,tr0,exp1,bs3,data/colosseum-oran-commag-dataset/slice_mixed/rome_slow_close/tr0/exp1/bs3/bs3.csv,180672.0
1602351823378,8,230976.0,97664.0,slice_mixed,rome_slow_close,tr0,exp1,bs3,data/colosseum-oran-commag-dataset/slice_mixed/rome_slow_close/tr0/exp1/bs3/bs3.csv,328640.0
1602351823628,8,193600.0,0.0,slice_mixed,rome_slow_close,tr0,exp1,bs3,data/colosseum-oran-commag-dataset/slice_mixed/rome_slow_close/tr0/exp1/bs3/bs3.csv,193600.0
1602351823878,8,268064.0,113728.0,slice_mixed,rome_slow_close,tr0,exp1,bs3,data/colosseum-oran-commag-dataset/slice_mixed/rome_slow_close/tr0/exp1/bs3/bs3.csv,381792.0
1602351824128,8,263264.0,0.0,slice_mixed,rome_slow_close,tr0,exp1,bs3,data/colosseum-oran-commag-dataset/slice_mixed/rome_slow_close/tr0/exp1/bs3/bs3.csv,263264.0
1602351824378,8,234592.0,116416.0,slice_mixed,rome_slow_close,tr0,exp1,bs3,data/colosseum-oran-commag-dataset/slice_mixed/rome_slow_close/tr0/exp1/bs3/bs3.csv,351008.0
1602351824628,8,217984.0,74880.0,slice_mixed,rome_slow_close,tr0,exp1,bs3,data/colosseum-oran-commag-dataset/slice_mixed/rome_slow_close/tr0/exp1/bs3/bs3.csv,292864.0
1602351824878,8,348320.0,23008.0,slice_mixed,rome_slow_close,tr0,exp1,bs3,data/colosseum-oran-commag-dataset/slice_mixed/rome_slow_close/tr0/exp1/bs3/bs3.csv,371328.0
1602351825128,8,683712.0,43360.0,slice_mixed,rome_slow_close,tr0,exp1,bs3,data/colosseum-oran-commag-dataset/slice_mixed/rome_slow_close/tr0/exp1/bs3/bs3.csv,727072.0
1602351825378,8,1136064.0,30944.0,slice_mixed,rome_slow_close,tr0,exp1,bs3,data/colosseum-oran-commag-dataset/slice_mixed/rome_slow_close/tr0/exp1/bs3/bs3.csv,1167008.0
1602351825628,8,846304.0,63392.0,slice_mixed,rome_slow_close,tr0,exp1,bs3,data/colosseum-oran-commag-dataset/slice_mixed/rome_slow_close/tr0/exp1/bs3/bs3.csv,909696.0
1602351825878,8,220448.0,41856.0,slice_mixed,rome_slow_close,tr0,exp1,bs3,data/colosseum-oran-commag-dataset/slice_mixed/rome_slow_close/tr0/exp1/bs3/bs3.csv,262304.0
1602351826128,8,206848.0,67520.0,slice_mixed,rome_slow_close,tr0,exp1,bs3,data/colosseum-oran-commag-dataset/slice_mixed/rome_slow_close/tr0/exp1/bs3/bs3.csv,274368.0
1602351826378,8,152672.0,82528.0,slice_mixed,rome_slow_close,tr0,exp1,bs3,data/colosseum-oran-commag-dataset/slice_mixed/rome_slow_close/tr0/exp1/bs3/bs3.csv,235200.0
1602351826628,8,120160.0,1568.0,slice_mixed,rome_slow_close,tr0,exp1,bs3,data/colosseum-oran-commag-dataset/slice_mixed/rome_slow_close/tr0/exp1/bs3/bs3.csv,121728.0
1602351826878,8,245600.0,38688.0,slice_mixed,rome_slow_close,tr0,exp1,bs3,data/colosseum-oran-commag-dataset/slice_mixed/rome_slow_close/tr0/exp1/bs3/bs3.csv,284288.0
1602351827128,8,176960.0,1568.0,slice_mixed,rome_slow_close,tr0,exp1,bs3,data/colosseum-oran-commag-dataset/slice_mixed/rome_slow_close/tr0/exp1/bs3/bs3.csv,178528.0
1602351827378,8,169760.0,91424.0,slice_mixed,rome_slow_close,tr0,exp1,bs3,data/colosseum-oran-commag-dataset/slice_mixed/rome_slow_close/tr0/exp1/bs3/bs3.csv,261184.0
1602351827628,8,178112.0,0.0,slice_mixed,rome_slow_close,tr0,exp1,bs3,data/colosseum-oran-commag-dataset/slice_mixed/rome_slow_close/tr0/exp1/bs3/bs3.csv,178112.0
1602351827878,8,181216.0,0.0,slice_mixed,rome_slow_close,tr0,exp1,bs3,data/colosseum-oran-commag-dataset/slice_mixed/rome_slow_close/tr0/exp1/bs3/bs3.csv,181216.0
1602351828128,8,218176.0,29440.0,slice_mixed,rome_slow_close,tr0,exp1,bs3,data/colosseum-oran-commag-dataset/slice_mixed/rome_slow_close/tr0/exp1/bs3/bs3.csv,247616.0
1602351828378,8,152896.0,92960.0,slice_mixed,rome_slow_close,tr0,exp1,bs3,data/colosseum-oran-commag-dataset/slice_mixed/rome_slow_close/tr0/exp1/bs3/bs3.csv,245856.0
1602351828628,8,214144.0,0.0,slice_mixed,rome_slow_close,tr0,exp1,bs3,data/colosseum-oran-commag-dataset/slice_mixed/rome_slow_close/tr0/exp1/bs3/bs3.csv,214144.0
1602351828878,8,209952.0,80960.0,slice_mixed,rome_slow_close,tr0,exp1,bs3,data/colosseum-oran-commag-dataset/slice_mixed/rome_slow_close/tr0/exp1/bs3/bs3.csv,290912.0
1602351829128,8,151200.0,26336.0,slice_mixed,rome_slow_close,tr0,exp1,bs3,data/colosseum-oran-commag-dataset/slice_mixed/rome_slow_close/tr0/exp1/bs3/bs3.csv,177536.0
1602351829378,8,357664.0,45504.0,slice_mixed,rome_slow_close,tr0,exp1,bs3,data/colosseum-oran-commag-dataset/slice_mixed/rome_slow_close/tr0/exp1/bs3/bs3.csv,403168.0
1602351829628,8,713920.0,0.0,slice_mixed,rome_slow_close,tr0,exp1,bs3,data/colosseum-oran-commag-dataset/slice_mixed/rome_slow_close/tr0/exp1/bs3/bs3.csv,713920.0
1602351829878,8,448320.0,39808.0,slice_mixed,rome_slow_close,tr0,exp1,bs3,data/colosseum-oran-commag-dataset/slice_mixed/rome_slow_close/tr0/exp1/bs3/bs3.csv,488128.0
1602351830128,8,187584.0,1568.0,slice_mixed,rome_slow_close,tr0,exp1,bs3,data/colosseum-oran-commag-dataset/slice_mixed/rome_slow_close/tr0/exp1/bs3/bs3.csv,189152.0
1602351830378,8,203680.0,97216.0,slice_mixed,rome_slow_close,tr0,exp1,bs3,data/colosseum-oran-commag-dataset/slice_mixed/rome_slow_close/tr0/exp1/bs3/bs3.csv,300896.0
1602351830628,8,170720.0,14784.0,slice_mixed,rome_slow_close,tr0,exp1,bs3,data/colosseum-oran-commag-dataset/slice_mixed/rome_slow_close/tr0/exp1/bs3/bs3.csv,185504.0
1602351830878,8,130720.0,0.0,slice_mixed,rome_slow_close,tr0,exp1,bs3,data/colosseum-oran-commag-dataset/slice_mixed/rome_slow_close/tr0/exp1/bs3/bs3.csv,130720.0
1602351831128,8,214304.0,34016.0,slice_mixed,rome_slow_close,tr0,exp1,bs3,data/colosseum-oran-commag-dataset/slice_mixed/rome_slow_close/tr0/exp1/bs3/bs3.csv,248320.0
1602351831378,8,206816.0,71840.0,slice_mixed,rome_slow_close,tr0,exp1,bs3,data/colosseum-oran-commag-dataset/slice_mixed/rome_slow_close/tr0/exp1/bs3/bs3.csv,278656.0
1602351831628,8,176992.0,4160.0,slice_mixed,rome_slow_close,tr0,exp1,bs3,data/colosseum-oran-commag-dataset/slice_mixed/rome_slow_close/tr0/exp1/bs3/bs3.csv,181152.0
1602351831878,8,223392.0,53056.0,slice_mixed,rome_slow_close,tr0,exp1,bs3,data/colosseum-oran-commag-dataset/slice_mixed/rome_slow_close/tr0/exp1/bs3/bs3.csv,276448.0
1602351832128,8,197984.0,0.0,slice_mixed,rome_slow_close,tr0,exp1,bs3,data/colosseum-oran-commag-dataset/slice_mixed/rome_slow_close/tr0/exp1/bs3/bs3.csv,197984.0
1602351832378,8,105600.0,71392.0,slice_mixed,rome_slow_close,tr0,exp1,bs3,data/colosseum-oran-commag-dataset/slice_mixed/rome_slow_close/tr0/exp1/bs3/bs3.csv,176992.0
1602351832628,8,214880.0,36576.0,slice_mixed,rome_slow_close,tr0,exp1,bs3,data/colosseum-oran-commag-dataset/slice_mixed/rome_slow_close/tr0/exp1/bs3/bs3.csv,251456.0
1602351832878,8,125568.0,29920.0,slice_mixed,rome_slow_close,tr0,exp1,bs3,data/colosseum-oran-commag-dataset/slice_mixed/rome_slow_close/tr0/exp1/bs3/bs3.csv,155488.0
1602351833128,8,98592.0,2592.0,slice_mixed,rome_slow_close,tr0,exp1,bs3,data/colosseum-oran-commag-dataset/slice_mixed/rome_slow_close/tr0/exp1/bs3/bs3.csv,101184.0
1602351833378,8,266112.0,26336.0,slice_mixed,rome_slow_close,tr0,exp1,bs3,data/colosseum-oran-commag-dataset/slice_mixed/rome_slow_close/tr0/exp1/bs3/bs3.csv,292448.0
1602351833628,8,344864.0,2592.0,slice_mixed,rome_slow_close,tr0,exp1,bs3,data/colosseum-oran-commag-dataset/slice_mixed/rome_slow_close/tr0/exp1/bs3/bs3.csv,347456.0
1602351833878,8,287904.0,46976.0,slice_mixed,rome_slow_close,tr0,exp1,bs3,data/colosseum-oran-commag-dataset/slice_mixed/rome_slow_close/tr0/exp1/bs3/bs3.csv,334880.0
1602351834128,8,138496.0,69024.0,slice_mixed,rome_slow_close,tr0,exp1,bs3,data/colosseum-oran-commag-dataset/slice_mixed/rome_slow_close/tr0/exp1/bs3/bs3.csv,207520.0
1602351834378,8,311936.0,31296.0,slice_mixed,rome_slow_close,tr0,exp1,bs3,data/colosseum-oran-commag-dataset/slice_mixed/rome_slow_close/tr0/exp1/bs3/bs3.csv,343232.0
1602351834628,8,114880.0,56608.0,slice_mixed,rome_slow_close,tr0,exp1,bs3,data/colosseum-oran-commag-dataset/slice_mixed/rome_slow_close/tr0/exp1/bs3/bs3.csv,171488.0
1602351834878,8,117312.0,0.0,slice_mixed,rome_slow_close,tr0,exp1,bs3,data/colosseum-oran-commag-dataset/slice_mixed/rome_slow_close/tr0/exp1/bs3/bs3.csv,117312.0
1602351835128,8,279200.0,202848.0,slice_mixed,rome_slow_close,tr0,exp1,bs3,data/colosseum-oran-commag-dataset/slice_mixed/rome_slow_close/tr0/exp1/bs3/bs3.csv,482048.0
1602351835378,8,379936.0,50176.0,slice_mixed,rome_slow_close,tr0,exp1,bs3,data/colosseum-oran-commag-dataset/slice_mixed/rome_slow_close/tr0/exp1/bs3/bs3.csv,430112.0
1602351835628,8,179776.0,76768.0,slice_mixed,rome_slow_close,tr0,exp1,bs3,data/colosseum-oran-commag-dataset/slice_mixed/rome_slow_close/tr0/exp1/bs3/bs3.csv,256544.0
1602351835878,8,231456.0,86048.0,slice_mixed,rome_slow_close,tr0,exp1,bs3,data/colosseum-oran-commag-dataset/slice_mixed/rome_slow_close/tr0/exp1/bs3/bs3.csv,317504.0
1602351836128,8,209024.0,0.0,slice_mixed,rome_slow_close,tr0,exp1,bs3,data/colosseum-oran-commag-dataset/slice_mixed/rome_slow_close/tr0/exp1/bs3/bs3.csv,209024.0
1602351836378,8,243072.0,116448.0,slice_mixed,rome_slow_close,tr0,exp1,bs3,data/colosseum-oran-commag-dataset/slice_mixed/rome_slow_close/tr0/exp1/bs3/bs3.csv,359520.0
1602351836628,8,186848.0,23232.0,slice_mixed,rome_slow_close,tr0,exp1,bs3,data/colosseum-oran-commag-dataset/slice_mixed/rome_slow_close/tr0/exp1/bs3/bs3.csv,210080.0
1602351836878,8,227776.0,8512.0,slice_mixed,rome_slow_close,tr0,exp1,bs3,data/colosseum-oran-commag-dataset/slice_mixed/rome_slow_close/tr0/exp1/bs3/bs3.csv,236288.0
1602351837128,8,178432.0,121728.0,slice_mixed,rome_slow_close,tr0,exp1,bs3,data/colosseum-oran-commag-dataset/slice_mixed/rome_slow_close/tr0/exp1/bs3/bs3.csv,300160.0
1602351837378,8,234528.0,75200.0,slice_mixed,rome_slow_close,tr0,exp1,bs3,data/colosseum-oran-commag-dataset/slice_mixed/rome_slow_close/tr0/exp1/bs3/bs3.csv,309728.0
1602351837628,8,265440.0,57152.0,slice_mixed,rome_slow_close,tr0,exp1,bs3,data/colosseum-oran-commag-dataset/slice_mixed/rome_slow_close/tr0/exp1/bs3/bs3.csv,322592.0
1602351837878,8,263872.0,0.0,slice_mixed,rome_slow_close,tr0,exp1,bs3,data/colosseum-oran-commag-dataset/slice_mixed/rome_slow_close/tr0/exp1/bs3/bs3.csv,263872.0
1602351838128,8,208064.0,0.0,slice_mixed,rome_slow_close,tr0,exp1,bs3,data/colosseum-oran-commag-dataset/slice_mixed/rome_slow_close/tr0/exp1/bs3/bs3.csv,208064.0
1602351838378,8,279584.0,127840.0,slice_mixed,rome_slow_close,tr0,exp1,bs3,data/colosseum-oran-commag-dataset/slice_mixed/rome_slow_close/tr0/exp1/bs3/bs3.csv,407424.0
1602351838628,8,351904.0,31872.0,slice_mixed,rome_slow_close,tr0,exp1,bs3,data/colosseum-oran-commag-dataset/slice_mixed/rome_slow_close/tr0/exp1/bs3/bs3.csv,383776.0
1602351838878,8,361408.0,34688.0,slice_mixed,rome_slow_close,tr0,exp1,bs3,data/colosseum-oran-commag-dataset/slice_mixed/rome_slow_close/tr0/exp1/bs3/bs3.csv,396096.0
1602351839128,8,219040.0,21312.0,slice_mixed,rome_slow_close,tr0,exp1,bs3,data/colosseum-oran-commag-dataset/slice_mixed/rome_slow_close/tr0/exp1/bs3/bs3.csv,240352.0
1602351839378,8,168832.0,75872.0,slice_mixed,rome_slow_close,tr0,exp1,bs3,data/colosseum-oran-commag-dataset/slice_mixed/rome_slow_close/tr0/exp1/bs3/bs3.csv,244704.0
1602351839628,8,129312.0,0.0,slice_mixed,rome_slow_close,tr0,exp1,bs3,data/colosseum-oran-commag-dataset/slice_mixed/rome_slow_close/tr0/exp1/bs3/bs3.csv,129312.0
1602351839878,8,172416.0,30208.0,slice_mixed,rome_slow_close,tr0,exp1,bs3,data/colosseum-oran-commag-dataset/slice_mixed/rome_slow_close/tr0/exp1/bs3/bs3.csv,202624.0
1602351840128,8,240960.0,16672.0,slice_mixed,rome_slow_close,tr0,exp1,bs3,data/colosseum-oran-commag-dataset/slice_mixed/rome_slow_close/tr0/exp1/bs3/bs3.csv,257632.0
1602351840378,8,273088.0,86816.0,slice_mixed,rome_slow_close,tr0,exp1,bs3,data/colosseum-oran-commag-dataset/slice_mixed/rome_slow_close/tr0/exp1/bs3/bs3.csv,359904.0
1602351840628,8,335488.0,19296.0,slice_mixed,rome_slow_close,tr0,exp1,bs3,data/colosseum-oran-commag-dataset/slice_mixed/rome_slow_close/tr0/exp1/bs3/bs3.csv,354784.0
1602351840878,8,536672.0,0.0,slice_mixed,rome_slow_close,tr0,exp1,bs3,data/colosseum-oran-commag-dataset/slice_mixed/rome_slow_close/tr0/exp1/bs3/bs3.csv,536672.0
1602351841128,8,288704.0,4256.0,slice_mixed,rome_slow_close,tr0,exp1,bs3,data/colosseum-oran-commag-dataset/slice_mixed/rome_slow_close/tr0/exp1/bs3/bs3.csv,292960.0
1602351841378,8,618208.0,126784.0,slice_mixed,rome_slow_close,tr0,exp1,bs3,data/colosseum-oran-commag-dataset/slice_mixed/rome_slow_close/tr0/exp1/bs3/bs3.csv,744992.0
