topology_id,benchmark,pool_type,constraint_mode,avg_reward,std_reward,avg_cost,std_cost,valid_rate,structural_validity_rate_at_reset,strict_feasible_rate_at_reset,avg_processing_cost,avg_routing_cost,avg_reconfiguration_cost,avg_sla_penalty,split_s1_pct,split_s2_pct,split_s3_pct,split_s4_pct
paper_large_balanced_train_a,paper_large,train,legacy,37.87379504323188,0.02699063495220496,740.1396338992647,3.9104458078803974,1.0,1.0,0.0,357.76689957512747,26.46657823388494,0.0,355.9061554908752,0.390625,0.28125,0.28125,0.046875
paper_large_clustered_train_b,paper_large,train,legacy,38.14489036919552,0.031159532643503567,701.6930848439536,4.237031671877174,1.0,1.0,0.0,350.61274824672273,20.572540652551943,0.0,330.50779514312745,0.421875,0.28125,0.296875,0.0
paper_large_sparse_test_a,paper_large,test,legacy,38.19574208221504,0.030797785284085825,694.6462356037564,4.110672191353746,1.0,1.0,0.0,350.61274824672273,19.42750871061303,0.0,324.60597885449727,0.40625,0.28125,0.296875,0.015625
paper_large_direct_test_b,paper_large,test,legacy,38.43227414588237,0.03228996569526885,663.3800083372329,4.054627535497954,1.0,1.0,0.0,350.61274824672273,15.903672254479044,0.0,296.86358761257594,0.390625,0.28125,0.296875,0.03125
